timestamp,household_id,load_kw
2013-08-04 05:30:00,IIITD_H01,0.423507088091354
2013-08-04 05:45:00,IIITD_H01,0.425328
2013-08-04 06:00:00,IIITD_H01,0.4308936661367249
2013-08-04 06:15:00,IIITD_H01,1.7966531614583334
2013-08-04 06:30:00,IIITD_H01,1.7539048680926916
2013-08-04 06:45:00,IIITD_H01,0.4375862440677966
2013-08-04 07:00:00,IIITD_H01,0.4541386938110749
2013-08-04 07:15:00,IIITD_H01,0.4548628
2013-08-04 07:30:00,IIITD_H01,0.35516397168141595
2013-08-04 07:45:00,IIITD_H01,0.29142905555555554
2013-08-04 08:00:00,IIITD_H01,0.28249182456140354
2013-08-04 08:15:00,IIITD_H01,0.42956255393053017
2013-08-04 08:30:00,IIITD_H01,0.2319632956521739
2013-08-04 08:45:00,IIITD_H01,0.24453176842105262
2013-08-04 09:00:00,IIITD_H01,0.2336640035211268
2013-08-04 09:15:00,IIITD_H01,0.25263128723404255
2013-08-04 09:30:00,IIITD_H01,0.2278151612903226
2013-08-04 09:45:00,IIITD_H01,0.24566507272727273
2013-08-04 10:00:00,IIITD_H01,0.22370039943342776
2013-08-04 10:15:00,IIITD_H01,0.5220840926193921
2013-08-04 10:30:00,IIITD_H01,0.7397484090909091
2013-08-04 10:45:00,IIITD_H01,0.7199074061583578
2013-08-04 11:00:00,IIITD_H01,0.6838882542613637
2013-08-04 11:15:00,IIITD_H01,0.5740633439306358
2013-08-04 11:30:00,IIITD_H01,0.37074002222222224
2013-08-04 12:15:00,IIITD_H01,0.4625868997821351
2013-08-04 12:30:00,IIITD_H01,1.4648398472622477
2013-08-04 12:45:00,IIITD_H01,1.748395649484536
2013-08-04 13:00:00,IIITD_H01,2.4561222998544396
2013-08-04 13:15:00,IIITD_H01,3.002888568740955
2013-08-04 13:30:00,IIITD_H01,0.2505154067547724
2013-08-04 13:45:00,IIITD_H01,0.25787724927113703
2013-08-04 14:00:00,IIITD_H01,0.5509500088365243
2013-08-04 14:15:00,IIITD_H01,0.267588646971935
2013-08-04 14:30:00,IIITD_H01,0.23367888217967597
2013-08-04 14:45:00,IIITD_H01,0.571689118263473
2013-08-04 15:00:00,IIITD_H01,2.0395802130177514
2013-08-04 15:15:00,IIITD_H01,2.510730960812772
2013-08-04 15:30:00,IIITD_H01,0.585985044576523
2013-08-04 15:45:00,IIITD_H01,0.6048137510853835
2013-08-04 16:00:00,IIITD_H01,0.6340642107623319
2013-08-04 16:15:00,IIITD_H01,0.5081862898975109
2013-08-04 16:30:00,IIITD_H01,0.5587723234859675
2013-08-04 16:45:00,IIITD_H01,0.5690724639769452
2013-08-04 17:00:00,IIITD_H01,0.6402190753323486
2013-08-04 17:15:00,IIITD_H01,0.4457206533333333
2013-08-04 17:30:00,IIITD_H01,0.4995888905109489
2013-08-04 17:45:00,IIITD_H01,0.5359168
2013-08-04 18:00:00,IIITD_H01,0.5418199590643274
2013-08-04 18:15:00,IIITD_H01,0.4735354495677233
2013-08-04 18:30:00,IIITD_H01,0.4994787463976946
2013-08-04 18:45:00,IIITD_H01,0.6793235565217391
2013-08-04 19:00:00,IIITD_H01,0.6671366306569343
2013-08-04 19:15:00,IIITD_H01,0.6545125716332378
2013-08-04 19:30:00,IIITD_H01,0.5607287086956522
2013-08-04 19:45:00,IIITD_H01,0.6335975950653121
2013-08-04 20:00:00,IIITD_H01,0.5656664398216938
2013-08-04 20:15:00,IIITD_H01,0.5139626519174041
2013-08-04 20:30:00,IIITD_H01,1.3805870103092783
2013-08-04 20:45:00,IIITD_H01,2.3852681268436577
2013-08-04 21:00:00,IIITD_H01,4.235501893491124
2013-08-04 21:15:00,IIITD_H01,4.279920645645646
2013-08-04 21:30:00,IIITD_H01,3.424927391304348
2013-08-04 21:45:00,IIITD_H01,3.7612203235747304
2013-08-04 22:00:00,IIITD_H01,3.7747292663476877
2013-08-04 22:15:00,IIITD_H01,2.767286917688266
2013-08-04 22:30:00,IIITD_H01,1.3112498752293578
2013-08-04 22:45:00,IIITD_H01,0.5000015404411764
2013-08-04 23:00:00,IIITD_H01,0.48413304356060605
2013-08-04 23:15:00,IIITD_H01,0.48532890796019906
2013-08-04 23:30:00,IIITD_H01,0.44108174422735347
2013-08-04 23:45:00,IIITD_H01,0.426127951171875
2013-08-05 00:00:00,IIITD_H01,0.4229247477797513
2013-08-05 00:15:00,IIITD_H01,0.4235877973640857
2013-08-05 00:30:00,IIITD_H01,0.4249004210526316
2013-08-05 00:45:00,IIITD_H01,0.42485134980237155
2013-08-05 01:00:00,IIITD_H01,1.366248451785714
2013-08-05 01:15:00,IIITD_H01,1.9091985980392157
2013-08-05 01:30:00,IIITD_H01,1.9192996214689266
2013-08-05 01:45:00,IIITD_H01,1.534416766798419
2013-08-05 02:00:00,IIITD_H01,1.6200015329566855
2013-08-05 02:15:00,IIITD_H01,1.379825747591522
2013-08-05 02:30:00,IIITD_H01,0.4216673294117647
2013-08-05 02:45:00,IIITD_H01,0.3847856742857143
2013-08-05 03:00:00,IIITD_H01,0.3842637874762808
2013-08-05 03:15:00,IIITD_H01,0.38618890552584667
2013-08-05 03:30:00,IIITD_H01,0.39203655280528055
2013-08-05 03:45:00,IIITD_H01,0.39217395065789473
2013-08-05 04:00:00,IIITD_H01,0.39201264126984126
2013-08-05 04:15:00,IIITD_H01,0.39000704012345677
2013-08-05 04:30:00,IIITD_H01,0.3893971350148368
2013-08-05 04:45:00,IIITD_H01,0.38992863649635034
2013-08-05 05:00:00,IIITD_H01,0.39295093623188404
2013-08-05 05:15:00,IIITD_H01,0.3906193347763348
2013-08-05 05:30:00,IIITD_H01,0.3854916516034985
2013-08-05 05:45:00,IIITD_H01,0.3873447637444279
2013-08-05 06:00:00,IIITD_H01,0.3907768026124819
2013-08-05 06:15:00,IIITD_H01,0.38960530058651033
2013-08-05 06:30:00,IIITD_H01,0.3940614799426934
2013-08-05 06:45:00,IIITD_H01,0.3951818248914617
2013-08-05 07:00:00,IIITD_H01,0.3517845776487663
2013-08-05 07:15:00,IIITD_H01,0.3638252496371553
2013-08-05 07:30:00,IIITD_H01,0.531473125
2013-08-05 07:45:00,IIITD_H01,0.415808525325615
2013-08-05 08:00:00,IIITD_H01,0.3647707781021898
2013-08-05 08:15:00,IIITD_H01,0.33118470402298855
2013-08-05 08:30:00,IIITD_H01,0.36627073088235296
2013-08-05 08:45:00,IIITD_H01,0.3544461085714286
2013-08-05 09:00:00,IIITD_H01,0.41043724789915964
2013-08-05 09:15:00,IIITD_H01,0.35579458629776023
2013-08-05 09:30:00,IIITD_H01,0.27553816028368794
2013-08-05 09:45:00,IIITD_H01,0.2922203087621697
2013-08-05 10:00:00,IIITD_H01,0.28434975923392614
2013-08-05 10:15:00,IIITD_H01,0.28805849725274724
2013-08-05 10:30:00,IIITD_H01,0.2773532896935933
2013-08-05 10:45:00,IIITD_H01,0.26973642253521124
2013-08-05 11:00:00,IIITD_H01,0.35459180582524275
2013-08-05 11:15:00,IIITD_H01,0.327713979253112
2013-08-05 11:30:00,IIITD_H01,0.3652394281767956
2013-08-05 11:45:00,IIITD_H01,0.35388233515731876
2013-08-05 12:00:00,IIITD_H01,0.34624303392130257
2013-08-05 12:15:00,IIITD_H01,0.30431144952893674
2013-08-05 12:30:00,IIITD_H01,0.19898437799717913
2013-08-05 12:45:00,IIITD_H01,0.4384840488826816
2013-08-05 13:00:00,IIITD_H01,0.7363617695590328
2013-08-05 13:15:00,IIITD_H01,0.8097829985507247
2013-08-05 13:30:00,IIITD_H01,0.7852551943262411
2013-08-05 13:45:00,IIITD_H01,0.7772816113537119
2013-08-05 14:00:00,IIITD_H01,0.7424972257142858
2013-08-05 14:15:00,IIITD_H01,0.5755655294964028
2013-08-05 14:30:00,IIITD_H01,0.6240749468390804
2013-08-05 14:45:00,IIITD_H01,0.6077277423580786
2013-08-05 15:00:00,IIITD_H01,0.539266011461318
2013-08-05 15:15:00,IIITD_H01,0.44988833526850514
2013-08-05 15:30:00,IIITD_H01,0.37953118884120174
2013-08-05 15:45:00,IIITD_H01,0.3563276457142857
2013-08-05 16:00:00,IIITD_H01,0.36927588748241913
2013-08-05 16:15:00,IIITD_H01,0.3786349171195652
2013-08-05 16:30:00,IIITD_H01,0.3651309832402235
2013-08-05 16:45:00,IIITD_H01,0.36711445244565216
2013-08-05 17:00:00,IIITD_H01,0.37060877914951995
2013-08-05 17:15:00,IIITD_H01,0.36731294839609485
2013-08-05 17:30:00,IIITD_H01,0.36476264392905866
2013-08-05 17:45:00,IIITD_H01,0.5176116005434782
2013-08-05 18:00:00,IIITD_H01,0.41419455433287483
2013-08-05 18:15:00,IIITD_H01,0.37889589136490254
2013-08-05 18:30:00,IIITD_H01,0.6739434553191489
2013-08-05 18:45:00,IIITD_H01,0.4886189433701657
2013-08-05 19:00:00,IIITD_H01,0.4117076853932584
2013-08-05 19:15:00,IIITD_H01,0.42881603883495145
2013-08-05 19:30:00,IIITD_H01,0.7131478521229868
2013-08-05 19:45:00,IIITD_H01,0.6258818961424333
2013-08-05 20:00:00,IIITD_H01,0.5318538350364964
2013-08-05 20:15:00,IIITD_H01,0.477296490990991
2013-08-05 20:30:00,IIITD_H01,0.5304182180451128
2013-08-05 20:45:00,IIITD_H01,0.5712475120192309
2013-08-05 21:00:00,IIITD_H01,0.6233998228571429
