household_id,customer_id,generator_capacity_kw,postcode
H001,6,2.0,2230
H002,7,2.16,2259
H003,8,1.02,2126
H004,10,1.05,2262
H005,11,2.04,2026
H006,16,3.33,2208
H007,17,1.85,2229
H008,18,1.57,2085
H009,20,1.57,2259
H010,23,1.5,2263
H011,25,1.02,2285
H012,26,1.02,2300
H013,31,1.53,2025
H014,34,1.0,2082
H015,38,1.05,2259
H016,43,1.44,2205
H017,46,1.36,2126
H018,47,1.02,2290
H019,57,2.1,2295
H020,58,1.0,2261
H021,60,1.4,2190
H022,61,2.0,2261
H023,64,1.5,2259
H024,67,2.96,2259
H025,68,1.48,2282
H026,69,2.04,2261
H027,73,2.0,2305
H028,74,4.04,2082
H029,76,1.5,2093
H030,77,1.02,2284
H031,78,2.16,2031
H032,79,1.44,2039
H033,80,1.0,2137
H034,83,3.06,2087
H035,85,2.0,2330
H036,91,1.5,2126
H037,93,2.3,2291
H038,94,1.02,2119
H039,98,1.0,2204
H040,102,2.0,2081
H041,105,1.07,2134
H042,109,6.2,2093
H043,110,2.8,2290
H044,112,1.92,2100
H045,114,1.57,2159
H046,115,1.8,2100
H047,119,2.1,2280
H048,120,2.04,2203
H049,125,2.0,2280
H050,127,1.0,2261
H051,130,1.5,2262
H052,145,1.5,2263
H053,148,1.5,2282
H054,149,1.02,2100
H055,153,2.1,2303
H056,155,1.5,2259
H057,158,3.0,2261
H058,164,1.5,2044
H059,165,1.02,2261
H060,166,1.5,2074
H061,174,1.02,2093
H062,176,1.75,2293
H063,180,1.6,2086
H064,181,1.2,2207
H065,183,1.5,2093
H066,186,1.02,2259
H067,187,1.6,2047
H068,193,4.0,2205
H069,194,1.5,2233
H070,195,1.1,2079
H071,197,1.5,2076
H072,204,1.58,2077
H073,212,2.1,2325
H074,216,1.0,2092
H075,219,1.02,2230
H076,222,1.05,2296
H077,225,1.1,2251
H078,227,1.0,2259
H079,230,1.5,2305
H080,231,2.1,2286
H081,232,1.1,2259
H082,233,1.5,2204
H083,234,1.65,2200
H084,235,1.0,2077
H085,238,1.5,2262
H086,239,2.0,2315
H087,240,1.0,2290
H088,250,1.36,2154
H089,251,1.2,2037
H090,257,1.0,2066
H091,267,1.0,2259
H092,275,2.04,2026
H093,279,1.5,2233
H094,282,3.0,2134
H095,283,1.02,2265
H096,287,1.02,2218
H097,289,6.0,2281
H098,290,1.05,2282
H099,296,1.08,2087
H100,298,1.02,2216
