timestamp,charge_kw,discharge_kw,net_power_kw,soc,soc_min,soc_max,reserve_soc,reserve_margin_kwh
2011-09-16 13:30:00,0.0,0.0,0.0,0.5,0.2,0.9,0.1,20.0
2011-09-16 13:45:00,0.0,0.0,0.0,0.5,0.2,0.9,0.1,20.0
2011-09-16 14:00:00,0.0,0.0,0.0,0.5,0.2,0.9,0.1,20.0
2011-09-16 14:15:00,0.0,0.0,0.0,0.5,0.2,0.9,0.1,20.0
2011-09-16 14:30:00,0.0,0.0,0.0,0.5,0.2,0.9,0.1,20.0
2011-09-16 14:45:00,0.0,0.0,0.0,0.5,0.2,0.9,0.1,20.0
2011-09-16 15:00:00,0.0,0.0,0.0,0.5,0.2,0.9,0.1,20.0
2011-09-16 15:15:00,0.0,0.0,0.0,0.5,0.2,0.9,0.1,20.0
2011-09-16 15:30:00,0.0,0.0,0.0,0.5,0.2,0.9,0.1,20.0
2011-09-16 15:45:00,0.0,0.0,0.0,0.5,0.2,0.9,0.1,20.0
2011-09-16 16:00:00,0.0,0.0,0.0,0.5,0.2,0.9,0.1,20.0
2011-09-16 16:15:00,0.0,0.0,0.0,0.5,0.2,0.9,0.1,20.0
2011-09-16 16:30:00,0.0,0.0,0.0,0.5,0.2,0.9,0.1,20.0
2011-09-16 16:45:00,0.0,0.0,0.0,0.5,0.2,0.9,0.1,20.0
2011-09-16 17:00:00,0.0,0.0,0.0,0.5,0.2,0.9,0.1,20.0
2011-09-16 17:15:00,0.0,0.0,0.0,0.5,0.2,0.9,0.1,20.0
