timestamp,bus_id,bus_name,vm_pu,va_degree,p_mw,q_mvar
2026-01-15 00:00,0,Bus_MV_Grid,1.0,0.0,-0.027450795113961313,-0.009824210431252922
2026-01-15 00:00,1,Bus_Main_LV,0.9973146442177981,-0.2153421970058666,0.0,0.0
2026-01-15 00:00,2,Bus_Residential_1,0.9936926238041968,-0.19310139124994524,0.0045195,0.0014854878133558722
2026-01-15 00:00,3,Bus_Residential_2,0.990792893606071,-0.17518228257812332,0.004491899999999999,0.0014764161320529351
2026-01-15 00:00,4,Bus_Residential_3,0.9895157530032225,-0.1672560375076144,0.0035309999999999994,0.0011605835753865667
2026-01-15 00:00,5,Bus_Commercial,0.9950312595686718,-0.18980564095629912,0.009340199999999996,0.00397890853835538
2026-01-15 00:00,6,Bus_Critical,0.9963963512308102,-0.21146795609595923,0.004829,0.0014084583333333345
2026-01-15 00:00,7,Bus_EV_Hub,0.9936926570823233,-0.1931103768393218,0.0,0.0
2026-01-15 00:00,8,Bus_BESS,0.9973146525676586,-0.2153444434054999,0.0,0.0
2026-01-15 00:15,0,Bus_MV_Grid,1.0,0.0,-0.02876708349452306,-0.010388513898442753
2026-01-15 00:15,1,Bus_Main_LV,0.9971706066224685,-0.22558155155955512,0.0,0.0
2026-01-15 00:15,2,Bus_Residential_1,0.9934953074021285,-0.2030104039497353,0.0044471,0.0014616910841409227
2026-01-15 00:15,3,Bus_Residential_2,0.9905032248556104,-0.18451409159083437,0.0048554,0.0015958928042854518
2026-01-15 00:15,4,Bus_Residential_3,0.9892655602872138,-0.1768312066766479,0.0034209999999999987,0.0011244283238168906
2026-01-15 00:15,5,Bus_Commercial,0.9945903997723604,-0.19672031922125638,0.0105496,0.0044941107809505065
2026-01-15 00:15,6,Bus_Critical,0.996268704594346,-0.22177601427277846,0.004742200000000002,0.0013831416666666672
2026-01-15 00:15,7,Bus_EV_Hub,0.9934953406736459,-0.2030193895380638,0.0,0.0
2026-01-15 00:15,8,Bus_BESS,0.9971706149711231,-0.22558379795912625,0.0,0.0
2026-01-15 00:30,0,Bus_MV_Grid,1.0,0.0,-0.028154092630883643,-0.010069215584197266
2026-01-15 00:30,1,Bus_Main_LV,0.9972463822470969,-0.22095365899812736,0.0,0.0
2026-01-15 00:30,2,Bus_Residential_1,0.9935455755210044,-0.19822788982324827,0.004512399999999999,0.0014831541562091027
2026-01-15 00:30,3,Bus_Residential_2,0.9905450531697244,-0.17968150635416866,0.004647000000000003,0.001527395036766178
2026-01-15 00:30,4,Bus_Residential_3,0.9892235737370266,-0.17147734878991422,0.0036525000000000012,0.0012005186941657984
2026-01-15 00:30,5,Bus_Commercial,0.9949187029263123,-0.19491980063224362,0.0095203,0.00405563081708151
2026-01-15 00:30,6,Bus_Critical,0.996281139504085,-0.21688077118847526,0.005075300000000001,0.0014802958333333342
2026-01-15 00:30,7,Bus_EV_Hub,0.9935456087942054,-0.19823687541179122,0.0,0.0
2026-01-15 00:30,8,Bus_BESS,0.9972463905963861,-0.22095590539773124,0.0,0.0
2026-01-15 00:45,0,Bus_MV_Grid,1.0,0.0,-0.03004778474041836,-0.01092686457545966
2026-01-15 00:45,1,Bus_Main_LV,0.997032141175107,-0.23557356968859153,0.0,0.0
2026-01-15 00:45,2,Bus_Residential_1,0.9933668837563522,-0.21306210796449046,0.0044297,0.0014559719807108104
2026-01-15 00:45,3,Bus_Residential_2,0.9903812904332124,-0.1946048469856605,0.004634899999999997,0.0015234179590935127
2026-01-15 00:45,4,Bus_Residential_3,0.9890706440642534,-0.1864667607563272,0.003622000000000002,0.0011904938289578428
2026-01-15 00:45,5,Bus_Commercial,0.9941691683717926,-0.20354420598205772,0.011700700000000001,0.00498447732754489
2026-01-15 00:45,6,Bus_Critical,0.9961005071006671,-0.2316418467191233,0.004897700000000001,0.0014284958333333347
2026-01-15 00:45,7,Bus_EV_Hub,0.9933669170235677,-0.2130710935521162,0.0,0.0
2026-01-15 00:45,8,Bus_BESS,0.9970321495226027,-0.23557581608810307,0.0,0.0
2026-01-15 01:00,0,Bus_MV_Grid,1.0,0.0,-0.030101202083784084,-0.010967375234947951
2026-01-15 01:00,1,Bus_Main_LV,0.9970235855867164,-0.2359453959596349,0.0,0.0
2026-01-15 01:00,2,Bus_Residential_1,0.9933470724805884,-0.21336218243838176,0.0045655,0.0015006072821941003
2026-01-15 01:00,3,Bus_Residential_2,0.9903963718976568,-0.19511991362856834,0.0047390999999999996,0.0015576668428531515
2026-01-15 01:00,4,Bus_Residential_3,0.9891582474139099,-0.18743333728495648,0.003421899999999997,0.0011247241395115522
2026-01-15 01:00,5,Bus_Commercial,0.9941187931450104,-0.20344779857514392,0.011871000000000001,0.005057024823752886
2026-01-15 01:00,6,Bus_Critical,0.9961218168734031,-0.23213986053377994,0.0047408,0.0013827333333333337
2026-01-15 01:00,7,Bus_EV_Hub,0.9933471057471409,-0.21337116802600092,0.0,0.0
2026-01-15 01:00,8,Bus_BESS,0.9970235939341401,-0.23594764235914603,0.0,0.0
2026-01-15 01:15,0,Bus_MV_Grid,1.0,0.0,-0.029370235874254913,-0.01051113474624188
2026-01-15 01:15,1,Bus_Main_LV,0.9971255545282234,-0.23061331812747674,0.0,0.0
2026-01-15 01:15,2,Bus_Residential_1,0.9931787966280081,-0.20637519803386345,0.004554700000000001,0.0014970574938581685
2026-01-15 01:15,3,Bus_Residential_2,0.9898867036168396,-0.18601440161518593,0.0051175,0.0016820409082528326
2026-01-15 01:15,4,Bus_Residential_3,0.9884449044128656,-0.17705552053023665,0.0039819,0.001308787238411715
2026-01-15 01:15,5,Bus_Commercial,0.9947133633394014,-0.20363070211670584,0.0098639,0.00420200380414591
2026-01-15 01:15,6,Bus_Critical,0.9961578907933262,-0.22652970569617847,0.005087399999999999,0.0014838250000000011
2026-01-15 01:15,7,Bus_EV_Hub,0.9931788298889235,-0.20638418362003821,0.0,0.0
2026-01-15 01:15,8,Bus_BESS,0.9971255628765009,-0.2306155645270108,0.0,0.0
2026-01-15 01:30,0,Bus_MV_Grid,1.0,0.0,-0.02858750338354432,-0.010177066779162303
2026-01-15 01:30,1,Bus_Main_LV,0.9972109631568185,-0.2245196803457329,0.0,0.0
2026-01-15 01:30,2,Bus_Residential_1,0.9933489441009453,-0.20080013537428032,0.004754800000000001,0.0015628271833044586
2026-01-15 01:30,3,Bus_Residential_2,0.9902345816142714,-0.1815437283618304,0.004945399999999998,0.001625474373751551
2026-01-15 01:30,4,Bus_Residential_3,0.9889076491167562,-0.1733030531715682,0.003666399999999995,0.0012050874032277846
2026-01-15 01:30,5,Bus_Commercial,0.9949605949711624,-0.19934986118543577,0.0092045,0.003921100580425698
2026-01-15 01:30,6,Bus_Critical,0.9962098742372522,-0.22029517803425183,0.005263399999999998,0.0015351583333333332
2026-01-15 01:30,7,Bus_EV_Hub,0.9933489773675601,-0.20080912096171968,0.0,0.0
2026-01-15 01:30,8,Bus_BESS,0.9972109715058111,-0.22452192674531382,0.0,0.0
2026-01-15 01:45,0,Bus_MV_Grid,1.0,0.0,-0.02927078768941005,-0.010501512764102827
2026-01-15 01:45,1,Bus_Main_LV,0.9971313503637044,-0.22975723402316708,0.0,0.0
2026-01-15 01:45,2,Bus_Residential_1,0.9933502054894596,-0.206530182045393,0.0048961,0.001609270247366232
2026-01-15 01:45,3,Bus_Residential_2,0.9903878365313113,-0.1882158203421995,0.0047259000000000025,0.001553328212664789
2026-01-15 01:45,4,Bus_Residential_3,0.9891332886728142,-0.18042695521205443,0.003467200000000002,0.001139613529476155
2026-01-15 01:45,5,Bus_Commercial,0.9946455231024574,-0.20195086689417313,0.0101643,0.0043299736682732275
2026-01-15 01:45,6,Bus_Critical,0.9961302956000553,-0.22553253848742374,0.0052628000000000015,0.0015349833333333333
2026-01-15 01:45,7,Bus_EV_Hub,0.9933502387561172,-0.2065391676330969,0.0,0.0
2026-01-15 01:45,8,Bus_BESS,0.9971313587120303,-0.2297594804227257,0.0,0.0
2026-01-15 02:00,0,Bus_MV_Grid,1.0,0.0,-0.029636839241183655,-0.01064059224639724
2026-01-15 02:00,1,Bus_Main_LV,0.997094052753646,-0.2326500269083519,0.0,0.0
2026-01-15 02:00,2,Bus_Residential_1,0.9932087125401838,-0.20878280887427547,0.0048718,0.001601283223610386
2026-01-15 02:00,3,Bus_Residential_2,0.9901076043371246,-0.18960556583435992,0.0049708,0.001633822950023094
2026-01-15 02:00,4,Bus_Residential_3,0.9888033365104307,-0.18150494309421047,0.003603400000000005,0.001184380304601516
2026-01-15 02:00,5,Bus_Commercial,0.9945786334214047,-0.20451150540810814,0.0102846,0.00438122125367441
2026-01-15 02:00,6,Bus_Critical,0.9961154671807247,-0.22852012911799374,0.005144599999999999,0.0015005083333333342
2026-01-15 02:00,7,Bus_EV_Hub,0.9932087458021017,-0.20879179446102075,0.0,0.0
2026-01-15 02:00,8,Bus_BESS,0.9970940611016597,-0.23265227330788554,0.0,0.0
2026-01-15 02:15,0,Bus_MV_Grid,1.0,0.0,-0.029412499835609784,-0.010503384495451407
2026-01-15 02:15,1,Bus_Main_LV,0.9971249148493025,-0.23100665334919449,0.0,0.0
2026-01-15 02:15,2,Bus_Residential_1,0.9931718952313348,-0.20672469306522656,0.004883499999999999,0.0016051288276409783
2026-01-15 02:15,3,Bus_Residential_2,0.9899904759968112,-0.18704875579789898,0.0051129,0.0016805289613690097
2026-01-15 02:15,4,Bus_Residential_3,0.9886574877069771,-0.17876834215904075,0.0036821999999999983,0.0012102806120896105
2026-01-15 02:15,5,Bus_Commercial,0.9947520681566773,-0.20446424561395976,0.009703400000000003,0.0041336310904560485
2026-01-15 02:15,6,Bus_Critical,0.9961227111497196,-0.2267770753320367,0.0052688000000000006,0.0015367333333333334
2026-01-15 02:15,7,Bus_EV_Hub,0.9931719284920193,-0.20673367865164735,0.0,0.0
2026-01-15 02:15,8,Bus_BESS,0.9971249231975743,-0.2310088997487409,0.0,0.0
2026-01-15 02:30,0,Bus_MV_Grid,1.0,0.0,-0.03122373651423449,-0.011336224081127888
2026-01-15 02:30,1,Bus_Main_LV,0.9969181130826894,-0.24496239921868593,0.0,0.0
2026-01-15 02:30,2,Bus_Residential_1,0.99300699131974,-0.22093007260304318,0.0050345,0.0016547601275229867
2026-01-15 02:30,3,Bus_Residential_2,0.9899326570431348,-0.2019143203630914,0.0050351999999999975,0.001654990206396612
2026-01-15 02:30,4,Bus_Residential_3,0.9886787634165279,-0.19412594890054577,0.003463799999999998,0.0011384960035185458
2026-01-15 02:30,5,Bus_Commercial,0.9940102133116375,-0.21242659058081828,0.011882400000000003,0.005061881203416838
2026-01-15 02:30,6,Bus_Critical,0.9959607405903494,-0.2409214354042911,0.0050323,0.0014677541666666682
2026-01-15 02:30,7,Bus_EV_Hub,0.9930070245749015,-0.22093905818873583,0.0,0.0
2026-01-15 02:30,8,Bus_BESS,0.9969181214292301,-0.24496464561813683,0.0,0.0
2026-01-15 02:45,0,Bus_MV_Grid,1.0,0.0,-0.029381061502940398,-0.010563267267692744
2026-01-15 02:45,1,Bus_Main_LV,0.9971170560120901,-0.2305791779758746,0.0,0.0
2026-01-15 02:45,2,Bus_Residential_1,0.9933227230999196,-0.20727539086048774,0.004597500000000001,0.0015111251735598237
2026-01-15 02:45,3,Bus_Residential_2,0.9902363294979555,-0.18819257522680297,0.004781200000000003,0.0015715044436811797
2026-01-15 02:45,4,Bus_Residential_3,0.9888780122812207,-0.17975654060717883,0.003753000000000003,0.0012335514467362745
2026-01-15 02:45,5,Bus_Commercial,0.9945814401912453,-0.20221532618660926,0.010367199999999997,0.004416408706327262
2026-01-15 02:45,6,Bus_Critical,0.9961425676740125,-0.22646669020498392,0.005123200000000001,0.0014942666666666674
2026-01-15 02:45,7,Bus_EV_Hub,0.9933227563656566,-0.2072843764477762,0.0,0.0
2026-01-15 02:45,8,Bus_BESS,0.9971170643602962,-0.23058142437542015,0.0,0.0
2026-01-15 03:00,0,Bus_MV_Grid,1.0,0.0,-0.030669126225842502,-0.010928254724436925
2026-01-15 03:00,1,Bus_Main_LV,0.9970049875163896,-0.24106949985749895,0.0,0.0
2026-01-15 03:00,2,Bus_Residential_1,0.9927819064680676,-0.21512472684228875,0.0052542000000000005,0.0017269720254307827
2026-01-15 03:00,3,Bus_Residential_2,0.9893972708579607,-0.19418321531302318,0.005074800000000001,0.0016680060969616944
2026-01-15 03:00,4,Bus_Residential_3,0.9878484026666792,-0.18455282600664943,0.004274999999999999,0.0014051245496396417
2026-01-15 03:00,5,Bus_Commercial,0.994607361279024,-0.21424660867157827,0.0098033,0.004176188312248057
2026-01-15 03:00,6,Bus_Critical,0.9959620798967089,-0.23666738105453283,0.005481900000000001,0.0015988875
2026-01-15 03:00,7,Bus_EV_Hub,0.9927819397156896,-0.2151337124260442,0.0,0.0
2026-01-15 03:00,8,Bus_BESS,0.9970049958636573,-0.24107174625696814,0.0,0.0
2026-01-15 03:15,0,Bus_MV_Grid,1.0,0.0,-0.03407119439507689,-0.012360201849962671
2026-01-15 03:15,1,Bus_Main_LV,0.9966370705721369,-0.26762398716892466,0.0,0.0
2026-01-15 03:15,2,Bus_Residential_1,0.9922069025357145,-0.24039197167856627,0.0057092,0.001876523293287166
2026-01-15 03:15,3,Bus_Residential_2,0.9887286552044618,-0.21885667230111083,0.005341199999999998,0.0017555675425813448
2026-01-15 03:15,4,Bus_Residential_3,0.9871838569224161,-0.20924515398604834,0.0042609,0.0014004901037566195
2026-01-15 03:15,5,Bus_Commercial,0.9935442390659923,-0.23300884266175617,0.012632099999999999,0.005381252066054152
2026-01-15 03:15,6,Bus_Critical,0.9956261264196252,-0.26335538365726074,0.005312099999999997,0.0015493625
2026-01-15 03:15,7,Bus_EV_Hub,0.9922069357640761,-0.24040095725844354,0.0,0.0
2026-01-15 03:15,8,Bus_BESS,0.9966370789163245,-0.2676262335681893,0.0,0.0
2026-01-15 03:30,0,Bus_MV_Grid,1.0,0.0,-0.03306976999428213,-0.011998727709186419
2026-01-15 03:30,1,Bus_Main_LV,0.9967361008779154,-0.2596560229476411,0.0,0.0
2026-01-15 03:30,2,Bus_Residential_1,0.9925846901375114,-0.23414349851958371,0.005244400000000001,0.0017237509212000297
2026-01-15 03:30,3,Bus_Residential_2,0.9892864773758923,-0.21373316881256732,0.005032599999999999,0.0016541356277231481
2026-01-15 03:30,4,Bus_Residential_3,0.9878089652318374,-0.20454632684101245,0.004077899999999999,0.001340340912508886
2026-01-15 03:30,5,Bus_Commercial,0.9936882258550052,-0.2255475166737526,0.0124503,0.005303805590360589
2026-01-15 03:30,6,Bus_Critical,0.9956959783918135,-0.2552644903965845,0.005465799999999996,0.001594191666666668
2026-01-15 03:30,7,Bus_EV_Hub,0.9925847233785275,-0.23415248410228576,0.0,0.0
2026-01-15 03:30,8,Bus_BESS,0.9967361092229322,-0.259658269346981,0.0,0.0
2026-01-15 03:45,0,Bus_MV_Grid,1.0,0.0,-0.03417882460671606,-0.012333451931620054
2026-01-15 03:45,1,Bus_Main_LV,0.9966365331772745,-0.2686436618281867,0.0,0.0
2026-01-15 03:45,2,Bus_Residential_1,0.9920598164695714,-0.24050948724595442,0.005970400000000001,0.001962375581559885
2026-01-15 03:45,3,Bus_Residential_2,0.9884929404399754,-0.21842157030940776,0.005382199999999997,0.0017690435908936791
2026-01-15 03:45,4,Bus_Residential_3,0.9868748279867114,-0.20835040946081881,0.0044617000000000025,0.001466489872076533
2026-01-15 03:45,5,Bus_Commercial,0.9936852051782323,-0.2356124851764222,0.012055899999999998,0.005135791893916473
2026-01-15 03:45,6,Bus_Critical,0.9955919244710458,-0.26423271657019576,0.005488800000000002,0.0016009000000000006
2026-01-15 03:45,7,Bus_EV_Hub,0.9920598496930264,-0.24051847284625466,0.0,0.0
2026-01-15 03:45,8,Bus_BESS,0.9966365415214582,-0.26864590822820583,0.0,0.0
2026-01-15 04:00,0,Bus_MV_Grid,1.0,0.0,-0.033604909140021455,-0.011947406168197894
2026-01-15 04:00,1,Bus_Main_LV,0.9967208382445946,-0.2645221069164022,0.0,0.0
2026-01-15 04:00,2,Bus_Residential_1,0.9917895498822337,-0.23421199508043963,0.0062756,0.002062689970460473
2026-01-15 04:00,3,Bus_Residential_2,0.9878902264031407,-0.21005433786065755,0.005965800000000003,0.0019608636346760623
2026-01-15 04:00,4,Bus_Residential_3,0.9861523151460502,-0.19922948004488894,0.004788500000000001,0.0015739038376489847
2026-01-15 04:00,5,Bus_Commercial,0.9942377589504333,-0.23673502637139002,0.010148899999999999,0.004323413295744727
2026-01-15 04:00,6,Bus_Critical,0.9956553430876883,-0.2600232350331478,0.005598900000000004,0.0016330125000000011
2026-01-15 04:00,7,Bus_EV_Hub,0.9917895830966371,-0.2342209806807409,0.0,0.0
2026-01-15 04:00,8,Bus_BESS,0.9967208465894836,-0.2645243533164229,0.0,0.0
2026-01-15 04:15,0,Bus_MV_Grid,1.0,0.0,-0.03439098128542817,-0.012078242960784635
2026-01-15 04:15,1,Bus_Main_LV,0.996666664982697,-0.2711572780536631,0.0,0.0
2026-01-15 04:15,2,Bus_Residential_1,0.9911304042330544,-0.2371334850057769,0.006788700000000002,0.0022313377848277487
2026-01-15 04:15,3,Bus_Residential_2,0.9866617368229387,-0.20942578576582238,0.0067198000000000015,0.0022086914499809254
2026-01-15 04:15,4,Bus_Residential_3,0.9846307274001856,-0.19675623001207718,0.005587399999999996,0.0018364895692763806
2026-01-15 04:15,5,Bus_Commercial,0.99451249015661,-0.2470505064619539,0.008807099999999998,0.0037518088893331676
2026-01-15 04:15,6,Bus_Critical,0.9955961010039022,-0.2666367310615872,0.005625199999999997,0.0016406833333333336
2026-01-15 04:15,7,Bus_EV_Hub,0.9911304374253835,-0.23714247060608357,0.0,0.0
2026-01-15 04:15,8,Bus_BESS,0.9966666733271331,-0.2711595244536806,0.0,0.0
2026-01-15 04:30,0,Bus_MV_Grid,1.0,0.0,-0.040364095035677394,-0.014484367278431165
2026-01-15 04:30,1,Bus_Main_LV,0.9960379089791217,-0.31809613535009157,0.0,0.0
2026-01-15 04:30,2,Bus_Residential_1,0.9899921445173301,-0.2809216306105173,0.007397999999999999,0.00243160501011323
2026-01-15 04:30,3,Bus_Residential_2,0.9851097667180111,-0.2506115335329551,0.0072945999999999974,0.0023976190736377362
2026-01-15 04:30,4,Bus_Residential_3,0.9828777574593175,-0.23666422135611473,0.006129399999999997,0.002014636354283326
2026-01-15 04:30,5,Bus_Commercial,0.9929077381058403,-0.2830418925350206,0.0127764,0.005442723608642606
2026-01-15 04:30,6,Bus_Critical,0.9949290328148425,-0.31341065038728666,0.005822600000000004,0.0016982583333333343
2026-01-15 04:30,7,Bus_EV_Hub,0.9899921776715396,-0.2809306162108187,0.0,0.0
2026-01-15 04:30,8,Bus_BESS,0.9960379173182936,-0.31809838175010896,0.0,0.0
2026-01-15 04:45,0,Bus_MV_Grid,1.0,0.0,-0.04077712104934417,-0.014382734018936638
2026-01-15 04:45,1,Bus_Main_LV,0.9960357515269779,-0.32200902619864424,0.0,0.0
2026-01-15 04:45,2,Bus_Residential_1,0.9892056942335102,-0.2800287286507945,0.0079346,0.002607976900952208
2026-01-15 04:45,3,Bus_Residential_2,0.9835393528293405,-0.2448170553430645,0.008732600000000007,0.002870266816884941
2026-01-15 04:45,4,Bus_Residential_3,0.981050970640843,-0.22924061994835424,0.006820700000000006,0.002241855676193473
2026-01-15 04:45,5,Bus_Commercial,0.9934929737969311,-0.29353413423405,0.010385100000000001,0.004424034074396101
2026-01-15 04:45,6,Bus_Critical,0.9949101326694593,-0.31725270049709825,0.005910399999999996,0.0017238666666666673
2026-01-15 04:45,7,Bus_EV_Hub,0.9892057273613822,-0.2800377142510993,0.0,0.0
2026-01-15 04:45,8,Bus_BESS,0.9960357598661316,-0.32201127259866447,0.0,0.0
2026-01-15 05:00,0,Bus_MV_Grid,1.0,0.0,-0.044092068868780254,-0.015433574202689648
2026-01-15 05:00,1,Bus_Main_LV,0.9957309674263007,-0.34879102682509266,0.0,0.0
2026-01-15 05:00,2,Bus_Residential_1,0.9878631117246828,-0.30042770064936164,0.0095365,0.003134495969038228
2026-01-15 05:00,3,Bus_Residential_2,0.9814839801332572,-0.26073392964628606,0.0095977,0.003154611436275175
2026-01-15 05:00,4,Bus_Residential_3,0.9786050038677829,-0.2426716608818766,0.0078716,0.0025872698023259397
2026-01-15 05:00,5,Bus_Commercial,0.9933400774952845,-0.32200926592677437,0.009763299999999992,0.004159148383602611
2026-01-15 05:00,6,Bus_Critical,0.9945436048248409,-0.34377195445777614,0.006232300000000003,0.0018177541666666679
2026-01-15 05:00,7,Bus_EV_Hub,0.9878631448075929,-0.30043668624966197,0.0,0.0
2026-01-15 05:00,8,Bus_BESS,0.9957309757629029,-0.34879327322510956,0.0,0.0
2026-01-15 05:15,0,Bus_MV_Grid,1.0,0.0,-0.048584794490218686,-0.017076583230951847
2026-01-15 05:15,1,Bus_Main_LV,0.9952845184106459,-0.38457347984516116,0.0,0.0
2026-01-15 05:15,2,Bus_Residential_1,0.9864850012563844,-0.33047512444716665,0.010867400000000003,0.0035719416446207772
2026-01-15 05:15,3,Bus_Residential_2,0.9794291662794296,-0.28651051655108284,0.010523999999999995,0.003459071522902356
2026-01-15 05:15,4,Bus_Residential_3,0.9762194000127234,-0.26632839676448516,0.008754600000000001,0.0028774978671988784
2026-01-15 05:15,5,Bus_Commercial,0.9926036613302848,-0.3545292740059911,0.010939200000000003,0.0046600796859571705
2026-01-15 05:15,6,Bus_Critical,0.9940849044773111,-0.37950028476217085,0.006293699999999999,0.0018356625000000015
2026-01-15 05:15,7,Bus_EV_Hub,0.9864850342931426,-0.33048411004746553,0.0,0.0
2026-01-15 05:15,8,Bus_BESS,0.9952845267435098,-0.3845757262451815,0.0,0.0
2026-01-15 05:30,0,Bus_MV_Grid,1.0,0.0,-0.05683564056092827,-0.01873329507276633
2026-01-15 05:30,1,Bus_Main_LV,0.9946754129126193,-0.453724735113324,0.0,0.0
2026-01-15 05:30,2,Bus_Residential_1,0.9836684701621923,-0.40361402162679644,0.0159774,0.004101123053958749
2026-01-15 05:30,3,Bus_Residential_2,0.9756404653491003,-0.35345249834353565,0.0118621,0.003898883724042195
2026-01-15 05:30,4,Bus_Residential_3,0.9719644611303997,-0.33024615503152377,0.009982499999999995,0.003281089079948004
2026-01-15 05:30,5,Bus_Commercial,0.9919884542401912,-0.42359368872160263,0.010957300000000003,0.004667790253669238
2026-01-15 05:30,6,Bus_Critical,0.9934162442369702,-0.4483961369865332,0.006601700000000002,0.0019254958333333357
2026-01-15 05:30,7,Bus_EV_Hub,0.9836685031046263,-0.4036230072270987,0.0,0.0
2026-01-15 05:30,8,Bus_BESS,0.9946754212403833,-0.45372698151334745,0.0,0.0
2026-01-15 05:45,0,Bus_MV_Grid,1.0,0.0,-0.060691791126705086,-0.019961526285133147
2026-01-15 05:45,1,Bus_Main_LV,0.9943212373660164,-0.48495590144365097,0.0,0.0
2026-01-15 05:45,2,Bus_Residential_1,0.9818793550765688,-0.42608675676439633,0.0175234,0.0046092686805652705
2026-01-15 05:45,3,Bus_Residential_2,0.9726319769594594,-0.36819778432061384,0.014133299999999994,0.004645391063724424
2026-01-15 05:45,4,Bus_Residential_3,0.9685859837687057,-0.34257472538158057,0.010949000000000007,0.003598762267603372
2026-01-15 05:45,5,Bus_Commercial,0.9918702463111891,-0.45746179166466067,0.009993900000000007,0.004257383572243617
2026-01-15 05:45,6,Bus_Critical,0.9930941916877087,-0.4797615350218105,0.006431199999999998,0.0018757666666666672
2026-01-15 05:45,7,Bus_EV_Hub,0.981879387959087,-0.42609574236469505,0.0,0.0
2026-01-15 05:45,8,Bus_BESS,0.9943212456908154,-0.4849581478436717,0.0,0.0
2026-01-15 06:00,0,Bus_MV_Grid,1.0,0.0,-0.06873647800983274,-0.02291708400672743
2026-01-15 06:00,1,Bus_Main_LV,0.9935226549623206,-0.5492176814491256,0.0,0.0
2026-01-15 06:00,2,Bus_Residential_1,0.9794670954133045,-0.4804884579240648,0.019507600000000003,0.005261443682061171
2026-01-15 06:00,3,Bus_Residential_2,0.9689436047648375,-0.41445818823080127,0.01602440000000002,0.005266965575028171
2026-01-15 06:00,4,Bus_Residential_3,0.9643400333204813,-0.38519033016494103,0.01240320000000001,0.004076734693354473
2026-01-15 06:00,5,Bus_Commercial,0.9905789181808743,-0.5161682023874468,0.011987300000000006,0.0051065684162895295
2026-01-15 06:00,6,Bus_Critical,0.9922148687013765,-0.5436766955977138,0.006848299999999995,0.0019974208333333326
2026-01-15 06:00,7,Bus_EV_Hub,0.9794671282150371,-0.4804974435243664,0.0,0.0
2026-01-15 06:00,8,Bus_BESS,0.993522663280434,-0.5492199278491428,0.0,0.0
2026-01-15 06:15,0,Bus_MV_Grid,1.0,0.0,-0.06389858181880004,-0.024181737319611152
2026-01-15 06:15,1,Bus_Main_LV,0.9935336167886515,-0.5030819587494287,0.0,0.0
2026-01-15 06:15,2,Bus_Residential_1,0.9804740867562154,-0.3945496416902588,0.0185744,0.0057492766309676395
2026-01-15 06:15,3,Bus_Residential_2,0.9709078709287307,-0.2915471901285707,0.01509749999999999,0.006001968971029147
2026-01-15 06:15,4,Bus_Residential_3,0.9669855214657415,-0.24376789734517382,0.010367099999999997,0.004555726039831634
2026-01-15 06:15,5,Bus_Commercial,0.9907607774121685,-0.4719518954931046,0.011293499999999998,0.00481101085393423
2026-01-15 06:15,6,Bus_Critical,0.992238006361844,-0.4975926740796172,0.006784699999999998,0.0019788708333333335
2026-01-15 06:15,7,Bus_EV_Hub,0.9804741195916716,-0.39455862729055996,0.0,0.0
2026-01-15 06:15,8,Bus_BESS,0.993533625106856,-0.5030842051494506,0.0,0.0
2026-01-15 06:30,0,Bus_MV_Grid,1.0,0.0,-0.058570012228262414,-0.026090286392102868
2026-01-15 06:30,1,Bus_Main_LV,0.9934669379179277,-0.4509960019014761,0.0,0.0
2026-01-15 06:30,2,Bus_Residential_1,0.9822384117722179,-0.29836859218490286,0.0173046,0.0062981462182058225
2026-01-15 06:30,3,Bus_Residential_2,0.9745599872929149,-0.15592429926685875,0.012870900000000001,0.006524543829853024
2026-01-15 06:30,4,Bus_Residential_3,0.9717802552406729,-0.08830996572559272,0.007040299999999999,0.004846085578346638
2026-01-15 06:30,5,Bus_Commercial,0.9903821608385277,-0.4163607941192927,0.012559099999999997,0.005350154196276206
2026-01-15 06:30,6,Bus_Critical,0.9920764591095573,-0.44510396700276245,0.0072803000000000034,0.0021234208333333338
2026-01-15 06:30,7,Bus_EV_Hub,0.9822384446667601,-0.2983775777852038,0.0,0.0
2026-01-15 06:30,8,Bus_BESS,0.9934669462355741,-0.45099824830149615,0.0,0.0
2026-01-15 06:45,0,Bus_MV_Grid,1.0,0.0,-0.05473366492141296,-0.02901152736080892
2026-01-15 06:45,1,Bus_Main_LV,0.9931809507325599,-0.4096642063426563,0.0,0.0
2026-01-15 06:45,2,Bus_Residential_1,0.9836514763400258,-0.20784902685845968,0.015926899999999997,0.006879949952782927
2026-01-15 06:45,3,Bus_Residential_2,0.9776670529752753,-0.020833316371966202,0.010990799999999998,0.00726861890715693
2026-01-15 06:45,4,Bus_Residential_3,0.9759796865906089,0.06885425959184475,0.0037939000000000098,0.005277121913878207
2026-01-15 06:45,5,Bus_Commercial,0.9893371134543119,-0.36649251075630523,0.015632699999999992,0.006659502313392449
2026-01-15 06:45,6,Bus_Critical,0.9918367500435059,-0.403966816968565,0.007036300000000002,0.0020522541666666665
2026-01-15 06:45,7,Bus_EV_Hub,0.9836515092818906,-0.20785801245876265,0.0,0.0
2026-01-15 06:45,8,Bus_BESS,0.9931809590478119,-0.40966645274267516,0.0,0.0
2026-01-15 07:00,0,Bus_MV_Grid,1.0,0.0,-0.04378494465522387,-0.029110670399620453
2026-01-15 07:00,1,Bus_Main_LV,0.993636768510502,-0.312102323535224,0.0,0.0
2026-01-15 07:00,2,Bus_Residential_1,0.9866951063099428,-0.06552735490996169,0.013655200000000004,0.007225429815736433
2026-01-15 07:00,3,Bus_Residential_2,0.9831884724460974,0.16090567410947088,0.007433499999999997,0.007464711844306645
2026-01-15 07:00,4,Bus_Residential_3,0.9827620818581023,0.2717259590975002,5.1900000000014435e-05,0.005600086915626955
2026-01-15 07:00,5,Bus_Commercial,0.9902147393677738,-0.273686396176928,0.013929699999999996,0.005934027351312491
2026-01-15 07:00,6,Bus_Critical,0.9921838194723374,-0.3059463764313727,0.0076082000000000025,0.0022190583333333326
2026-01-15 07:00,7,Bus_EV_Hub,0.9866951393537366,-0.06553634051026272,0.0,0.0
2026-01-15 07:00,8,Bus_BESS,0.9936367768295703,-0.3121045699352439,0.0,0.0
2026-01-15 07:15,0,Bus_MV_Grid,1.0,0.0,-0.037438336106778936,-0.03132376260277692
2026-01-15 07:15,1,Bus_Main_LV,0.9935702854638327,-0.25020618031726183,0.0,0.0
2026-01-15 07:15,2,Bus_Residential_1,0.9889836937368702,0.04365396467290644,0.01149470000000001,0.007599406590608943
2026-01-15 07:15,3,Bus_Residential_2,0.9877133749764571,0.3122952391593577,0.004878499999999994,0.008069457729425238
2026-01-15 07:15,4,Bus_Residential_3,0.9886917238814507,0.443153557305521,-0.004135300000000005,0.005786713750547519
2026-01-15 07:15,5,Bus_Commercial,0.989502666378827,-0.20453869778520078,0.016545499999999998,0.007048353485081576
2026-01-15 07:15,6,Bus_Critical,0.9921151349631979,-0.244040484460827,0.007619200000000003,0.002222266666666667
2026-01-15 07:15,7,Bus_EV_Hub,0.9889837268573077,0.043644979072604284,0.0,0.0
2026-01-15 07:15,8,Bus_BESS,0.9935702937823446,-0.25020842671727983,0.0,0.0
2026-01-15 07:30,0,Bus_MV_Grid,1.0,0.0,-0.031789753843047386,-0.034028788196467374
2026-01-15 07:30,1,Bus_Main_LV,0.993398860769032,-0.19326694448888093,0.0,0.0
2026-01-15 07:30,2,Bus_Residential_1,0.9917472571388856,0.14435391956704693,0.008621700000000005,0.007728086417786469
2026-01-15 07:30,3,Bus_Residential_2,0.9931824030653394,0.45200605066832383,0.0012165999999999982,0.008350384034121605
2026-01-15 07:30,4,Bus_Residential_3,0.9956452383589597,0.6017110225663912,-0.008599499999999996,0.005890084901626267
2026-01-15 07:30,5,Bus_Commercial,0.9881051526270047,-0.13382259645815478,0.0215018,0.009159728443717447
2026-01-15 07:30,6,Bus_Critical,0.9918771486981155,-0.18681784563569914,0.007965800000000002,0.0023233583333333342
2026-01-15 07:30,7,Bus_EV_Hub,0.9917472903518728,0.1443449339667451,0.0,0.0
2026-01-15 07:30,8,Bus_BESS,0.9933988690861087,-0.19326919088889913,0.0,0.0
2026-01-15 07:45,0,Bus_MV_Grid,1.0,0.0,-0.02210233672494133,-0.03525074671345951
2026-01-15 07:45,1,Bus_Main_LV,0.9936330937790722,-0.10418852223384324,0.0,0.0
2026-01-15 07:45,2,Bus_Residential_1,0.9955460617410307,0.2731342208047497,0.0050950999999999965,0.007687428193975843
2026-01-15 07:45,3,Bus_Residential_2,1.000244886334365,0.614736671268287,-0.0036419000000000013,0.008239420280213221
2026-01-15 07:45,4,Bus_Residential_3,1.004336081556912,0.7813867805021122,-0.013546399999999998,0.00584492370557468
2026-01-15 07:45,5,Bus_Commercial,0.9875451723886236,-0.0358416145358021,0.0247133,0.010527821714838872
2026-01-15 07:45,6,Bus_Critical,0.992061297828405,-0.09752855144833214,0.008229499999999997,0.002400270833333336
2026-01-15 07:45,7,Bus_EV_Hub,0.9955460950812378,0.27312523520444854,0.0,0.0
2026-01-15 07:45,8,Bus_BESS,0.9936331020981102,-0.10419076863386252,0.0,0.0
2026-01-15 08:00,0,Bus_MV_Grid,1.0,0.0,-0.011876109201179652,-0.037608175571814506
2026-01-15 08:00,1,Bus_Main_LV,0.9937187333516736,-0.007495032046022964,0.0,0.0
2026-01-15 08:00,2,Bus_Residential_1,1.000301167868468,0.4166545497641959,-0.002149999999999998,0.0074788781292398545
2026-01-15 08:00,3,Bus_Residential_2,1.0083993581539445,0.788385315090612,-0.008751900000000005,0.007995010779602223
2026-01-15 08:00,4,Bus_Residential_3,1.0141871320136278,0.9702451389453138,-0.0187826,0.005696161279570738
2026-01-15 08:00,5,Bus_Commercial,0.9860183753350814,0.07894630670833998,0.031209499999999998,0.013295191326502878
2026-01-15 08:00,6,Bus_Critical,0.9920714715868122,-0.0005156312661184874,0.008624699999999999,0.002515537500000005
2026-01-15 08:00,7,Bus_EV_Hub,1.0003012013679202,0.41664556416389426,0.0,0.0
2026-01-15 08:00,8,Bus_BESS,0.9937187416714283,-0.007497278446041671,0.0,0.0
2026-01-15 08:15,0,Bus_MV_Grid,1.0,0.0,-0.0056387172989686984,-0.04022973440881561
2026-01-15 08:15,1,Bus_Main_LV,0.9935903176986346,0.054486518067937854,0.0,0.0
2026-01-15 08:15,2,Bus_Residential_1,1.0039672604847003,0.5138798680505693,-0.006510599999999993,0.00720616892717295
2026-01-15 08:15,3,Bus_Residential_2,1.015346693142157,0.9142794667762985,-0.013885200000000002,0.007656959177425756
2026-01-15 08:15,4,Bus_Residential_3,1.0227214567117402,1.1113611632167117,-0.023766900000000018,0.005605806019057068
2026-01-15 08:15,5,Bus_Commercial,0.9841121382505268,0.16089716606498855,0.0383394,0.01633251600773241
2026-01-15 08:15,6,Bus_Critical,0.9918594878411333,0.06182122852507292,0.0090603,0.0026425875000000015
2026-01-15 08:15,7,Bus_EV_Hub,1.0039672941069282,0.5138708824502706,0.0,0.0
2026-01-15 08:15,8,Bus_BESS,0.9935903260173146,0.05448427166791986,0.0,0.0
2026-01-15 08:30,0,Bus_MV_Grid,1.0,0.0,-0.0009567523673159606,-0.04342119426087976
2026-01-15 08:30,1,Bus_Main_LV,0.9933065481416073,0.10414669135408676,0.0,0.0
2026-01-15 08:30,2,Bus_Residential_1,1.007479624308647,0.5969631388184665,-0.010329,0.006969384897802097
2026-01-15 08:30,3,Bus_Residential_2,1.0223353666020472,1.0248532171080877,-0.0191406,0.007313911576850579
2026-01-15 08:30,4,Bus_Residential_3,1.0314753194218726,1.2356455316653785,-0.029348900000000008,0.005333885658842592
2026-01-15 08:30,5,Bus_Commercial,0.9816367242343114,0.23519670525699518,0.047083900000000005,0.020057657408735455
2026-01-15 08:30,6,Bus_Critical,0.9915232469695141,0.11170608976931166,0.0093318,0.0027217750000000027
2026-01-15 08:30,7,Bus_EV_Hub,1.007479658048501,0.5969541532181627,0.0,0.0
2026-01-15 08:30,8,Bus_BESS,0.9933065564579113,0.10414444495407121,0.0,0.0
2026-01-15 08:45,0,Bus_MV_Grid,1.0,0.0,0.006325655042276557,-0.04523715362120839
2026-01-15 08:45,1,Bus_Main_LV,0.9933505046945935,0.17336783339064263,0.0,0.0
2026-01-15 08:45,2,Bus_Residential_1,1.0113847793485862,0.6943378369471077,-0.014922699999999997,0.006505282941289542
2026-01-15 08:45,3,Bus_Residential_2,1.0295351741287655,1.144359467924596,-0.0245627,0.006853655224368618
2026-01-15 08:45,4,Bus_Residential_3,1.0402205549334802,1.3654585258846144,-0.03433149999999994,0.005026664625731902
2026-01-15 08:45,5,Bus_Commercial,0.9800863839078916,0.3223116073082821,0.0534302,0.022761169887800654
2026-01-15 08:45,6,Bus_Critical,0.9915130643931255,0.18115655288928323,0.009615,0.002804374999999998
2026-01-15 08:45,7,Bus_EV_Hub,1.0113848132192214,0.6943288513468042,0.0,0.0
2026-01-15 08:45,8,Bus_BESS,0.9933505130112652,0.1733655869906221,0.0,0.0
2026-01-15 09:00,0,Bus_MV_Grid,1.0,0.0,0.0072057899008317605,-0.04552280203877768
2026-01-15 09:00,1,Bus_Main_LV,0.9933457445820115,0.18190312129053496,0.0,0.0
2026-01-15 09:00,2,Bus_Residential_1,1.0154590067060785,0.7295701093629037,-0.019290099999999998,0.005985304686896582
2026-01-15 09:00,3,Bus_Residential_2,1.0372599055099792,1.201398490901234,-0.030336000000000002,0.006253116495796317
2026-01-15 09:00,4,Bus_Residential_3,1.0497529493093447,1.4338005212141927,-0.040225400000000015,0.00461715709908956
2026-01-15 09:00,5,Bus_Commercial,0.9769610992233769,0.3121626557175116,0.0666299,0.024124236379971662
2026-01-15 09:00,6,Bus_Critical,0.9914354394043898,0.19000096916225723,0.0099955,0.0029153541666666685
2026-01-15 09:00,7,Bus_EV_Hub,1.0154590407131576,0.7295611237625984,0.0,0.0
2026-01-15 09:00,8,Bus_BESS,0.9933457528986434,0.18190087489051396,0.0,0.0
2026-01-15 09:15,0,Bus_MV_Grid,1.0,0.0,0.01782548059909117,-0.04534343566453458
2026-01-15 09:15,1,Bus_Main_LV,0.9938470615188714,0.27553906286784474,0.0,0.0
2026-01-15 09:15,2,Bus_Residential_1,1.0193604352564751,0.8463230295899781,-0.0235722,0.005573266292644359
2026-01-15 09:15,3,Bus_Residential_2,1.044008036759597,1.3345911671868138,-0.03515440000000001,0.00571417316853454
2026-01-15 09:15,4,Bus_Residential_3,1.0578311046140796,1.5757355536959277,-0.04468100000000002,0.004357759603282411
2026-01-15 09:15,5,Bus_Commercial,0.9770372011698953,0.4105088094178487,0.06834219999999999,0.02485367312546169
2026-01-15 09:15,6,Bus_Critical,0.9919297234678403,0.28366264140592085,0.010037299999999999,0.0029275458333333365
2026-01-15 09:15,7,Bus_EV_Hub,1.0193604693942104,0.8463140439896679,0.0,0.0
2026-01-15 09:15,8,Bus_BESS,0.9938470698397005,0.27553681646782563,0.0,0.0
2026-01-15 09:30,0,Bus_MV_Grid,1.0,0.0,0.02391373382539541,-0.04707954065424591
2026-01-15 09:30,1,Bus_Main_LV,0.9938532439392123,0.33393573414419236,0.0,0.0
2026-01-15 09:30,2,Bus_Residential_1,1.0229512352904828,0.9270135138322804,-0.027607,0.005031857834593736
2026-01-15 09:30,3,Bus_Residential_2,1.050756488348948,1.433465580105756,-0.040389,0.005205731726233352
2026-01-15 09:30,4,Bus_Residential_3,1.0661100200139064,1.6828675556016732,-0.04981579999999995,0.003943321815062373
2026-01-15 09:30,5,Bus_Commercial,0.9754535577695053,0.4866575805423078,0.0746051,0.027521657353301116
2026-01-15 09:30,6,Bus_Critical,0.9918533439408259,0.34240930887616333,0.010468699999999997,0.0030533708333333326
2026-01-15 09:30,7,Bus_EV_Hub,1.022951269548472,0.927004528231951,0.0,0.0
2026-01-15 09:30,8,Bus_BESS,0.993853252260093,0.3339334877441734,0.0,0.0
2026-01-15 09:45,0,Bus_MV_Grid,1.0,0.0,0.029675977344419735,-0.048659112245956315
2026-01-15 09:45,1,Bus_Main_LV,0.9938698062141814,0.3890396320405482,0.0,0.0
2026-01-15 09:45,2,Bus_Residential_1,1.0259724425194041,1.006335663335376,-0.031555400000000004,0.004643681906377496
2026-01-15 09:45,3,Bus_Residential_2,1.0562537386600421,1.5311733541283996,-0.04415610000000001,0.004959317252580758
2026-01-15 09:45,4,Bus_Residential_3,1.0729428324345613,1.78978167924771,-0.0543622,0.003687178291896494
2026-01-15 09:45,5,Bus_Commercial,0.9742905245121112,0.5549305748938925,0.07923930000000001,0.029495818286519523
2026-01-15 09:45,6,Bus_Critical,0.9917941116094509,0.3978344145174977,0.0108648,0.0031689000000000023
2026-01-15 09:45,7,Bus_EV_Hub,1.0259724768785712,1.0063266777350226,0.0,0.0
2026-01-15 09:45,8,Bus_BESS,0.9938698145352012,0.3890373856405296,0.0,0.0
2026-01-15 10:00,0,Bus_MV_Grid,1.0,0.0,0.038167744797507286,-0.04837394124172967
2026-01-15 10:00,1,Bus_Main_LV,0.9942969034324088,0.4634276900173246,0.0,0.0
2026-01-15 10:00,2,Bus_Residential_1,1.0288275992517926,1.098741441951459,-0.03404289999999999,0.004427440633580323
2026-01-15 10:00,3,Bus_Residential_2,1.0613548931497028,1.6374948293614164,-0.04799800000000003,0.004622120229077764
2026-01-15 10:00,4,Bus_Residential_3,1.0791252894530388,1.902355072042066,-0.058105500000000074,0.0034239351920587364
2026-01-15 10:00,5,Bus_Commercial,0.9745689058040408,0.6309306934270845,0.07985720000000002,0.029759042584270083
2026-01-15 10:00,6,Bus_Critical,0.9922644330902961,0.47203551162433033,0.010643599999999996,0.0031043833333333354
2026-01-15 10:00,7,Bus_EV_Hub,1.0288276337065774,1.0987324563510688,0.0,0.0
2026-01-15 10:00,8,Bus_BESS,0.9942969117570041,0.46342544361730575,0.0,0.0
2026-01-15 10:15,0,Bus_MV_Grid,1.0,0.0,0.04764057142016842,-0.04770021377849787
2026-01-15 10:15,1,Bus_Main_LV,0.994829872762956,0.5454032114080515,0.0,0.0
2026-01-15 10:15,2,Bus_Residential_1,1.0317551274620853,1.2002826195354164,-0.036826300000000006,0.004138790252412246
2026-01-15 10:15,3,Bus_Residential_2,1.0663917929469169,1.7549586802918946,-0.05184100000000001,0.004365319337701516
2026-01-15 10:15,4,Bus_Residential_3,1.0851226207199378,2.026779403753381,-0.06151199999999997,0.0032803659749166096
2026-01-15 10:15,5,Bus_Commercial,0.9754296608027806,0.7091896019282451,0.0786133,0.029229143403218256
2026-01-15 10:15,6,Bus_Critical,0.9926733650549889,0.5545317963589339,0.011297799999999997,0.003295191666666669
2026-01-15 10:15,7,Bus_EV_Hub,1.0317551620149106,1.2002736339349724,0.0,0.0
2026-01-15 10:15,8,Bus_BESS,0.994829881092014,0.5454009650080327,0.0,0.0
2026-01-15 10:30,0,Bus_MV_Grid,1.0,0.0,0.053910215331997025,-0.04789248301854698
2026-01-15 10:30,1,Bus_Main_LV,0.9950858663692672,0.601286588884169,0.0,0.0
2026-01-15 10:30,2,Bus_Residential_1,1.034149210788933,1.2709972415374367,-0.039652200000000005,0.0038293999042073815
2026-01-15 10:30,3,Bus_Residential_2,1.0705560758356953,1.8363355097253458,-0.05451469999999998,0.0041552244576711864
2026-01-15 10:30,4,Bus_Residential_3,1.090272434539837,2.1132687027561725,-0.0649549,0.00299888090724143
2026-01-15 10:30,5,Bus_Commercial,0.9752905701008477,0.7694507809339532,0.08018539999999999,0.02989885519880599
2026-01-15 10:30,6,Bus_Critical,0.9929461907663119,0.6103415475785952,0.011212699999999992,0.0032703708333333345
2026-01-15 10:30,7,Bus_EV_Hub,1.0341492454219345,1.2709882559369248,0.0,0.0
2026-01-15 10:30,8,Bus_BESS,0.995085874700468,0.6012843424841517,0.0,0.0
2026-01-15 10:45,0,Bus_MV_Grid,1.0,0.0,0.055999500221453946,-0.049562547458038786
2026-01-15 10:45,1,Bus_Main_LV,0.994925108653434,0.6241254993391134,0.0,0.0
2026-01-15 10:45,2,Bus_Residential_1,1.035700233829254,1.311518094360702,-0.04201309999999999,0.003663020010165841
2026-01-15 10:45,3,Bus_Residential_2,1.0734989459290507,1.8901615582250058,-0.057370699999999976,0.004060826382663821
2026-01-15 10:45,4,Bus_Residential_3,1.0937599832313711,2.1719078479418172,-0.06693750000000001,0.002970909889890707
2026-01-15 10:45,5,Bus_Commercial,0.974184880164957,0.8028468904957848,0.0838776,0.031471725812424085
2026-01-15 10:45,6,Bus_Critical,0.9927205463086998,0.6334567326138891,0.011550100000000008,0.003368779166666669
2026-01-15 10:45,7,Bus_EV_Hub,1.035700268514199,1.3115091087601296,0.0,0.0
2026-01-15 10:45,8,Bus_BESS,0.994925116983289,0.624123252939095,0.0,0.0
2026-01-15 11:00,0,Bus_MV_Grid,1.0,0.0,0.052989291440032504,-0.05084777891000236
2026-01-15 11:00,1,Bus_Main_LV,0.9945906281046126,0.6009151635766512,0.0,0.0
2026-01-15 11:00,2,Bus_Residential_1,1.035506170367505,1.2885453313566586,-0.0426537,0.0037174500979834614
2026-01-15 11:00,3,Bus_Residential_2,1.0732741774788712,1.8639793015639468,-0.0553511,0.003888365832676468
2026-01-15 11:00,4,Bus_Residential_3,1.0941187147783205,2.152289327629828,-0.06886839999999994,0.002962857129313828
2026-01-15 11:00,5,Bus_Commercial,0.9730428314470309,0.7886876483348072,0.0870087,0.032805568826968154
2026-01-15 11:00,6,Bus_Critical,0.9923498412011567,0.6104030078958164,0.011735499999999996,0.0034228541666666695
2026-01-15 11:00,7,Bus_EV_Hub,1.0355062050459511,1.2885363457560752,0.0,0.0
2026-01-15 11:00,8,Bus_BESS,0.9945906364316672,0.6009129171766328,0.0,0.0
2026-01-15 11:15,0,Bus_MV_Grid,1.0,0.0,0.058121090142471576,-0.05015760091300869
2026-01-15 11:15,1,Bus_Main_LV,0.9949308161123651,0.6444259119553498,0.0,0.0
2026-01-15 11:15,2,Bus_Residential_1,1.036569985197361,1.3431198178830657,-0.043643100000000004,0.00383656521770028
2026-01-15 11:15,3,Bus_Residential_2,1.0749496745299216,1.9252732680315523,-0.056336899999999995,0.003934743159917207
2026-01-15 11:15,4,Bus_Residential_3,1.0961303056041127,2.21618786324278,-0.07008769999999999,0.002922757668482009
2026-01-15 11:15,5,Bus_Commercial,0.9739567157518138,0.8257548935648703,0.08479399999999998,0.0318621105776913
2026-01-15 11:15,6,Bus_Critical,0.9927008234136925,0.6538647945473616,0.011683100000000002,0.0034075708333333385
2026-01-15 11:15,7,Bus_EV_Hub,1.036570019911433,1.3431108322824468,0.0,0.0
2026-01-15 11:15,8,Bus_BESS,0.9949308244422679,0.6444236655553324,0.0,0.0
2026-01-15 11:30,0,Bus_MV_Grid,1.0,0.0,0.05681829355257029,-0.05175383895069263
2026-01-15 11:30,1,Bus_Main_LV,0.9946265038011698,0.637123310672908,0.0,0.0
2026-01-15 11:30,2,Bus_Residential_1,1.037023679879979,1.3436708366291654,-0.04433009999999999,0.0037532766654479566
2026-01-15 11:30,3,Bus_Residential_2,1.0761331295678462,1.9330203075511365,-0.057190300000000006,0.003894972383190565
2026-01-15 11:30,4,Bus_Residential_3,1.0977964703407466,2.2285056142640465,-0.07177260000000009,0.002891664152132085
2026-01-15 11:30,5,Bus_Commercial,0.9727344698137086,0.8287311870732639,0.0883571,0.03337998482160621
2026-01-15 11:30,6,Bus_Critical,0.9923351783797224,0.6468249192130509,0.011999999999999997,0.003500000000000003
2026-01-15 11:30,7,Bus_EV_Hub,1.037023714609245,1.343661851028503,0.0,0.0
2026-01-15 11:30,8,Bus_BESS,0.9946265121285249,0.637121064272888,0.0,0.0
2026-01-15 11:45,0,Bus_MV_Grid,1.0,0.0,0.05724626895149698,-0.052325232381221554
2026-01-15 11:45,1,Bus_Main_LV,0.9945584539429513,0.6424083493235582,0.0,0.0
2026-01-15 11:45,2,Bus_Residential_1,1.0374600328223091,1.3538745315847744,-0.0452894,0.0036739323224577796
2026-01-15 11:45,3,Bus_Residential_2,1.0768931433624318,1.946373046739124,-0.0578885,0.0038364994808792437
2026-01-15 11:45,4,Bus_Residential_3,1.0986725816174663,2.2435468080686665,-0.07221910000000002,0.0029279837457543492
2026-01-15 11:45,5,Bus_Commercial,0.9722945152796396,0.8381745964206531,0.0898031,0.033995978242139166
2026-01-15 11:45,6,Bus_Critical,0.9922862639475314,0.6520295491968354,0.011899199999999999,0.0034706000000000042
2026-01-15 11:45,7,Bus_EV_Hub,1.0374600675661885,1.3538655459840867,0.0,0.0
2026-01-15 11:45,8,Bus_BESS,0.9945584622697363,0.6424061029235392,0.0,0.0
2026-01-15 12:00,0,Bus_MV_Grid,1.0,0.0,0.0548168628986192,-0.053229079205988405
2026-01-15 12:00,1,Bus_Main_LV,0.9943088504317845,0.6233245118630988,0.0,0.0
2026-01-15 12:00,2,Bus_Residential_1,1.037047800124523,1.336047124571657,-0.0450274,0.0037366781181364245
2026-01-15 12:00,3,Bus_Residential_2,1.07636128173255,1.929875198680746,-0.0573103,0.003992131404681438
2026-01-15 12:00,4,Bus_Residential_3,1.0982025890617784,2.2275581113145675,-0.07238720000000001,0.002906586410507203
2026-01-15 12:00,5,Bus_Commercial,0.9716172547854226,0.8238981545246874,0.0914482,0.03469678790750483
2026-01-15 12:00,6,Bus_Critical,0.9920167895843526,0.6330323382083641,0.011999999999999997,0.003500000000000003
2026-01-15 12:00,7,Bus_EV_Hub,1.037047834854597,1.3360381389709812,0.0,0.0
2026-01-15 12:00,8,Bus_BESS,0.9943088587564805,0.6233222654630823,0.0,0.0
2026-01-15 12:15,0,Bus_MV_Grid,1.0,0.0,0.05547852570475009,-0.05307411770782
2026-01-15 12:15,1,Bus_Main_LV,0.9943628346797497,0.6287631314867757,0.0,0.0
2026-01-15 12:15,2,Bus_Residential_1,1.0373148607755036,1.3406561464290396,-0.044969800000000004,0.0036977619200832465
2026-01-15 12:15,3,Bus_Residential_2,1.0769140085391635,1.9342041975043593,-0.05769220000000003,0.0038778479413107457
2026-01-15 12:15,4,Bus_Residential_3,1.098923810253915,2.2322367129554483,-0.07297070000000005,0.002825072752422852
2026-01-15 12:15,5,Bus_Commercial,0.9716496245385116,0.8295700603152174,0.09153749999999998,0.03473482954820579
2026-01-15 12:15,6,Bus_Critical,0.9920708988491738,0.6384699007120408,0.011999999999999997,0.003500000000000003
2026-01-15 12:15,7,Bus_EV_Hub,1.0373148955145215,1.3406471608283448,0.0,0.0
2026-01-15 12:15,8,Bus_BESS,0.9943628430048971,0.6287608850867573,0.0,0.0
2026-01-15 12:30,0,Bus_MV_Grid,1.0,0.0,0.0535088292838235,-0.05335199856194084
2026-01-15 12:30,1,Bus_Main_LV,0.9942302846898008,0.6120888059665343,0.0,0.0
2026-01-15 12:30,2,Bus_Residential_1,1.0366747728388441,1.322415428148935,-0.0446051,0.003761658110130018
2026-01-15 12:30,3,Bus_Residential_2,1.0757520367494087,1.9147846042633512,-0.0572413,0.00399144116806056
2026-01-15 12:30,4,Bus_Residential_3,1.0973681684499432,2.2112150962601977,-0.07160729999999996,0.002971632994922099
2026-01-15 12:30,5,Bus_Commercial,0.971483189626901,0.8132932748759412,0.09165719999999998,0.03478582153467729
2026-01-15 12:30,6,Bus_Critical,0.9919380418752087,0.621798171095169,0.011999999999999997,0.003500000000000003
2026-01-15 12:30,7,Bus_EV_Hub,1.0366748075564254,1.3224064425482738,0.0,0.0
2026-01-15 12:30,8,Bus_BESS,0.9942302930138388,0.6120865595665153,0.0,0.0
2026-01-15 12:45,0,Bus_MV_Grid,1.0,0.0,0.05345057240939677,-0.05320602054923462
2026-01-15 12:45,1,Bus_Main_LV,0.9942500125705239,0.6111900432887711,0.0,0.0
2026-01-15 12:45,2,Bus_Residential_1,1.036684974455455,1.3191876970468641,-0.04464840000000001,0.003754394191405566
2026-01-15 12:45,3,Bus_Residential_2,1.0757348535660933,1.9088601718033378,-0.05692239999999999,0.00398368422317834
2026-01-15 12:45,4,Bus_Residential_3,1.097421318081641,2.2039615525218577,-0.07181430000000004,0.0028461414035648135
2026-01-15 12:45,5,Bus_Commercial,0.9715033907538235,0.812386335809378,0.09165719999999998,0.03478582153467729
2026-01-15 12:45,6,Bus_Critical,0.9919580834971425,0.6208978859842871,0.011998599999999998,0.0034995916666666696
2026-01-15 12:45,7,Bus_EV_Hub,1.036685009173378,1.3191787114462061,0.0,0.0
2026-01-15 12:45,8,Bus_BESS,0.9942500208947269,0.6111877968887562,0.0,0.0
2026-01-15 13:00,0,Bus_MV_Grid,1.0,0.0,0.05139477171886897,-0.053069807709425376
2026-01-15 13:00,1,Bus_Main_LV,0.9941771355160068,0.5926623958419565,0.0,0.0
2026-01-15 13:00,2,Bus_Residential_1,1.0359796980548985,1.2934679886263551,-0.0438419,0.0037886102067546863
2026-01-15 13:00,3,Bus_Residential_2,1.074489127781376,1.8776663260417024,-0.05607409999999999,0.003992262878323508
2026-01-15 13:00,4,Bus_Residential_3,1.0958782147849775,2.1701331842002443,-0.07074320000000005,0.0028663883444438286
2026-01-15 13:00,5,Bus_Commercial,0.9714287653721594,0.7938888954390966,0.09165719999999998,0.0347858215346773
2026-01-15 13:00,6,Bus_Critical,0.9919408497169572,0.6021351110493421,0.011707099999999998,0.0034145708333333316
2026-01-15 13:00,7,Bus_EV_Hub,1.0359797327492022,1.293459003025733,0.0,0.0
2026-01-15 13:00,8,Bus_BESS,0.9941771438395993,0.5926601494419389,0.0,0.0
2026-01-15 13:15,0,Bus_MV_Grid,1.0,0.0,0.04740930786788389,-0.0529498846347316
2026-01-15 13:15,1,Bus_Main_LV,0.9940140373843027,0.5571141302506157,0.0,0.0
2026-01-15 13:15,2,Bus_Residential_1,1.034669211418379,1.245642409808165,-0.042165799999999996,0.0038473789247606654
2026-01-15 13:15,3,Bus_Residential_2,1.072267723362101,1.8215712411733123,-0.054625399999999984,0.004001531770089552
2026-01-15 13:15,4,Bus_Residential_3,1.0931608112311295,2.1106042261234985,-0.06896570000000003,0.002954278474168657
2026-01-15 13:15,5,Bus_Commercial,0.9712617535045805,0.7584082578164533,0.09165719999999998,0.0347858215346773
2026-01-15 13:15,6,Bus_Critical,0.9918289283056967,0.5663714566174741,0.0114379,0.0033360541666666715
2026-01-15 13:15,7,Bus_EV_Hub,1.0346692460687954,1.2456334242075962,0.0,0.0
2026-01-15 13:15,8,Bus_BESS,0.99401404570653,0.5571118838505957,0.0,0.0
2026-01-15 13:30,0,Bus_MV_Grid,1.0,0.0,0.04399613036316641,-0.0527720082074179
2026-01-15 13:30,1,Bus_Main_LV,0.9938861966885941,0.5264643092334946,0.0,0.0
2026-01-15 13:30,2,Bus_Residential_1,1.0336306805990967,1.2029504773916013,-0.04126310000000001,0.003784764602724092
2026-01-15 13:30,3,Bus_Residential_2,1.0703602901887885,1.770025938284713,-0.05342459999999996,0.004001170217573857
2026-01-15 13:30,4,Bus_Residential_3,1.090727659305925,2.0545229889797483,-0.06710819999999991,0.0030038440372296337
2026-01-15 13:30,5,Bus_Commercial,0.9711308441531076,0.7278114694614253,0.09165719999999998,0.03478582153467729
2026-01-15 13:30,6,Bus_Critical,0.9916994074107813,0.5357299505419204,0.011445200000000003,0.0033381833333333347
2026-01-15 13:30,7,Bus_EV_Hub,1.033630715214734,1.2029414917910735,0.0,0.0
2026-01-15 13:30,8,Bus_BESS,0.9938862050097507,0.5264620628334753,0.0,0.0
2026-01-15 13:45,0,Bus_MV_Grid,1.0,0.0,0.03842377275401687,-0.052804381232592235
2026-01-15 13:45,1,Bus_Main_LV,0.9936285614495018,0.4772511195715101,0.0,0.0
2026-01-15 13:45,2,Bus_Residential_1,1.0318875217319972,1.1386620843063835,-0.0397502,0.0037762188159894414
2026-01-15 13:45,3,Bus_Residential_2,1.0672219291939693,1.6950575925923121,-0.050483500000000014,0.004221520041685766
2026-01-15 13:45,4,Bus_Residential_3,1.0870798209208112,1.9754503003869377,-0.06523760000000002,0.0030461785499766667
2026-01-15 13:45,5,Bus_Commercial,0.9708670221270227,0.6787052198371784,0.09165719999999998,0.0347858215346773
2026-01-15 13:45,6,Bus_Critical,0.9914285224354465,0.4865753537599737,0.011511399999999998,0.0033574916666666704
2026-01-15 13:45,7,Bus_EV_Hub,1.0318875562892567,1.1386530987059083,0.0,0.0
2026-01-15 13:45,8,Bus_BESS,0.9936285697685018,0.477248873171494,0.0,0.0
2026-01-15 14:00,0,Bus_MV_Grid,1.0,0.0,0.03426717290201631,-0.052197974383259904
2026-01-15 14:00,1,Bus_Main_LV,0.9935336457110019,0.43888197591714234,0.0,0.0
2026-01-15 14:00,2,Bus_Residential_1,1.0305205212396316,1.080390319171046,-0.0379902,0.0039025321176096787
2026-01-15 14:00,3,Bus_Residential_2,1.064819811236963,1.618828734199296,-0.04882310000000002,0.0040823880599635525
2026-01-15 14:00,4,Bus_Residential_3,1.0841156736897835,1.889852387595001,-0.06319160000000006,0.002834275907367855
2026-01-15 14:00,5,Bus_Commercial,0.9707698262367994,0.6403754958026419,0.09165719999999998,0.0347858215346773
2026-01-15 14:00,6,Bus_Critical,0.9914531090503611,0.44770027196304923,0.010886400000000004,0.003175200000000003
2026-01-15 14:00,7,Bus_EV_Hub,1.030520555751111,1.0803813335706056,0.0,0.0
2026-01-15 14:00,8,Bus_BESS,0.9935336540292073,0.43887972951712695,0.0,0.0
2026-01-15 14:15,0,Bus_MV_Grid,1.0,0.0,0.025956125679500897,-0.05217873162504372
2026-01-15 14:15,1,Bus_Main_LV,0.9931619732483872,0.36523727485830054,0.0,0.0
2026-01-15 14:15,2,Bus_Residential_1,1.027919711345728,0.9827295386313043,-0.0355924,0.003914759166322332
2026-01-15 14:15,3,Bus_Residential_2,1.0601740787196638,1.5033797118676353,-0.045612200000000026,0.004209227256152074
2026-01-15 14:15,4,Bus_Residential_3,1.07837661401883,1.7658971772601408,-0.05936499999999996,0.0029866209901182553
2026-01-15 14:15,5,Bus_Commercial,0.9703892206198884,0.5668852668644587,0.09165719999999998,0.03478582153467729
2026-01-15 14:15,6,Bus_Critical,0.9910740639235628,0.37409015350202246,0.010920800000000001,0.0031852333333333357
2026-01-15 14:15,7,Bus_EV_Hub,1.027919745770108,0.9827205530309148,0.0,0.0
2026-01-15 14:15,8,Bus_BESS,0.9931619815634807,0.36523502845828143,0.0,0.0
2026-01-15 14:30,0,Bus_MV_Grid,1.0,0.0,0.022322646018788417,-0.052039149000245644
2026-01-15 14:30,1,Bus_Main_LV,0.9930201432657514,0.3326837454967719,0.0,0.0
2026-01-15 14:30,2,Bus_Residential_1,1.026640042673471,0.938361772972311,-0.033249,0.00396580380785661
2026-01-15 14:30,3,Bus_Residential_2,1.0582212591850517,1.4536850892735316,-0.04628560000000001,0.004340766635044657
2026-01-15 14:30,4,Bus_Residential_3,1.0755188707663503,1.7061275105197713,-0.05629379999999998,0.0029737694416057687
2026-01-15 14:30,5,Bus_Commercial,0.9702439798576022,0.534390731203238,0.09165719999999998,0.03478582153467729
2026-01-15 14:30,6,Bus_Critical,0.9910423914546178,0.3410704510797911,0.0103443,0.0030170875000000014
2026-01-15 14:30,7,Bus_EV_Hub,1.0266400770549957,0.9383527873719396,0.0,0.0
2026-01-15 14:30,8,Bus_BESS,0.9930201515796573,0.3326814990967519,0.0,0.0
2026-01-15 14:45,0,Bus_MV_Grid,1.0,0.0,0.013883566999746577,-0.051793517045744863
2026-01-15 14:45,1,Bus_Main_LV,0.9926798982738364,0.25724209750230287,0.0,0.0
2026-01-15 14:45,2,Bus_Residential_1,1.0239751497613836,0.8348143587032846,-0.0302741,0.004125116993636805
2026-01-15 14:45,3,Bus_Residential_2,1.053595609403296,1.3269988873142802,-0.04333889999999997,0.004185299053295052
2026-01-15 14:45,4,Bus_Residential_3,1.0697897800808922,1.5696461189090165,-0.052484799999999956,0.0030659324646979194
2026-01-15 14:45,5,Bus_Commercial,0.9698955482611319,0.45909071342399355,0.09165719999999998,0.0347858215346773
2026-01-15 14:45,6,Bus_Critical,0.9907440089850127,0.2654539807608182,0.0101223,0.002952337499999999
2026-01-15 14:45,7,Bus_EV_Hub,1.0239751840536628,0.834805373102939,0.0,0.0
2026-01-15 14:45,8,Bus_BESS,0.9926799065848936,0.25723985110228015,0.0,0.0
2026-01-15 15:00,0,Bus_MV_Grid,1.0,0.0,0.005566572219332544,-0.051612207246037656
2026-01-15 15:00,1,Bus_Main_LV,0.9923369207346816,0.1829974337315775,0.0,0.0
2026-01-15 15:00,2,Bus_Residential_1,1.0213971881460673,0.733049720157973,-0.027997400000000002,0.004062108250674017
2026-01-15 15:00,3,Bus_Residential_2,1.0489314388359565,1.2039890602206496,-0.039973000000000036,0.004315457958945884
2026-01-15 15:00,4,Bus_Residential_3,1.0640573617479656,1.4354421004841158,-0.0488044,0.0030605091769624667
2026-01-15 15:00,5,Bus_Commercial,0.969544312266808,0.38498896961890106,0.0916572,0.03478582153467729
2026-01-15 15:00,6,Bus_Critical,0.9904039443782369,0.19119978802820728,0.0101036,0.0029468833333333375
2026-01-15 15:00,7,Bus_EV_Hub,1.021397222352012,0.7330407345576474,0.0,0.0
2026-01-15 15:00,8,Bus_BESS,0.9923369290428674,0.1829951873315603,0.0,0.0
2026-01-15 15:15,0,Bus_MV_Grid,1.0,0.0,-0.00379199143203679,-0.051344210858077055
2026-01-15 15:15,1,Bus_Main_LV,0.9919628220998874,0.09923002267391108,0.0,0.0
2026-01-15 15:15,2,Bus_Residential_1,1.0183281445450403,0.6176485119152957,-0.0248887,0.004121567205300874
2026-01-15 15:15,3,Bus_Residential_2,1.0434818572630538,1.0635663917987441,-0.03597829999999999,0.004401901878607927
2026-01-15 15:15,4,Bus_Residential_3,1.0574438955795034,1.2831580826720805,-0.04482520000000001,0.0030738208832222103
2026-01-15 15:15,5,Bus_Commercial,0.9691611988261565,0.30137762141696534,0.0916572,0.03478582153467729
2026-01-15 15:15,6,Bus_Critical,0.9901565257276368,0.10689734987424822,0.0094391,0.002753070833333336
2026-01-15 15:15,7,Bus_EV_Hub,1.0183281786482044,0.6176395263149785,0.0,0.0
2026-01-15 15:15,8,Bus_BESS,0.9919628304049413,0.09922777627389434,0.0,0.0
2026-01-15 15:30,0,Bus_MV_Grid,1.0,0.0,-0.015148199566489495,-0.05166213502184114
2026-01-15 15:30,1,Bus_Main_LV,0.9914127841094129,-0.0008676619869955553,0.0,0.0
2026-01-15 15:30,2,Bus_Residential_1,1.0146826860289322,0.48717558683877327,-0.0213875,0.004353585315146632
2026-01-15 15:30,3,Bus_Residential_2,1.0370997138152862,0.9079722174796531,-0.0314946,0.004592177107095968
2026-01-15 15:30,4,Bus_Residential_3,1.049710623988699,1.1155532857206307,-0.040283999999999945,0.003191949950623496
2026-01-15 15:30,5,Bus_Commercial,0.9685978930752321,0.20150972774349643,0.0916572,0.03478582153467729
2026-01-15 15:30,6,Bus_Critical,0.9896239733178864,0.0067296041321211,0.0093427,0.0027249541666666682
2026-01-15 15:30,7,Bus_EV_Hub,1.0146827200100126,0.487166601238465,0.0,0.0
2026-01-15 15:30,8,Bus_BESS,0.9914127924098615,-0.000869908387013135,0.0,0.0
2026-01-15 15:45,0,Bus_MV_Grid,1.0,0.0,-0.027126808967040228,-0.05173432447765158
2026-01-15 15:45,1,Bus_Main_LV,0.9908763874553093,-0.10723664836882071,0.0,0.0
2026-01-15 15:45,2,Bus_Residential_1,1.0105009116863228,0.34769435091291073,-0.0175964,0.004608282628249733
2026-01-15 15:45,3,Bus_Residential_2,1.0295964247172364,0.740948732380112,-0.026187799999999994,0.004891345379629773
2026-01-15 15:45,4,Bus_Residential_3,1.040554219978996,0.9353723586435227,-0.03484349999999997,0.0034306403478043864
2026-01-15 15:45,5,Bus_Commercial,0.9683118878982843,0.0924165728291867,0.0906343,0.03435006795939157
2026-01-15 15:45,6,Bus_Critical,0.9891594716629611,-0.09994100358777061,0.008962999999999999,0.002614208333333333
2026-01-15 15:45,7,Bus_EV_Hub,1.010500945527358,0.34768536531260547,0.0,0.0
2026-01-15 15:45,8,Bus_BESS,0.9908763957512667,-0.10723889476884133,0.0,0.0
2026-01-15 16:00,0,Bus_MV_Grid,1.0,0.0,-0.0386500823853726,-0.05204735998295362
2026-01-15 16:00,1,Bus_Main_LV,0.9903260954337267,-0.20905857217742552,0.0,0.0
2026-01-15 16:00,2,Bus_Residential_1,1.0068733097617926,0.21230465961874642,-0.013940500000000002,0.004772131654681397
2026-01-15 16:00,3,Bus_Residential_2,1.0233193757088912,0.577972262385445,-0.021785599999999995,0.005080700292623312
2026-01-15 16:00,4,Bus_Residential_3,1.033025401876057,0.7579931527543291,-0.030715299999999987,0.0033731863662191178
2026-01-15 16:00,5,Bus_Commercial,0.9676737349902725,-0.008341038906563052,0.0909244,0.03447365004189269
2026-01-15 16:00,6,Bus_Critical,0.9886474846160377,-0.20192185468646648,0.008758500000000002,0.002554562500000003
2026-01-15 16:00,7,Bus_EV_Hub,1.0068733434813415,0.21229567401844296,0.0,0.0
2026-01-15 16:00,8,Bus_BESS,0.9903261037250768,-0.20906081857744727,0.0,0.0
2026-01-15 16:15,0,Bus_MV_Grid,1.0,0.0,-0.05216488016614762,-0.05267649501471272
2026-01-15 16:15,1,Bus_Main_LV,0.9896443187257551,-0.3279678390920588,0.0,0.0
2026-01-15 16:15,2,Bus_Residential_1,1.0022446146155206,0.05996890951172276,-0.010079600000000001,0.004976770378565758
2026-01-15 16:15,3,Bus_Residential_2,1.0150319258854181,0.39853465588752357,-0.01654050000000001,0.005389038851691606
2026-01-15 16:15,4,Bus_Residential_3,1.0227701255819908,0.5656757123357855,-0.0244941,0.003825652905408346
2026-01-15 16:15,5,Bus_Commercial,0.9670877632520611,-0.12822448438814107,0.0904892,0.034288255618230214
2026-01-15 16:15,6,Bus_Critical,0.98806902912575,-0.32126612707585733,0.008214600000000002,0.002395925
2026-01-15 16:15,7,Bus_EV_Hub,1.002244648180058,0.059959923911422706,0.0,0.0
2026-01-15 16:15,8,Bus_BESS,0.9896443270113976,-0.32797008549207757,0.0,0.0
2026-01-15 16:30,0,Bus_MV_Grid,1.0,0.0,-0.07385222045183881,-0.05517175699992993
2026-01-15 16:30,1,Bus_Main_LV,0.9883300591925995,-0.5154548591195804,0.0,0.0
2026-01-15 16:30,2,Bus_Residential_1,0.994608957888499,-0.16022859274545545,-0.005132499999999999,0.005460626249799562
2026-01-15 16:30,3,Bus_Residential_2,1.0037630593599396,0.15267971767604963,-0.010606800000000003,0.005893075926983391
2026-01-15 16:30,4,Bus_Residential_3,1.0098206798055567,0.3066861297270979,-0.019166799999999994,0.0040545485162549015
2026-01-15 16:30,5,Bus_Commercial,0.9660273069432059,-0.3183692557554016,0.08938360000000001,0.03381727199047002
2026-01-15 16:30,6,Bus_Critical,0.9867794016932555,-0.5088492470383034,0.008075600000000002,0.0023553833333333357
2026-01-15 16:30,7,Bus_EV_Hub,0.9928751594144496,-0.16124108770743176,0.007400000000000004,0.0015026340886916331
2026-01-15 16:30,8,Bus_BESS,0.9883300674672387,-0.5154571055195978,0.0,0.0
2026-01-15 16:45,0,Bus_MV_Grid,1.0,0.0,-0.08807234402437691,-0.05595766684046044
2026-01-15 16:45,1,Bus_Main_LV,0.9876052719821643,-0.6407432879256851,0.0,0.0
2026-01-15 16:45,2,Bus_Residential_1,0.9894498241409175,-0.31853820086325807,-0.00024000000000000106,0.005973735006394285
2026-01-15 16:45,3,Bus_Residential_2,0.994751448529269,-0.034402494590577926,-0.004918299999999999,0.006324375209799091
2026-01-15 16:45,4,Bus_Residential_3,0.9988685135182682,0.10487128027060288,-0.013243199999999998,0.00439483517034658
2026-01-15 16:45,5,Bus_Commercial,0.9656782884210943,-0.4477754405642473,0.0878608,0.033168561906937816
2026-01-15 16:45,6,Bus_Critical,0.9861309147919081,-0.6344583699334115,0.007673200000000005,0.0022380166666666687
2026-01-15 16:45,7,Bus_EV_Hub,0.9877069531656945,-0.3195612065392899,0.007400000000000004,0.0015026340886916331
2026-01-15 16:45,8,Bus_BESS,0.9876052802507351,-0.6407455343257061,0.0,0.0
2026-01-15 17:00,0,Bus_MV_Grid,1.0,0.0,-0.10213289724493979,-0.05656554902116895
2026-01-15 17:00,1,Bus_Main_LV,0.9869193950079784,-0.7652181499288574,0.0,0.0
2026-01-15 17:00,2,Bus_Residential_1,0.9841531617478899,-0.47651638671198876,0.004401699999999996,0.006383604085552325
2026-01-15 17:00,3,Bus_Residential_2,0.9853081540862317,-0.2210269630979822,0.0015822000000000032,0.007003535176330185
2026-01-15 17:00,4,Bus_Residential_3,0.9875197612089707,-0.0976417688024797,-0.007531399999999999,0.0046579139281317464
2026-01-15 17:00,5,Bus_Commercial,0.9656199201619996,-0.579209465117333,0.08536609999999999,0.03210582415714282
2026-01-15 17:00,6,Bus_Critical,0.9854753016252271,-0.7590580747608648,0.007510699999999995,0.002190620833333337
2026-01-15 17:00,7,Bus_EV_Hub,0.9824008769394772,-0.4775503561247227,0.007400000000000004,0.0015026340886916331
2026-01-15 17:00,8,Bus_BESS,0.9869194032708065,-0.7652203963288755,0.0,0.0
2026-01-15 17:15,0,Bus_MV_Grid,1.0,0.0,-0.12720863706787555,-0.060768311183038826
2026-01-15 17:15,1,Bus_Main_LV,0.9852257368438146,-0.9801381470751652,0.0,0.0
2026-01-15 17:15,2,Bus_Residential_1,0.9757610653401259,-0.7241331412130264,0.009595000000000005,0.007009024200886668
2026-01-15 17:15,3,Bus_Residential_2,0.9730636712597979,-0.49703763053462036,0.006886399999999992,0.007330312913699008
2026-01-15 17:15,4,Bus_Residential_3,0.9732804565885537,-0.3878869041374159,-0.0017100000000000032,0.005030411624530945
2026-01-15 17:15,5,Bus_Commercial,0.9636397641858256,-0.7906797883567397,0.08632699999999999,0.032515165843028104
2026-01-15 17:15,6,Bus_Critical,0.9838239213560984,-0.9741482930282207,0.007278599999999996,0.0021229249999999977
2026-01-15 17:15,7,Bus_EV_Hub,0.9722197615014122,-0.7262313772787842,0.014800000000000008,0.0030052681773832662
2026-01-15 17:15,8,Bus_BESS,0.9852257450924632,-0.9801403934751828,0.0,0.0
2026-01-15 17:30,0,Bus_MV_Grid,1.0,0.0,-0.13626509952351729,-0.06184463023966469
2026-01-15 17:30,1,Bus_Main_LV,0.9846857389620914,-1.0589981683562597,0.0,0.0
2026-01-15 17:30,2,Bus_Residential_1,0.9680305390884166,-0.8345788408461952,0.014567900000000007,0.007586062015938681
2026-01-15 17:30,3,Bus_Residential_2,0.9608664622291961,-0.6344384835636042,0.013121600000000006,0.007984788703931163
2026-01-15 17:30,4,Bus_Residential_3,0.9588701297208303,-0.5401385557572504,0.004544399999999997,0.0055054258933354555
2026-01-15 17:30,5,Bus_Commercial,0.9669348512863898,-0.8579327952545578,0.07053789999999999,0.030049019569993996
2026-01-15 17:30,6,Bus_Critical,0.9833475839318874,-1.053277448209304,0.006944699999999998,0.0020255375000000006
2026-01-15 17:30,7,Bus_EV_Hub,0.9626658475730578,-0.8377780790895896,0.022199999999999998,0.004507902266074899
2026-01-15 17:30,8,Bus_BESS,0.9846857472062187,-1.0590004147562775,0.0,0.0
2026-01-15 17:45,0,Bus_MV_Grid,1.0,0.0,-0.15867162072289975,-0.06483554676922143
2026-01-15 17:45,1,Bus_Main_LV,0.9833070044732442,-1.2536997341845404,0.0,0.0
2026-01-15 17:45,2,Bus_Residential_1,0.9593628545577214,-1.0595832667193346,0.019071499999999995,0.008016408114849367
2026-01-15 17:45,3,Bus_Residential_2,0.9475374383850729,-0.8843091702131344,0.01955890000000002,0.008729784096729564
2026-01-15 17:45,4,Bus_Residential_3,0.9432788683569455,-0.8036227155258482,0.010715999999999982,0.006052717796868778
2026-01-15 17:45,5,Bus_Commercial,0.9664912551750933,-1.0629567962567827,0.06679239999999999,0.028453443251455848
2026-01-15 17:45,6,Bus_Critical,0.9819575771104107,-1.2479226796132843,0.006993299999999994,0.002039712499999999
2026-01-15 17:45,7,Bus_EV_Hub,0.9521307750679721,-1.0639318449232946,0.029599999999999974,0.0060105363547665325
2026-01-15 17:45,8,Bus_BESS,0.9833070127058287,-1.253701980584556,0.0,0.0
2026-01-15 18:00,0,Bus_MV_Grid,1.0,0.0,-0.1754102430427289,-0.06732366153438019
2026-01-15 18:00,1,Bus_Main_LV,0.9822451591865577,-1.3989100311537046,0.0,0.0
2026-01-15 18:00,2,Bus_Residential_1,0.9532562361251643,-1.2310509004353298,0.0243327,0.00879404183929204
2026-01-15 18:00,3,Bus_Residential_2,0.9371429393943888,-1.081586786023017,0.025306099999999998,0.009352607607633007
2026-01-15 18:00,4,Bus_Residential_3,0.9307773213403557,-1.0152188686171015,0.016324500000000006,0.006507945282541495
2026-01-15 18:00,5,Bus_Commercial,0.9656670540819008,-1.2106587563554942,0.06579259999999998,0.028027530234962867
2026-01-15 18:00,6,Bus_Critical,0.9809806900175314,-1.3934911898028888,0.006546500000000011,0.0019093958333333341
2026-01-15 18:00,7,Bus_EV_Hub,0.9459771108834001,-1.2354556891726107,0.02959999999999996,0.0060105363547665325
2026-01-15 18:00,8,Bus_BESS,0.9822451674102513,-1.3989122775537264,0.0,0.0
2026-01-15 18:15,0,Bus_MV_Grid,1.0,0.0,-0.19988305726481648,-0.07240906682072001
2026-01-15 18:15,1,Bus_Main_LV,0.9804796686847319,-1.608425018975395,0.0,0.0
2026-01-15 18:15,2,Bus_Residential_1,0.9444827522718053,-1.4625955924508893,0.028321199999999998,0.00930872827959162
2026-01-15 18:15,3,Bus_Residential_2,0.9243916861547864,-1.332022620648321,0.03059910000000001,0.010057437802778544
2026-01-15 18:15,4,Bus_Residential_3,0.9161511861658307,-1.277091507282317,0.021091899999999997,0.006932572278022055
2026-01-15 18:15,5,Bus_Commercial,0.9640163434923639,-1.4211402325219622,0.06522550000000002,0.027785946646592015
2026-01-15 18:15,6,Bus_Critical,0.9792218680852474,-1.6030250692998664,0.006500300000000014,0.0018959208333333352
2026-01-15 18:15,7,Bus_EV_Hub,0.9350385496580699,-1.468360828640875,0.03795999999999994,0.0077081067576668105
2026-01-15 18:15,8,Bus_BESS,0.9804796768936448,-1.6084272653754115,0.0,0.0
2026-01-15 18:30,0,Bus_MV_Grid,1.0,0.0,-0.20930444430688966,-0.07483604311219239
2026-01-15 18:30,1,Bus_Main_LV,0.9797307447992071,-1.68820123268981,0.0,0.0
2026-01-15 18:30,2,Bus_Residential_1,0.9399266207762823,-1.532531029214763,0.030215899999999997,0.009931486053674013
2026-01-15 18:30,3,Bus_Residential_2,0.9183655297346771,-1.3917783048927732,0.03233120000000001,0.01062675154135886
2026-01-15 18:30,4,Bus_Residential_3,0.9094082738203755,-1.3316759468736286,0.02275760000000003,0.007480061392018494
2026-01-15 18:30,5,Bus_Commercial,0.9640951986161385,-1.5101948456801035,0.06195200000000001,0.026391441486070158
2026-01-15 18:30,6,Bus_Critical,0.9785684943144476,-1.6832081062050157,0.006002499999999994,0.001750729166666666
2026-01-15 18:30,7,Bus_EV_Hub,0.9288060570877661,-1.539350864206403,0.04439999999999994,0.009015804532149785
2026-01-15 18:30,8,Bus_BESS,0.9797307530018498,-1.6882034790898235,0.0,0.0
2026-01-15 18:45,0,Bus_MV_Grid,1.0,0.0,-0.21882185379913,-0.0771471479932222
2026-01-15 18:45,1,Bus_Main_LV,0.9789979301977961,-1.7692371013774988,0.0,0.0
2026-01-15 18:45,2,Bus_Residential_1,0.9354985333176679,-1.6064968023753439,0.03188800000000001,0.01048107874594359
2026-01-15 18:45,3,Bus_Residential_2,0.9129278183527366,-1.4584829302132272,0.03370179999999998,0.011077245975917013
2026-01-15 18:45,4,Bus_Residential_3,0.9035736805429763,-1.395342881032361,0.02361340000000002,0.007761349249230574
2026-01-15 18:45,5,Bus_Commercial,0.9642526968552063,-1.601238681504434,0.058434899999999984,0.024893163160097515
2026-01-15 18:45,6,Bus_Critical,0.9777944717027122,-1.7640628672794425,0.006210400000000005,0.001811366666666668
2026-01-15 18:45,7,Bus_EV_Hub,0.9224349258794862,-1.6145445396491536,0.05179999999999993,0.010518438620841411
2026-01-15 18:45,8,Bus_BESS,0.9789979383943034,-1.7692393477775166,0.0,0.0
2026-01-15 19:00,0,Bus_MV_Grid,1.0,0.0,-0.20760861456219493,-0.07292612256817499
2026-01-15 19:00,1,Bus_Main_LV,0.9800938157311946,-1.677232942143221,0.0,0.0
2026-01-15 19:00,2,Bus_Residential_1,0.9375796956108599,-1.5064992337638865,0.033202300000000004,0.010913068265380169
2026-01-15 19:00,3,Bus_Residential_2,0.9140424634909147,-1.352548844562022,0.0345998,0.011372404302367625
2026-01-15 19:00,4,Bus_Residential_3,0.9040576720984448,-1.285233049782791,0.0252188,0.00828901871168472
2026-01-15 19:00,5,Bus_Commercial,0.9672338251117024,-1.530873464840436,0.051123199999999994,0.02177839200317442
2026-01-15 19:00,6,Bus_Critical,0.9789010282201974,-1.6721103781468403,0.0061623000000000094,0.0017973375000000028
2026-01-15 19:00,7,Bus_EV_Hub,0.9262984329495432,-1.5134347880996863,0.04491999999999993,0.009121395035679478
2026-01-15 19:00,8,Bus_BESS,0.9800938239368773,-1.677235188543238,0.0,0.0
2026-01-15 19:15,0,Bus_MV_Grid,1.0,0.0,-0.20776457038274398,-0.07200369561975872
2026-01-15 19:15,1,Bus_Main_LV,0.9802306888573059,-1.6807748298537353,0.0,0.0
2026-01-15 19:15,2,Bus_Residential_1,0.9357347758123414,-1.5032410231438982,0.03420720000000001,0.011243362922674409
2026-01-15 19:15,3,Bus_Residential_2,0.9110976943835565,-1.341790098135968,0.036525500000000016,0.012005351283710573
2026-01-15 19:15,4,Bus_Residential_3,0.9008137164813119,-1.2722326506022221,0.02588120000000002,0.008506739062955196
2026-01-15 19:15,5,Bus_Commercial,0.9689292264710807,-1.5521681104851544,0.045007599999999995,0.019173157312571847
2026-01-15 19:15,6,Bus_Critical,0.9791239999840542,-1.6760230982674225,0.005718799999999996,0.001667983333333331
2026-01-15 19:15,7,Bus_EV_Hub,0.9238086707003369,-1.5105869432116221,0.04735999999999996,0.009616858167626446
2026-01-15 19:15,8,Bus_BESS,0.9802306970641342,-1.6807770762537475,0.0,0.0
2026-01-15 19:30,0,Bus_MV_Grid,1.0,0.0,-0.1909839952052419,-0.06626792182871188
2026-01-15 19:30,1,Bus_Main_LV,0.9817852101237796,-1.5421376871396133,0.0,0.0
2026-01-15 19:30,2,Bus_Residential_1,0.9401704690023007,-1.3610314721636667,0.0346043,0.011373883380840935
2026-01-15 19:30,3,Bus_Residential_2,0.9152045234823707,-1.1982108393171533,0.037062000000000005,0.012181690306139034
2026-01-15 19:30,4,Bus_Residential_3,0.9047372105125338,-1.127730844078183,0.026457300000000017,0.00869609397594874
2026-01-15 19:30,5,Bus_Commercial,0.9721179271952254,-1.432299327712866,0.038627499999999995,0.01645524609380125
2026-01-15 19:30,6,Bus_Critical,0.9806801228267232,-1.5374003620628833,0.005719599999999991,0.0016682166666666665
2026-01-15 19:30,7,Bus_EV_Hub,0.930924426729916,-1.3667017824017176,0.03699999999999995,0.007513170443458166
2026-01-15 19:30,8,Bus_BESS,0.9817852183436226,-1.5421399335396297,0.0,0.0
2026-01-15 19:45,0,Bus_MV_Grid,1.0,0.0,-0.18411384981518442,-0.06336402638806327
2026-01-15 19:45,1,Bus_Main_LV,0.9825093791493875,-1.4868007486300214,0.0,0.0
2026-01-15 19:45,2,Bus_Residential_1,0.9410727128873395,-1.301599094916963,0.03534229999999999,0.011616452250462938
2026-01-15 19:45,3,Bus_Residential_2,0.9155864927494594,-1.1356023194615767,0.03716740000000003,0.01221633361082488
2026-01-15 19:45,4,Bus_Residential_3,0.904634278697291,-1.061887400830152,0.027679700000000015,0.00909787742611937
2026-01-15 19:45,5,Bus_Commercial,0.9743587921743453,-1.3942617919207914,0.032643299999999986,0.013905987568798982
2026-01-15 19:45,6,Bus_Critical,0.9814176912326461,-1.4821243863928455,0.005654500000000007,0.0016492291666666686
2026-01-15 19:45,7,Bus_EV_Hub,0.9325009068420557,-1.3068515415236441,0.034359999999999946,0.00697709557938439
2026-01-15 19:45,8,Bus_BESS,0.9825093873752937,-1.4868029950300388,0.0,0.0
2026-01-15 20:00,0,Bus_MV_Grid,1.0,0.0,-0.18798029859429066,-0.0627402929316716
2026-01-15 20:00,1,Bus_Main_LV,0.982451585158835,-1.5231889435802013,0.0,0.0
2026-01-15 20:00,2,Bus_Residential_1,0.9377619167513214,-1.3387960132223438,0.0353195,0.011608958252864862
2026-01-15 20:00,3,Bus_Residential_2,0.9121107875210399,-1.1711461490401578,0.03723200000000001,0.012237566604019442
2026-01-15 20:00,4,Bus_Residential_3,0.9010744596255281,-1.096581889279152,0.02778250000000003,0.009131666152131766
2026-01-15 20:00,5,Bus_Commercial,0.9761162141902641,-1.45125450396227,0.025419999999999998,0.010828874654182329
2026-01-15 20:00,6,Bus_Critical,0.9814150157875762,-1.5187487111488631,0.005369000000000013,0.0015659583333333324
2026-01-15 20:00,7,Bus_EV_Hub,0.92661505820713,-1.3456477173187475,0.04439999999999994,0.009015804532149799
2026-01-15 20:00,8,Bus_BESS,0.9824515933842572,-1.5231911899802197,0.0,0.0
2026-01-15 20:15,0,Bus_MV_Grid,1.0,0.0,-0.18268812801302214,-0.06033130272879905
2026-01-15 20:15,1,Bus_Main_LV,0.983036241517665,-1.4809958140781367,0.0,0.0
2026-01-15 20:15,2,Bus_Residential_1,0.9387180816301682,-1.2988083292725936,0.035225700000000006,0.011578127683799082
2026-01-15 20:15,3,Bus_Residential_2,0.9134641282039602,-1.1339026017173703,0.0368007,0.012095805149455791
2026-01-15 20:15,4,Bus_Residential_3,0.9026341796530851,-1.0608413866670088,0.02731019999999998,0.008976428649255786
2026-01-15 20:15,5,Bus_Commercial,0.9776921872391182,-1.4203534778803437,0.021477499999999997,0.009149376687065329
2026-01-15 20:15,6,Bus_Critical,0.9820022795041082,-1.476569402202929,0.005358699999999994,0.001562954166666665
2026-01-15 20:15,7,Bus_EV_Hub,0.9275828532315155,-1.3056459300673013,0.04439999999999994,0.009015804532149799
2026-01-15 20:15,8,Bus_BESS,0.9830362497479821,-1.4809980604781552,0.0,0.0
2026-01-15 20:30,0,Bus_MV_Grid,1.0,0.0,-0.18505561980226637,-0.05974409654497048
2026-01-15 20:30,1,Bus_Main_LV,0.9830325732264524,-1.5037422169506738,0.0,0.0
2026-01-15 20:30,2,Bus_Residential_1,0.9368467431373525,-1.3266809335573884,0.034635900000000004,0.011384269798564588
2026-01-15 20:30,3,Bus_Residential_2,0.9121680122992879,-1.1651952938948913,0.035862899999999996,0.011787565195619049
2026-01-15 20:30,4,Bus_Residential_3,0.9015656011787614,-1.0935677639930945,0.02670480000000003,0.008777443291980502
2026-01-15 20:30,5,Bus_Commercial,0.9787045991384022,-1.4546304749101144,0.01741229999999999,0.007417608738828442
2026-01-15 20:30,6,Bus_Critical,0.9820347073838427,-1.4994705147268177,0.005171800000000004,0.0015084416666666656
2026-01-15 20:30,7,Bus_EV_Hub,0.9236389716795907,-1.3348056880319707,0.05243999999999993,0.010648396163647197
2026-01-15 20:30,8,Bus_BESS,0.9830325814567393,-1.5037444633506898,0.0,0.0
2026-01-15 20:45,0,Bus_MV_Grid,1.0,0.0,-0.17724514010847137,-0.05660876742874965
2026-01-15 20:45,1,Bus_Main_LV,0.9838309371037742,-1.4405615618861447,0.0,0.0
2026-01-15 20:45,2,Bus_Residential_1,0.9390669564635242,-1.2707220585433319,0.0327258,0.010756450289262441
2026-01-15 20:45,3,Bus_Residential_2,0.9151127134495712,-1.1143315628838217,0.03477720000000001,0.011430712862626369
2026-01-15 20:45,4,Bus_Residential_3,0.9047646093742174,-1.0446474280278317,0.02615680000000002,0.008597324402342482
2026-01-15 20:45,5,Bus_Commercial,0.980215823899106,-1.3995731670010674,0.01456700000000001,0.006205516014456097
2026-01-15 20:45,6,Bus_Critical,0.9828362757325053,-1.4363070554786954,0.0051593999999999945,0.0015048250000000013
2026-01-15 20:45,7,Bus_EV_Hub,0.9260544083837051,-1.2787079464278974,0.05179999999999994,0.010518438620841432
2026-01-15 20:45,8,Bus_BESS,0.9838309453407452,-1.4405638082861605,0.0,0.0
2026-01-15 21:00,0,Bus_MV_Grid,1.0,0.0,-0.17077440114792375,-0.05421451825842638
2026-01-15 21:00,1,Bus_Main_LV,0.9844617836269911,-1.3878197579338807,0.0,0.0
2026-01-15 21:00,2,Bus_Residential_1,0.9412683748331647,-1.2260583986560656,0.031501699999999994,0.010354108076112995
2026-01-15 21:00,3,Bus_Residential_2,0.9185062233494432,-1.0777703459344765,0.0330013,0.01084700276023923
2026-01-15 21:00,4,Bus_Residential_3,0.9086075252646149,-1.0113594959342387,0.025127200000000002,0.008258911247650332
2026-01-15 21:00,5,Bus_Commercial,0.9810567561818588,-1.3492384167160456,0.013732300000000003,0.0058499353034471985
2026-01-15 21:00,6,Bus_Critical,0.9835034777005733,-1.3837235928023255,0.004974199999999998,0.001450808333333331
2026-01-15 21:00,7,Bus_EV_Hub,0.9284395942074947,-1.2339132382400841,0.05119999999999998,0.010396603424461026
2026-01-15 21:00,8,Bus_BESS,0.9844617918692434,-1.3878220043339002,0.0,0.0
2026-01-15 21:15,0,Bus_MV_Grid,1.0,0.0,-0.17365781933115354,-0.054159176604859915
2026-01-15 21:15,1,Bus_Main_LV,0.9843543733821162,-1.4139392279851728,0.0,0.0
2026-01-15 21:15,2,Bus_Residential_1,0.9402111622930659,-1.2627267518811531,0.029541799999999993,0.009709920098372942
2026-01-15 21:15,3,Bus_Residential_2,0.9186097934154974,-1.1218185213889973,0.03116689999999999,0.010244064637699106
2026-01-15 21:15,4,Bus_Residential_3,0.9091553236282105,-1.0583958847793364,0.024014099999999976,0.007893052970175733
2026-01-15 21:15,5,Bus_Commercial,0.9811653381120485,-1.3778016818862224,0.01286269999999999,0.005479487254695159
2026-01-15 21:15,6,Bus_Critical,0.9833459491750821,-1.4096280717738974,0.005233500000000002,0.0015264374999999983
2026-01-15 21:15,7,Bus_EV_Hub,0.9253279982281959,-1.2718482490207939,0.05919999999999996,0.012021072709533065
2026-01-15 21:15,8,Bus_BESS,0.9843543816234694,-1.4139414743851857,0.0,0.0
2026-01-15 21:30,0,Bus_MV_Grid,1.0,0.0,-0.17193634522879275,-0.05288267494889709
2026-01-15 21:30,1,Bus_Main_LV,0.9846212750343453,-1.401410218789295,0.0,0.0
2026-01-15 21:30,2,Bus_Residential_1,0.9407616339527816,-1.2604432398532917,0.028016900000000004,0.009208709706385692
2026-01-15 21:30,3,Bus_Residential_2,0.9205395980887384,-1.1285693203231415,0.02930750000000002,0.009632909412529533
2026-01-15 21:30,4,Bus_Residential_3,0.9117156155289257,-1.0695013312287682,0.02247590000000002,0.007387471079589609
2026-01-15 21:30,5,Bus_Commercial,0.9816657748470426,-1.367928608633474,0.01192689999999999,0.005080838124034905
2026-01-15 21:30,6,Bus_Critical,0.9835967141143797,-1.3970311743433441,0.005318600000000007,0.001551258333333333
2026-01-15 21:30,7,Bus_EV_Hub,0.9248034642779989,-1.2702172105971232,0.06343999999999997,0.012882041430621244
2026-01-15 21:30,8,Bus_BESS,0.984621283277933,-1.40141246518931,0.0,0.0
2026-01-15 21:45,0,Bus_MV_Grid,1.0,0.0,-0.1596259495174508,-0.048900005523941914
2026-01-15 21:45,1,Bus_Main_LV,0.9857347415562403,-1.2999096171681896,0.0,0.0
2026-01-15 21:45,2,Bus_Residential_1,0.9453424868994476,-1.1709000387336552,0.025570099999999995,0.00840448543783405
2026-01-15 21:45,3,Bus_Residential_2,0.9267380379256437,-1.0501315681682233,0.02693930000000001,0.008854519714644953
2026-01-15 21:45,4,Bus_Residential_3,0.9185403298579428,-0.9956241909469763,0.02103710000000001,0.006914560389058258
2026-01-15 21:45,5,Bus_Commercial,0.9828106306770871,-1.2668211006774612,0.011813999999999991,0.005032742925433126
2026-01-15 21:45,6,Bus_Critical,0.9847293696969733,-1.2956175539808268,0.0052249999999999935,0.0015239583333333355
2026-01-15 21:45,7,Bus_EV_Hub,0.930542727906703,-1.1799212768386214,0.05919999999999999,0.012021072709533061
2026-01-15 21:45,8,Bus_BESS,0.9857347498091507,-1.2999118635682045,0.0,0.0
2026-01-15 22:00,0,Bus_MV_Grid,1.0,0.0,-0.160047096572552,-0.048065363199773614
2026-01-15 22:00,1,Bus_Main_LV,0.9858468881230492,-1.3056627659727036,0.0,0.0
2026-01-15 22:00,2,Bus_Residential_1,0.945121315312798,-1.1889592023044864,0.023108500000000008,0.007595396644525762
2026-01-15 22:00,3,Bus_Residential_2,0.9278633497050555,-1.076867376874453,0.02522369999999999,0.008290629263800092
2026-01-15 22:00,4,Bus_Residential_3,0.9203373625285768,-1.0268884567158867,0.019351200000000006,0.006360431856137223
2026-01-15 22:00,5,Bus_Commercial,0.9831294785164619,-1.2749172154537953,0.010982499999999992,0.0046785254087158695
2026-01-15 22:00,6,Bus_Critical,0.9848583093053841,-1.3014429695445486,0.005138400000000001,0.0014987000000000021
2026-01-15 22:00,7,Bus_EV_Hub,0.9285256053226121,-1.1990764399632656,0.06624,0.013450605680396445
2026-01-15 22:00,8,Bus_BESS,0.9858468963768983,-1.305665012372721,0.0,0.0
2026-01-15 22:15,0,Bus_MV_Grid,1.0,0.0,-0.1391838401576977,-0.042543208524789655
2026-01-15 22:15,1,Bus_Main_LV,0.9875508318528421,-1.1312589531428332,0.0,0.0
2026-01-15 22:15,2,Bus_Residential_1,0.953299166048481,-1.0243012641561833,0.0212836,0.006995581020984852
2026-01-15 22:15,3,Bus_Residential_2,0.9377735544479854,-0.9242883331342929,0.023038899999999994,0.007572520230805312
2026-01-15 22:15,4,Bus_Residential_3,0.9310427933632129,-0.8800647731374757,0.017507899999999986,0.005754568445061019
2026-01-15 22:15,5,Bus_Commercial,0.9843216296701122,-1.0947846252604085,0.013066599999999998,0.005566348290965334
2026-01-15 22:15,6,Bus_Critical,0.9865959908461813,-1.127190402857087,0.0049717999999999984,0.0014501083333333352
2026-01-15 22:15,7,Bus_EV_Hub,0.9404361415748774,-1.0320777571935689,0.05200000000000003,0.010559050352968221
2026-01-15 22:15,8,Bus_BESS,0.9875508401209572,-1.131261199542852,0.0,0.0
2026-01-15 22:30,0,Bus_MV_Grid,1.0,0.0,-0.13647201024299438,-0.04085385722051349
2026-01-15 22:30,1,Bus_Main_LV,0.9879232443308779,-1.1109449538447098,0.0,0.0
2026-01-15 22:30,2,Bus_Residential_1,0.9542148982759471,-1.01580617583241,0.0192776,0.006336240705996053
2026-01-15 22:30,3,Bus_Residential_2,0.9401989368716258,-0.9255909326815275,0.02055839999999999,0.006757219307909141
2026-01-15 22:30,4,Bus_Residential_3,0.9340105384904945,-0.8850372810307812,0.01614849999999999,0.0053077552724808685
2026-01-15 22:30,5,Bus_Commercial,0.9850476604872638,-1.0784777678207107,0.0116444,0.004960493627976424
2026-01-15 22:30,6,Bus_Critical,0.9868754760848695,-1.1064815787910713,0.005457199999999995,0.0015916833333333331
2026-01-15 22:30,7,Bus_EV_Hub,0.9402909955635065,-1.0242152229429637,0.05628000000000001,0.011428141420481756
2026-01-15 22:30,8,Bus_BESS,0.987923252602111,-1.1109472002447287,0.0,0.0
2026-01-15 22:45,0,Bus_MV_Grid,1.0,0.0,-0.11681132179652254,-0.03529100552990272
2026-01-15 22:45,1,Bus_Main_LV,0.9895937969979486,-0.9481015685503729,0.0,0.0
2026-01-15 22:45,2,Bus_Residential_1,0.9614430148766555,-0.8635451443938443,0.017417,0.00572469105990026
2026-01-15 22:45,3,Bus_Residential_2,0.9492324144106654,-0.7855119926437149,0.0182558,0.006000391287324284
2026-01-15 22:45,4,Bus_Residential_3,0.9439063176971212,-0.7509440294578321,0.014045700000000001,0.004616598336110755
2026-01-15 22:45,5,Bus_Commercial,0.9866797487405247,-0.9152555568836374,0.011819699999999995,0.0050351711152650976
2026-01-15 22:45,6,Bus_Critical,0.9885985893747684,-0.943869544983215,0.005192499999999996,0.0015144791666666657
2026-01-15 22:45,7,Bus_EV_Hub,0.9504483997996952,-0.8701371384309599,0.04492000000000003,0.009121395035679464
2026-01-15 22:45,8,Bus_BESS,0.9895938052831678,-0.9481038149503935,0.0,0.0
2026-01-15 23:00,0,Bus_MV_Grid,1.0,0.0,-0.103520118430388,-0.031664062998085996
2026-01-15 23:00,1,Bus_Main_LV,0.9907070027402259,-0.8380035700632256,0.0,0.0
2026-01-15 23:00,2,Bus_Residential_1,0.9665038855443552,-0.7615842661033418,0.015595500000000003,0.005125992962316961
2026-01-15 23:00,3,Bus_Residential_2,0.9555109435212368,-0.6916896706296543,0.0164703,0.005413525817527429
2026-01-15 23:00,4,Bus_Residential_3,0.9506882470569745,-0.6605964816073584,0.012809599999999997,0.0042103119136991645
2026-01-15 23:00,5,Bus_Commercial,0.9876220029417327,-0.8032693483060498,0.012524999999999994,0.005335627657105962
2026-01-15 23:00,6,Bus_Critical,0.9897303166352329,-0.8338550856183865,0.005101699999999994,0.0014879958333333353
2026-01-15 23:00,7,Bus_EV_Hub,0.9575146077226129,-0.7669473882752215,0.03700000000000002,0.007513170443458148
2026-01-15 23:00,8,Bus_BESS,0.9907070110347652,-0.8380058164632449,0.0,0.0
2026-01-15 23:15,0,Bus_MV_Grid,1.0,0.0,-0.09230380096844093,-0.028002448243384492
2026-01-15 23:15,1,Bus_Main_LV,0.9917420375898622,-0.7467432774773177,0.0,0.0
2026-01-15 23:15,2,Bus_Residential_1,0.9701809592952949,-0.6788240722286952,0.014098000000000003,0.004633788514811613
2026-01-15 23:15,3,Bus_Residential_2,0.9604726486099615,-0.6173216153252655,0.0145996,0.004798656461969331
2026-01-15 23:15,4,Bus_Residential_3,0.9562054038722736,-0.5899539634454377,0.01140010000000001,0.003747031667449557
2026-01-15 23:15,5,Bus_Commercial,0.9891340438005717,-0.7174114144341631,0.010604699999999995,0.004517583282659613
2026-01-15 23:15,6,Bus_Critical,0.9907674640524863,-0.7426081045029866,0.005096000000000003,0.0014863333333333326
2026-01-15 23:15,7,Bus_EV_Hub,0.9621538004961935,-0.6835960247275583,0.03320000000000002,0.006741547533048932
2026-01-15 23:15,8,Bus_BESS,0.9917420458930677,-0.7467455238773378,0.0,0.0
2026-01-15 23:30,0,Bus_MV_Grid,1.0,0.0,-0.08080898701065298,-0.024922076230442514
2026-01-15 23:30,1,Bus_Main_LV,0.992701645845042,-0.6517759957884366,0.0,0.0
2026-01-15 23:30,2,Bus_Residential_1,0.9746855177196609,-0.5929516085769454,0.0119406,0.003924685426298735
2026-01-15 23:30,3,Bus_Residential_2,0.9662240059700694,-0.5395923175030594,0.012605399999999998,0.004143194619421642
2026-01-15 23:30,4,Bus_Residential_3,0.9624322998816508,-0.515421479655112,0.010195700000000002,0.0033511645311721343
2026-01-15 23:30,5,Bus_Commercial,0.9898078189144737,-0.6192600966926775,0.011774900000000005,0.005016086395182197
2026-01-15 23:30,6,Bus_Critical,0.9917633006653063,-0.6477986058817229,0.004911499999999999,0.0014325208333333325
2026-01-15 23:30,7,Bus_EV_Hub,0.9682368694581704,-0.5967692620658819,0.026840000000000017,0.005450094451416667
2026-01-15 23:30,8,Bus_BESS,0.9927016541562813,-0.6517782421884569,0.0,0.0
2026-01-15 23:45,0,Bus_MV_Grid,1.0,0.0,-0.06646074823157289,-0.02080921532423652
2026-01-15 23:45,1,Bus_Main_LV,0.9939445910961587,-0.534149302261879,0.0,0.0
2026-01-15 23:45,2,Bus_Residential_1,0.9794402212355351,-0.48073186907882604,0.0109887,0.0036118110265789738
2026-01-15 23:45,3,Bus_Residential_2,0.9719828778753551,-0.4339308933693733,0.011116299999999996,0.0036537511183997963
2026-01-15 23:45,4,Bus_Residential_3,0.968619216906391,-0.41261801654483127,0.009102900000000004,0.002991978541032673
2026-01-15 23:45,5,Bus_Commercial,0.9915095886558146,-0.506824239951286,0.009925100000000003,0.004228074894973444
2026-01-15 23:45,6,Bus_Critical,0.993018059993147,-0.5302269783043018,0.0048558,0.0014162749999999998
2026-01-15 23:45,7,Bus_EV_Hub,0.9750023569682034,-0.48334920586948993,0.0186,0.0037768910877924756
2026-01-15 23:45,8,Bus_BESS,0.9939445994178046,-0.5341515486618992,0.0,0.0
