timestamp,horizon_minutes,forecast_origin,risk_state,constraint_type,constraint_location,required_up_kw,required_down_kw,required_shift_kw,available_up_kw,available_down_kw,available_shift_kw,selected_up_kw,selected_down_kw,selected_shift_kw,unserved_up_kw,unserved_down_kw,unserved_shift_kw,number_of_selected_ders
2011-09-16 13:30:00,15,2011-09-16 13:15:00,NORMAL,NONE,NONE,0.0,0.0,0.0,35.0,56.16,10.0,0.0,0.0,0.0,0.0,0.0,0.0,0
2011-09-16 13:45:00,30,2011-09-16 13:15:00,NORMAL,NONE,NONE,0.0,0.0,0.0,35.0,56.37,10.0,0.0,0.0,0.0,0.0,0.0,0.0,0
2011-09-16 14:00:00,45,2011-09-16 13:15:00,NORMAL,NONE,NONE,0.0,0.0,0.0,35.0,53.65,10.0,0.0,0.0,0.0,0.0,0.0,0.0,0
2011-09-16 14:15:00,60,2011-09-16 13:15:00,WATCH,NONE,NONE,0.0,0.0,0.0,35.0,52.21,10.0,0.0,0.0,0.0,0.0,0.0,0.0,0
2011-09-16 14:30:00,75,2011-09-16 13:15:00,WATCH,NONE,NONE,0.0,0.0,0.0,35.0,48.2,10.0,0.0,0.0,0.0,0.0,0.0,0.0,0
2011-09-16 14:45:00,90,2011-09-16 13:15:00,WATCH,NONE,NONE,0.0,0.0,0.0,35.0,48.88,10.0,0.0,0.0,0.0,0.0,0.0,0.0,0
2011-09-16 15:00:00,105,2011-09-16 13:15:00,WATCH,NONE,NONE,0.0,0.0,0.0,35.0,41.46,10.0,0.0,0.0,0.0,0.0,0.0,0.0,0
2011-09-16 15:15:00,120,2011-09-16 13:15:00,WATCH,NONE,NONE,0.0,0.0,0.0,35.0,42.26,10.0,0.0,0.0,0.0,0.0,0.0,0.0,0
2011-09-16 15:30:00,135,2011-09-16 13:15:00,WATCH,NONE,NONE,0.0,0.0,0.0,35.0,35.4,10.0,0.0,0.0,0.0,0.0,0.0,0.0,0
2011-09-16 15:45:00,150,2011-09-16 13:15:00,WATCH,NONE,NONE,0.0,0.0,0.0,35.0,36.85,10.0,0.0,0.0,0.0,0.0,0.0,0.0,0
2011-09-16 16:00:00,165,2011-09-16 13:15:00,WATCH,NONE,NONE,0.0,0.0,0.0,35.0,27.79,10.0,0.0,0.0,0.0,0.0,0.0,0.0,0
2011-09-16 16:15:00,180,2011-09-16 13:15:00,WATCH,NONE,NONE,0.0,0.0,0.0,35.0,26.83,10.0,0.0,0.0,0.0,0.0,0.0,0.0,0
2011-09-16 16:30:00,195,2011-09-16 13:15:00,WATCH,VOLTAGE_DROP,Bus_Residential_3,1.44,0.0,0.0,35.0,25.47,10.0,1.44,0.0,0.0,0.0,0.0,0.0,1
2011-09-16 16:45:00,210,2011-09-16 13:15:00,WATCH,VOLTAGE_DROP,Bus_Residential_3,3.2,0.0,0.0,35.0,25.0,10.0,3.2,0.0,0.0,0.0,0.0,0.0,1
2011-09-16 17:00:00,225,2011-09-16 13:15:00,WATCH,VOLTAGE_DROP,Bus_Residential_3,17.76,0.0,8.88,35.0,25.0,10.0,17.76,0.0,0.0,0.0,0.0,8.88,1
2011-09-16 17:15:00,240,2011-09-16 13:15:00,WATCH,VOLTAGE_DROP,Bus_Residential_3,21.12,0.0,10.56,35.0,25.0,10.0,21.12,0.0,0.0,0.0,0.0,10.56,1
