der_id,der_type,activation_count,allocated_energy_kwh,allocated_power_kw,participation_count
PV_H002,PV,0,0.0,0.0,0
PV_H003,PV,0,0.0,0.0,0
PV_H005,PV,0,0.0,0.0,0
PV_H006,PV,0,0.0,0.0,0
PV_H007,PV,0,0.0,0.0,0
PV_H010,PV,0,0.0,0.0,0
PV_H016,PV,0,0.0,0.0,0
PV_H017,PV,0,0.0,0.0,0
PV_H018,PV,0,0.0,0.0,0
PV_H021,PV,0,0.0,0.0,0
PV_H024,PV,0,0.0,0.0,0
PV_H025,PV,0,0.0,0.0,0
PV_H026,PV,0,0.0,0.0,0
PV_H027,PV,0,0.0,0.0,0
PV_H032,PV,0,0.0,0.0,0
PV_H033,PV,0,0.0,0.0,0
PV_H034,PV,0,0.0,0.0,0
PV_H035,PV,0,0.0,0.0,0
PV_H036,PV,0,0.0,0.0,0
PV_H037,PV,0,0.0,0.0,0
PV_H040,PV,0,0.0,0.0,0
PV_H042,PV,0,0.0,0.0,0
PV_H044,PV,0,0.0,0.0,0
PV_H046,PV,0,0.0,0.0,0
PV_H048,PV,0,0.0,0.0,0
PV_H049,PV,0,0.0,0.0,0
PV_H050,PV,0,0.0,0.0,0
PV_H053,PV,0,0.0,0.0,0
PV_H055,PV,0,0.0,0.0,0
PV_H057,PV,0,0.0,0.0,0
PV_H058,PV,0,0.0,0.0,0
PV_H060,PV,0,0.0,0.0,0
PV_H061,PV,0,0.0,0.0,0
PV_H062,PV,0,0.0,0.0,0
PV_H063,PV,0,0.0,0.0,0
PV_H066,PV,0,0.0,0.0,0
PV_H067,PV,0,0.0,0.0,0
PV_H069,PV,0,0.0,0.0,0
PV_H071,PV,0,0.0,0.0,0
PV_H072,PV,0,0.0,0.0,0
PV_H073,PV,0,0.0,0.0,0
PV_H074,PV,0,0.0,0.0,0
PV_H076,PV,0,0.0,0.0,0
PV_H077,PV,0,0.0,0.0,0
PV_H078,PV,0,0.0,0.0,0
PV_H079,PV,0,0.0,0.0,0
PV_H080,PV,0,0.0,0.0,0
PV_H081,PV,0,0.0,0.0,0
PV_H082,PV,0,0.0,0.0,0
PV_H083,PV,0,0.0,0.0,0
PV_H085,PV,0,0.0,0.0,0
PV_H087,PV,0,0.0,0.0,0
PV_H088,PV,0,0.0,0.0,0
PV_H090,PV,0,0.0,0.0,0
PV_H093,PV,0,0.0,0.0,0
PV_H094,PV,0,0.0,0.0,0
PV_H095,PV,0,0.0,0.0,0
PV_H096,PV,0,0.0,0.0,0
PV_H098,PV,0,0.0,0.0,0
PV_H099,PV,0,0.0,0.0,0
BESS_COMMUNITY_01,BESS,4,10.88,43.52,4
EV_001,EV,0,0.0,0.0,0
EV_002,EV,0,0.0,0.0,0
EV_003,EV,0,0.0,0.0,0
EV_004,EV,0,0.0,0.0,0
EV_005,EV,0,0.0,0.0,0
EV_006,EV,0,0.0,0.0,0
EV_007,EV,0,0.0,0.0,0
EV_008,EV,0,0.0,0.0,0
EV_009,EV,0,0.0,0.0,0
EV_010,EV,0,0.0,0.0,0
EV_011,EV,0,0.0,0.0,0
EV_012,EV,0,0.0,0.0,0
EV_013,EV,0,0.0,0.0,0
EV_014,EV,0,0.0,0.0,0
EV_015,EV,0,0.0,0.0,0
EV_016,EV,0,0.0,0.0,0
EV_017,EV,0,0.0,0.0,0
EV_018,EV,0,0.0,0.0,0
EV_019,EV,0,0.0,0.0,0
EV_020,EV,0,0.0,0.0,0
FL001,FLEXIBLE_LOAD,0,0.0,0.0,0
FL002,FLEXIBLE_LOAD,0,0.0,0.0,0
FL003,FLEXIBLE_LOAD,0,0.0,0.0,0
