timestamp,der_id,der_type,baseline_kw,optimized_kw,allocated_flex_kw
2011-09-16 13:30:00,BESS_COMMUNITY_01,BESS,0.0,0.0,0.0
2011-09-16 13:30:00,PV_H002,PV,3.87,3.87,0.0
2011-09-16 13:30:00,PV_H003,PV,3.12,3.12,0.0
2011-09-16 13:30:00,PV_H005,PV,3.14,3.14,0.0
2011-09-16 13:30:00,PV_H006,PV,1.98,1.98,0.0
2011-09-16 13:30:00,PV_H007,PV,3.89,3.89,0.0
2011-09-16 13:30:00,PV_H010,PV,2.99,2.99,0.0
2011-09-16 13:30:00,PV_H016,PV,2.08,2.08,0.0
2011-09-16 13:30:00,PV_H017,PV,3.58,3.58,0.0
2011-09-16 13:30:00,PV_H018,PV,2.3,2.3,0.0
2011-09-16 13:30:00,PV_H021,PV,5.33,5.33,0.0
2011-09-16 13:30:00,PV_H024,PV,1.98,1.98,0.0
2011-09-16 13:30:00,PV_H025,PV,3.77,3.77,0.0
2011-09-16 13:30:00,PV_H026,PV,3.63,3.63,0.0
2011-09-16 13:30:00,PV_H027,PV,3.5,3.5,0.0
2011-09-16 13:30:00,PV_H032,PV,3.17,3.17,0.0
2011-09-16 13:30:00,PV_H033,PV,2.39,2.39,0.0
2011-09-16 13:30:00,PV_H034,PV,3.92,3.92,0.0
2011-09-16 13:30:00,PV_H035,PV,2.95,2.95,0.0
2011-09-16 13:30:00,PV_H036,PV,3.45,3.45,0.0
2011-09-16 13:30:00,PV_H037,PV,3.32,3.32,0.0
2011-09-16 13:30:00,PV_H040,PV,4.06,4.06,0.0
2011-09-16 13:30:00,PV_H042,PV,2.52,2.52,0.0
2011-09-16 13:30:00,PV_H044,PV,3.3,3.3,0.0
2011-09-16 13:30:00,PV_H046,PV,4.22,4.22,0.0
2011-09-16 13:30:00,PV_H048,PV,3.08,3.08,0.0
2011-09-16 13:30:00,PV_H049,PV,2.74,2.74,0.0
2011-09-16 13:30:00,PV_H050,PV,3.86,3.86,0.0
2011-09-16 13:30:00,PV_H053,PV,4.49,4.49,0.0
2011-09-16 13:30:00,PV_H055,PV,2.74,2.74,0.0
2011-09-16 13:30:00,PV_H057,PV,4.29,4.29,0.0
2011-09-16 13:30:00,PV_H058,PV,2.97,2.97,0.0
2011-09-16 13:30:00,PV_H060,PV,5.51,5.51,0.0
2011-09-16 13:30:00,PV_H061,PV,3.04,3.04,0.0
2011-09-16 13:30:00,PV_H062,PV,5.94,5.94,0.0
2011-09-16 13:30:00,PV_H063,PV,3.98,3.98,0.0
2011-09-16 13:30:00,PV_H066,PV,4.38,4.38,0.0
2011-09-16 13:30:00,PV_H067,PV,2.6,2.6,0.0
2011-09-16 13:30:00,PV_H069,PV,3.54,3.54,0.0
2011-09-16 13:30:00,PV_H071,PV,4.52,4.52,0.0
2011-09-16 13:30:00,PV_H072,PV,5.11,5.11,0.0
2011-09-16 13:30:00,PV_H073,PV,3.67,3.67,0.0
2011-09-16 13:30:00,PV_H074,PV,4.06,4.06,0.0
2011-09-16 13:30:00,PV_H076,PV,4.64,4.64,0.0
2011-09-16 13:30:00,PV_H077,PV,4.95,4.95,0.0
2011-09-16 13:30:00,PV_H078,PV,2.72,2.72,0.0
2011-09-16 13:30:00,PV_H079,PV,2.82,2.82,0.0
2011-09-16 13:30:00,PV_H080,PV,4.1,4.1,0.0
2011-09-16 13:30:00,PV_H081,PV,4.1,4.1,0.0
2011-09-16 13:30:00,PV_H082,PV,2.71,2.71,0.0
2011-09-16 13:30:00,PV_H083,PV,3.03,3.03,0.0
2011-09-16 13:30:00,PV_H085,PV,3.78,3.78,0.0
2011-09-16 13:30:00,PV_H087,PV,4.37,4.37,0.0
2011-09-16 13:30:00,PV_H088,PV,2.22,2.22,0.0
2011-09-16 13:30:00,PV_H090,PV,4.28,4.28,0.0
2011-09-16 13:30:00,PV_H093,PV,5.25,5.25,0.0
2011-09-16 13:30:00,PV_H094,PV,2.73,2.73,0.0
2011-09-16 13:30:00,PV_H095,PV,2.63,2.63,0.0
2011-09-16 13:30:00,PV_H096,PV,4.22,4.22,0.0
2011-09-16 13:30:00,PV_H098,PV,3.13,3.13,0.0
2011-09-16 13:30:00,PV_H099,PV,3.07,3.07,0.0
2011-09-16 13:30:00,EV_001,EV,0.0,0.0,0.0
2011-09-16 13:30:00,EV_002,EV,0.0,0.0,0.0
2011-09-16 13:30:00,EV_003,EV,0.0,0.0,0.0
2011-09-16 13:30:00,EV_004,EV,0.0,0.0,0.0
2011-09-16 13:30:00,EV_005,EV,0.0,0.0,0.0
2011-09-16 13:30:00,EV_006,EV,0.0,0.0,0.0
2011-09-16 13:30:00,EV_007,EV,0.0,0.0,0.0
2011-09-16 13:30:00,EV_008,EV,0.0,0.0,0.0
2011-09-16 13:30:00,EV_009,EV,0.0,0.0,0.0
2011-09-16 13:30:00,EV_010,EV,0.0,0.0,0.0
2011-09-16 13:30:00,EV_011,EV,0.0,0.0,0.0
2011-09-16 13:30:00,EV_012,EV,0.0,0.0,0.0
2011-09-16 13:30:00,EV_013,EV,0.0,0.0,0.0
2011-09-16 13:30:00,EV_014,EV,0.0,0.0,0.0
2011-09-16 13:30:00,EV_015,EV,0.0,0.0,0.0
2011-09-16 13:30:00,EV_016,EV,0.0,0.0,0.0
2011-09-16 13:30:00,EV_017,EV,0.0,0.0,0.0
2011-09-16 13:30:00,EV_018,EV,0.0,0.0,0.0
2011-09-16 13:30:00,EV_019,EV,0.0,0.0,0.0
2011-09-16 13:30:00,EV_020,EV,0.0,0.0,0.0
2011-09-16 13:30:00,FL001,FLEXIBLE_LOAD,0.0,0.0,0.0
2011-09-16 13:30:00,FL002,FLEXIBLE_LOAD,10.0,10.0,0.0
2011-09-16 13:30:00,FL003,FLEXIBLE_LOAD,4.0,4.0,0.0
2011-09-16 13:45:00,BESS_COMMUNITY_01,BESS,0.0,0.0,0.0
2011-09-16 13:45:00,PV_H002,PV,3.89,3.89,0.0
2011-09-16 13:45:00,PV_H003,PV,3.14,3.14,0.0
2011-09-16 13:45:00,PV_H005,PV,3.16,3.16,0.0
2011-09-16 13:45:00,PV_H006,PV,1.99,1.99,0.0
2011-09-16 13:45:00,PV_H007,PV,3.91,3.91,0.0
2011-09-16 13:45:00,PV_H010,PV,3.01,3.01,0.0
2011-09-16 13:45:00,PV_H016,PV,2.09,2.09,0.0
2011-09-16 13:45:00,PV_H017,PV,3.61,3.61,0.0
2011-09-16 13:45:00,PV_H018,PV,2.32,2.32,0.0
2011-09-16 13:45:00,PV_H021,PV,5.37,5.37,0.0
2011-09-16 13:45:00,PV_H024,PV,1.99,1.99,0.0
2011-09-16 13:45:00,PV_H025,PV,3.79,3.79,0.0
2011-09-16 13:45:00,PV_H026,PV,3.66,3.66,0.0
2011-09-16 13:45:00,PV_H027,PV,3.53,3.53,0.0
2011-09-16 13:45:00,PV_H032,PV,3.19,3.19,0.0
2011-09-16 13:45:00,PV_H033,PV,2.41,2.41,0.0
2011-09-16 13:45:00,PV_H034,PV,3.94,3.94,0.0
2011-09-16 13:45:00,PV_H035,PV,2.97,2.97,0.0
2011-09-16 13:45:00,PV_H036,PV,3.48,3.48,0.0
2011-09-16 13:45:00,PV_H037,PV,3.35,3.35,0.0
2011-09-16 13:45:00,PV_H040,PV,4.08,4.08,0.0
2011-09-16 13:45:00,PV_H042,PV,2.54,2.54,0.0
2011-09-16 13:45:00,PV_H044,PV,3.33,3.33,0.0
2011-09-16 13:45:00,PV_H046,PV,4.25,4.25,0.0
2011-09-16 13:45:00,PV_H048,PV,3.1,3.1,0.0
2011-09-16 13:45:00,PV_H049,PV,2.76,2.76,0.0
2011-09-16 13:45:00,PV_H050,PV,3.88,3.88,0.0
2011-09-16 13:45:00,PV_H053,PV,4.52,4.52,0.0
2011-09-16 13:45:00,PV_H055,PV,2.76,2.76,0.0
2011-09-16 13:45:00,PV_H057,PV,4.32,4.32,0.0
2011-09-16 13:45:00,PV_H058,PV,2.99,2.99,0.0
2011-09-16 13:45:00,PV_H060,PV,5.55,5.55,0.0
2011-09-16 13:45:00,PV_H061,PV,3.06,3.06,0.0
2011-09-16 13:45:00,PV_H062,PV,5.98,5.98,0.0
2011-09-16 13:45:00,PV_H063,PV,4.0,4.0,0.0
2011-09-16 13:45:00,PV_H066,PV,4.41,4.41,0.0
2011-09-16 13:45:00,PV_H067,PV,2.62,2.62,0.0
2011-09-16 13:45:00,PV_H069,PV,3.57,3.57,0.0
2011-09-16 13:45:00,PV_H071,PV,4.55,4.55,0.0
2011-09-16 13:45:00,PV_H072,PV,5.15,5.15,0.0
2011-09-16 13:45:00,PV_H073,PV,3.69,3.69,0.0
2011-09-16 13:45:00,PV_H074,PV,4.08,4.08,0.0
2011-09-16 13:45:00,PV_H076,PV,4.67,4.67,0.0
2011-09-16 13:45:00,PV_H077,PV,4.98,4.98,0.0
2011-09-16 13:45:00,PV_H078,PV,2.74,2.74,0.0
2011-09-16 13:45:00,PV_H079,PV,2.84,2.84,0.0
2011-09-16 13:45:00,PV_H080,PV,4.12,4.12,0.0
2011-09-16 13:45:00,PV_H081,PV,4.12,4.12,0.0
2011-09-16 13:45:00,PV_H082,PV,2.73,2.73,0.0
2011-09-16 13:45:00,PV_H083,PV,3.05,3.05,0.0
2011-09-16 13:45:00,PV_H085,PV,3.8,3.8,0.0
2011-09-16 13:45:00,PV_H087,PV,4.4,4.4,0.0
2011-09-16 13:45:00,PV_H088,PV,2.23,2.23,0.0
2011-09-16 13:45:00,PV_H090,PV,4.31,4.31,0.0
2011-09-16 13:45:00,PV_H093,PV,5.29,5.29,0.0
2011-09-16 13:45:00,PV_H094,PV,2.75,2.75,0.0
2011-09-16 13:45:00,PV_H095,PV,2.65,2.65,0.0
2011-09-16 13:45:00,PV_H096,PV,4.25,4.25,0.0
2011-09-16 13:45:00,PV_H098,PV,3.15,3.15,0.0
2011-09-16 13:45:00,PV_H099,PV,3.09,3.09,0.0
2011-09-16 13:45:00,EV_001,EV,0.0,0.0,0.0
2011-09-16 13:45:00,EV_002,EV,0.0,0.0,0.0
2011-09-16 13:45:00,EV_003,EV,0.0,0.0,0.0
2011-09-16 13:45:00,EV_004,EV,0.0,0.0,0.0
2011-09-16 13:45:00,EV_005,EV,0.0,0.0,0.0
2011-09-16 13:45:00,EV_006,EV,0.0,0.0,0.0
2011-09-16 13:45:00,EV_007,EV,0.0,0.0,0.0
2011-09-16 13:45:00,EV_008,EV,0.0,0.0,0.0
2011-09-16 13:45:00,EV_009,EV,0.0,0.0,0.0
2011-09-16 13:45:00,EV_010,EV,0.0,0.0,0.0
2011-09-16 13:45:00,EV_011,EV,0.0,0.0,0.0
2011-09-16 13:45:00,EV_012,EV,0.0,0.0,0.0
2011-09-16 13:45:00,EV_013,EV,0.0,0.0,0.0
2011-09-16 13:45:00,EV_014,EV,0.0,0.0,0.0
2011-09-16 13:45:00,EV_015,EV,0.0,0.0,0.0
2011-09-16 13:45:00,EV_016,EV,0.0,0.0,0.0
2011-09-16 13:45:00,EV_017,EV,0.0,0.0,0.0
2011-09-16 13:45:00,EV_018,EV,0.0,0.0,0.0
2011-09-16 13:45:00,EV_019,EV,0.0,0.0,0.0
2011-09-16 13:45:00,EV_020,EV,0.0,0.0,0.0
2011-09-16 13:45:00,FL001,FLEXIBLE_LOAD,0.0,0.0,0.0
2011-09-16 13:45:00,FL002,FLEXIBLE_LOAD,10.0,10.0,0.0
2011-09-16 13:45:00,FL003,FLEXIBLE_LOAD,4.0,4.0,0.0
2011-09-16 14:00:00,BESS_COMMUNITY_01,BESS,0.0,0.0,0.0
2011-09-16 14:00:00,PV_H002,PV,3.56,3.56,0.0
2011-09-16 14:00:00,PV_H003,PV,2.86,2.86,0.0
2011-09-16 14:00:00,PV_H005,PV,2.88,2.88,0.0
2011-09-16 14:00:00,PV_H006,PV,1.82,1.82,0.0
2011-09-16 14:00:00,PV_H007,PV,3.57,3.57,0.0
2011-09-16 14:00:00,PV_H010,PV,2.75,2.75,0.0
2011-09-16 14:00:00,PV_H016,PV,1.91,1.91,0.0
2011-09-16 14:00:00,PV_H017,PV,3.29,3.29,0.0
2011-09-16 14:00:00,PV_H018,PV,2.12,2.12,0.0
2011-09-16 14:00:00,PV_H021,PV,4.9,4.9,0.0
2011-09-16 14:00:00,PV_H024,PV,1.82,1.82,0.0
2011-09-16 14:00:00,PV_H025,PV,3.47,3.47,0.0
2011-09-16 14:00:00,PV_H026,PV,3.34,3.34,0.0
2011-09-16 14:00:00,PV_H027,PV,3.22,3.22,0.0
2011-09-16 14:00:00,PV_H032,PV,2.91,2.91,0.0
2011-09-16 14:00:00,PV_H033,PV,2.2,2.2,0.0
2011-09-16 14:00:00,PV_H034,PV,3.6,3.6,0.0
2011-09-16 14:00:00,PV_H035,PV,2.71,2.71,0.0
2011-09-16 14:00:00,PV_H036,PV,3.17,3.17,0.0
2011-09-16 14:00:00,PV_H037,PV,3.06,3.06,0.0
2011-09-16 14:00:00,PV_H040,PV,3.73,3.73,0.0
2011-09-16 14:00:00,PV_H042,PV,2.32,2.32,0.0
2011-09-16 14:00:00,PV_H044,PV,3.04,3.04,0.0
2011-09-16 14:00:00,PV_H046,PV,3.88,3.88,0.0
2011-09-16 14:00:00,PV_H048,PV,2.83,2.83,0.0
2011-09-16 14:00:00,PV_H049,PV,2.52,2.52,0.0
2011-09-16 14:00:00,PV_H050,PV,3.55,3.55,0.0
2011-09-16 14:00:00,PV_H053,PV,4.13,4.13,0.0
2011-09-16 14:00:00,PV_H055,PV,2.52,2.52,0.0
2011-09-16 14:00:00,PV_H057,PV,3.95,3.95,0.0
2011-09-16 14:00:00,PV_H058,PV,2.73,2.73,0.0
2011-09-16 14:00:00,PV_H060,PV,5.07,5.07,0.0
2011-09-16 14:00:00,PV_H061,PV,2.79,2.79,0.0
2011-09-16 14:00:00,PV_H062,PV,5.46,5.46,0.0
2011-09-16 14:00:00,PV_H063,PV,3.66,3.66,0.0
2011-09-16 14:00:00,PV_H066,PV,4.03,4.03,0.0
2011-09-16 14:00:00,PV_H067,PV,2.39,2.39,0.0
2011-09-16 14:00:00,PV_H069,PV,3.26,3.26,0.0
2011-09-16 14:00:00,PV_H071,PV,4.16,4.16,0.0
2011-09-16 14:00:00,PV_H072,PV,4.7,4.7,0.0
2011-09-16 14:00:00,PV_H073,PV,3.37,3.37,0.0
2011-09-16 14:00:00,PV_H074,PV,3.73,3.73,0.0
2011-09-16 14:00:00,PV_H076,PV,4.27,4.27,0.0
2011-09-16 14:00:00,PV_H077,PV,4.55,4.55,0.0
2011-09-16 14:00:00,PV_H078,PV,2.5,2.5,0.0
2011-09-16 14:00:00,PV_H079,PV,2.59,2.59,0.0
2011-09-16 14:00:00,PV_H080,PV,3.77,3.77,0.0
2011-09-16 14:00:00,PV_H081,PV,3.77,3.77,0.0
2011-09-16 14:00:00,PV_H082,PV,2.49,2.49,0.0
2011-09-16 14:00:00,PV_H083,PV,2.78,2.78,0.0
2011-09-16 14:00:00,PV_H085,PV,3.47,3.47,0.0
2011-09-16 14:00:00,PV_H087,PV,4.02,4.02,0.0
2011-09-16 14:00:00,PV_H088,PV,2.04,2.04,0.0
2011-09-16 14:00:00,PV_H090,PV,3.94,3.94,0.0
2011-09-16 14:00:00,PV_H093,PV,4.83,4.83,0.0
2011-09-16 14:00:00,PV_H094,PV,2.51,2.51,0.0
2011-09-16 14:00:00,PV_H095,PV,2.42,2.42,0.0
2011-09-16 14:00:00,PV_H096,PV,3.88,3.88,0.0
2011-09-16 14:00:00,PV_H098,PV,2.87,2.87,0.0
2011-09-16 14:00:00,PV_H099,PV,2.82,2.82,0.0
2011-09-16 14:00:00,EV_001,EV,0.0,0.0,0.0
2011-09-16 14:00:00,EV_002,EV,0.0,0.0,0.0
2011-09-16 14:00:00,EV_003,EV,0.0,0.0,0.0
2011-09-16 14:00:00,EV_004,EV,0.0,0.0,0.0
2011-09-16 14:00:00,EV_005,EV,0.0,0.0,0.0
2011-09-16 14:00:00,EV_006,EV,0.0,0.0,0.0
2011-09-16 14:00:00,EV_007,EV,0.0,0.0,0.0
2011-09-16 14:00:00,EV_008,EV,0.0,0.0,0.0
2011-09-16 14:00:00,EV_009,EV,0.0,0.0,0.0
2011-09-16 14:00:00,EV_010,EV,0.0,0.0,0.0
2011-09-16 14:00:00,EV_011,EV,0.0,0.0,0.0
2011-09-16 14:00:00,EV_012,EV,0.0,0.0,0.0
2011-09-16 14:00:00,EV_013,EV,0.0,0.0,0.0
2011-09-16 14:00:00,EV_014,EV,0.0,0.0,0.0
2011-09-16 14:00:00,EV_015,EV,0.0,0.0,0.0
2011-09-16 14:00:00,EV_016,EV,0.0,0.0,0.0
2011-09-16 14:00:00,EV_017,EV,0.0,0.0,0.0
2011-09-16 14:00:00,EV_018,EV,0.0,0.0,0.0
2011-09-16 14:00:00,EV_019,EV,0.0,0.0,0.0
2011-09-16 14:00:00,EV_020,EV,0.0,0.0,0.0
2011-09-16 14:00:00,FL001,FLEXIBLE_LOAD,0.0,0.0,0.0
2011-09-16 14:00:00,FL002,FLEXIBLE_LOAD,10.0,10.0,0.0
2011-09-16 14:00:00,FL003,FLEXIBLE_LOAD,4.0,4.0,0.0
2011-09-16 14:15:00,BESS_COMMUNITY_01,BESS,0.0,0.0,0.0
2011-09-16 14:15:00,PV_H002,PV,3.38,3.38,0.0
2011-09-16 14:15:00,PV_H003,PV,2.72,2.72,0.0
2011-09-16 14:15:00,PV_H005,PV,2.74,2.74,0.0
2011-09-16 14:15:00,PV_H006,PV,1.73,1.73,0.0
2011-09-16 14:15:00,PV_H007,PV,3.39,3.39,0.0
2011-09-16 14:15:00,PV_H010,PV,2.61,2.61,0.0
2011-09-16 14:15:00,PV_H016,PV,1.81,1.81,0.0
2011-09-16 14:15:00,PV_H017,PV,3.13,3.13,0.0
2011-09-16 14:15:00,PV_H018,PV,2.01,2.01,0.0
2011-09-16 14:15:00,PV_H021,PV,4.66,4.66,0.0
2011-09-16 14:15:00,PV_H024,PV,1.73,1.73,0.0
2011-09-16 14:15:00,PV_H025,PV,3.29,3.29,0.0
2011-09-16 14:15:00,PV_H026,PV,3.17,3.17,0.0
2011-09-16 14:15:00,PV_H027,PV,3.06,3.06,0.0
2011-09-16 14:15:00,PV_H032,PV,2.76,2.76,0.0
2011-09-16 14:15:00,PV_H033,PV,2.09,2.09,0.0
2011-09-16 14:15:00,PV_H034,PV,3.42,3.42,0.0
2011-09-16 14:15:00,PV_H035,PV,2.57,2.57,0.0
2011-09-16 14:15:00,PV_H036,PV,3.01,3.01,0.0
2011-09-16 14:15:00,PV_H037,PV,2.9,2.9,0.0
2011-09-16 14:15:00,PV_H040,PV,3.54,3.54,0.0
2011-09-16 14:15:00,PV_H042,PV,2.2,2.2,0.0
2011-09-16 14:15:00,PV_H044,PV,2.88,2.88,0.0
2011-09-16 14:15:00,PV_H046,PV,3.69,3.69,0.0
2011-09-16 14:15:00,PV_H048,PV,2.69,2.69,0.0
2011-09-16 14:15:00,PV_H049,PV,2.39,2.39,0.0
2011-09-16 14:15:00,PV_H050,PV,3.37,3.37,0.0
2011-09-16 14:15:00,PV_H053,PV,3.92,3.92,0.0
2011-09-16 14:15:00,PV_H055,PV,2.39,2.39,0.0
2011-09-16 14:15:00,PV_H057,PV,3.75,3.75,0.0
2011-09-16 14:15:00,PV_H058,PV,2.59,2.59,0.0
2011-09-16 14:15:00,PV_H060,PV,4.81,4.81,0.0
2011-09-16 14:15:00,PV_H061,PV,2.65,2.65,0.0
2011-09-16 14:15:00,PV_H062,PV,5.18,5.18,0.0
2011-09-16 14:15:00,PV_H063,PV,3.47,3.47,0.0
2011-09-16 14:15:00,PV_H066,PV,3.83,3.83,0.0
2011-09-16 14:15:00,PV_H067,PV,2.27,2.27,0.0
2011-09-16 14:15:00,PV_H069,PV,3.09,3.09,0.0
2011-09-16 14:15:00,PV_H071,PV,3.95,3.95,0.0
2011-09-16 14:15:00,PV_H072,PV,4.47,4.47,0.0
2011-09-16 14:15:00,PV_H073,PV,3.2,3.2,0.0
2011-09-16 14:15:00,PV_H074,PV,3.54,3.54,0.0
2011-09-16 14:15:00,PV_H076,PV,4.05,4.05,0.0
2011-09-16 14:15:00,PV_H077,PV,4.32,4.32,0.0
2011-09-16 14:15:00,PV_H078,PV,2.38,2.38,0.0
2011-09-16 14:15:00,PV_H079,PV,2.46,2.46,0.0
2011-09-16 14:15:00,PV_H080,PV,3.58,3.58,0.0
2011-09-16 14:15:00,PV_H081,PV,3.58,3.58,0.0
2011-09-16 14:15:00,PV_H082,PV,2.37,2.37,0.0
2011-09-16 14:15:00,PV_H083,PV,2.64,2.64,0.0
2011-09-16 14:15:00,PV_H085,PV,3.3,3.3,0.0
2011-09-16 14:15:00,PV_H087,PV,3.82,3.82,0.0
2011-09-16 14:15:00,PV_H088,PV,1.93,1.93,0.0
2011-09-16 14:15:00,PV_H090,PV,3.74,3.74,0.0
2011-09-16 14:15:00,PV_H093,PV,4.59,4.59,0.0
2011-09-16 14:15:00,PV_H094,PV,2.38,2.38,0.0
2011-09-16 14:15:00,PV_H095,PV,2.3,2.3,0.0
2011-09-16 14:15:00,PV_H096,PV,3.69,3.69,0.0
2011-09-16 14:15:00,PV_H098,PV,2.73,2.73,0.0
2011-09-16 14:15:00,PV_H099,PV,2.68,2.68,0.0
2011-09-16 14:15:00,EV_001,EV,0.0,0.0,0.0
2011-09-16 14:15:00,EV_002,EV,0.0,0.0,0.0
2011-09-16 14:15:00,EV_003,EV,0.0,0.0,0.0
2011-09-16 14:15:00,EV_004,EV,0.0,0.0,0.0
2011-09-16 14:15:00,EV_005,EV,0.0,0.0,0.0
2011-09-16 14:15:00,EV_006,EV,0.0,0.0,0.0
2011-09-16 14:15:00,EV_007,EV,0.0,0.0,0.0
2011-09-16 14:15:00,EV_008,EV,0.0,0.0,0.0
2011-09-16 14:15:00,EV_009,EV,0.0,0.0,0.0
2011-09-16 14:15:00,EV_010,EV,0.0,0.0,0.0
2011-09-16 14:15:00,EV_011,EV,0.0,0.0,0.0
2011-09-16 14:15:00,EV_012,EV,0.0,0.0,0.0
2011-09-16 14:15:00,EV_013,EV,0.0,0.0,0.0
2011-09-16 14:15:00,EV_014,EV,0.0,0.0,0.0
2011-09-16 14:15:00,EV_015,EV,0.0,0.0,0.0
2011-09-16 14:15:00,EV_016,EV,0.0,0.0,0.0
2011-09-16 14:15:00,EV_017,EV,0.0,0.0,0.0
2011-09-16 14:15:00,EV_018,EV,0.0,0.0,0.0
2011-09-16 14:15:00,EV_019,EV,0.0,0.0,0.0
2011-09-16 14:15:00,EV_020,EV,0.0,0.0,0.0
2011-09-16 14:15:00,FL001,FLEXIBLE_LOAD,0.0,0.0,0.0
2011-09-16 14:15:00,FL002,FLEXIBLE_LOAD,10.0,10.0,0.0
2011-09-16 14:15:00,FL003,FLEXIBLE_LOAD,4.0,4.0,0.0
2011-09-16 14:30:00,BESS_COMMUNITY_01,BESS,0.0,0.0,0.0
2011-09-16 14:30:00,PV_H002,PV,2.88,2.88,0.0
2011-09-16 14:30:00,PV_H003,PV,2.32,2.32,0.0
2011-09-16 14:30:00,PV_H005,PV,2.33,2.33,0.0
2011-09-16 14:30:00,PV_H006,PV,1.47,1.47,0.0
2011-09-16 14:30:00,PV_H007,PV,2.89,2.89,0.0
2011-09-16 14:30:00,PV_H010,PV,2.22,2.22,0.0
2011-09-16 14:30:00,PV_H016,PV,1.55,1.55,0.0
2011-09-16 14:30:00,PV_H017,PV,2.67,2.67,0.0
2011-09-16 14:30:00,PV_H018,PV,1.72,1.72,0.0
2011-09-16 14:30:00,PV_H021,PV,3.97,3.97,0.0
2011-09-16 14:30:00,PV_H024,PV,1.47,1.47,0.0
2011-09-16 14:30:00,PV_H025,PV,2.81,2.81,0.0
2011-09-16 14:30:00,PV_H026,PV,2.7,2.7,0.0
2011-09-16 14:30:00,PV_H027,PV,2.61,2.61,0.0
2011-09-16 14:30:00,PV_H032,PV,2.36,2.36,0.0
2011-09-16 14:30:00,PV_H033,PV,1.78,1.78,0.0
2011-09-16 14:30:00,PV_H034,PV,2.92,2.92,0.0
2011-09-16 14:30:00,PV_H035,PV,2.19,2.19,0.0
2011-09-16 14:30:00,PV_H036,PV,2.57,2.57,0.0
2011-09-16 14:30:00,PV_H037,PV,2.47,2.47,0.0
2011-09-16 14:30:00,PV_H040,PV,3.02,3.02,0.0
2011-09-16 14:30:00,PV_H042,PV,1.88,1.88,0.0
2011-09-16 14:30:00,PV_H044,PV,2.46,2.46,0.0
2011-09-16 14:30:00,PV_H046,PV,3.15,3.15,0.0
2011-09-16 14:30:00,PV_H048,PV,2.29,2.29,0.0
2011-09-16 14:30:00,PV_H049,PV,2.04,2.04,0.0
2011-09-16 14:30:00,PV_H050,PV,2.87,2.87,0.0
2011-09-16 14:30:00,PV_H053,PV,3.34,3.34,0.0
2011-09-16 14:30:00,PV_H055,PV,2.04,2.04,0.0
2011-09-16 14:30:00,PV_H057,PV,3.2,3.2,0.0
2011-09-16 14:30:00,PV_H058,PV,2.21,2.21,0.0
2011-09-16 14:30:00,PV_H060,PV,4.1,4.1,0.0
2011-09-16 14:30:00,PV_H061,PV,2.26,2.26,0.0
2011-09-16 14:30:00,PV_H062,PV,4.42,4.42,0.0
2011-09-16 14:30:00,PV_H063,PV,2.96,2.96,0.0
2011-09-16 14:30:00,PV_H066,PV,3.26,3.26,0.0
2011-09-16 14:30:00,PV_H067,PV,1.94,1.94,0.0
2011-09-16 14:30:00,PV_H069,PV,2.64,2.64,0.0
2011-09-16 14:30:00,PV_H071,PV,3.37,3.37,0.0
2011-09-16 14:30:00,PV_H072,PV,3.81,3.81,0.0
2011-09-16 14:30:00,PV_H073,PV,2.73,2.73,0.0
2011-09-16 14:30:00,PV_H074,PV,3.02,3.02,0.0
2011-09-16 14:30:00,PV_H076,PV,3.45,3.45,0.0
2011-09-16 14:30:00,PV_H077,PV,3.68,3.68,0.0
2011-09-16 14:30:00,PV_H078,PV,2.03,2.03,0.0
2011-09-16 14:30:00,PV_H079,PV,2.1,2.1,0.0
2011-09-16 14:30:00,PV_H080,PV,3.05,3.05,0.0
2011-09-16 14:30:00,PV_H081,PV,3.05,3.05,0.0
2011-09-16 14:30:00,PV_H082,PV,2.02,2.02,0.0
2011-09-16 14:30:00,PV_H083,PV,2.25,2.25,0.0
2011-09-16 14:30:00,PV_H085,PV,2.81,2.81,0.0
2011-09-16 14:30:00,PV_H087,PV,3.26,3.26,0.0
2011-09-16 14:30:00,PV_H088,PV,1.65,1.65,0.0
2011-09-16 14:30:00,PV_H090,PV,3.19,3.19,0.0
2011-09-16 14:30:00,PV_H093,PV,3.91,3.91,0.0
2011-09-16 14:30:00,PV_H094,PV,2.03,2.03,0.0
2011-09-16 14:30:00,PV_H095,PV,1.96,1.96,0.0
2011-09-16 14:30:00,PV_H096,PV,3.15,3.15,0.0
2011-09-16 14:30:00,PV_H098,PV,2.33,2.33,0.0
2011-09-16 14:30:00,PV_H099,PV,2.28,2.28,0.0
2011-09-16 14:30:00,EV_001,EV,0.0,0.0,0.0
2011-09-16 14:30:00,EV_002,EV,0.0,0.0,0.0
2011-09-16 14:30:00,EV_003,EV,0.0,0.0,0.0
2011-09-16 14:30:00,EV_004,EV,0.0,0.0,0.0
2011-09-16 14:30:00,EV_005,EV,0.0,0.0,0.0
2011-09-16 14:30:00,EV_006,EV,0.0,0.0,0.0
2011-09-16 14:30:00,EV_007,EV,0.0,0.0,0.0
2011-09-16 14:30:00,EV_008,EV,0.0,0.0,0.0
2011-09-16 14:30:00,EV_009,EV,0.0,0.0,0.0
2011-09-16 14:30:00,EV_010,EV,0.0,0.0,0.0
2011-09-16 14:30:00,EV_011,EV,0.0,0.0,0.0
2011-09-16 14:30:00,EV_012,EV,0.0,0.0,0.0
2011-09-16 14:30:00,EV_013,EV,0.0,0.0,0.0
2011-09-16 14:30:00,EV_014,EV,0.0,0.0,0.0
2011-09-16 14:30:00,EV_015,EV,0.0,0.0,0.0
2011-09-16 14:30:00,EV_016,EV,0.0,0.0,0.0
2011-09-16 14:30:00,EV_017,EV,0.0,0.0,0.0
2011-09-16 14:30:00,EV_018,EV,0.0,0.0,0.0
2011-09-16 14:30:00,EV_019,EV,0.0,0.0,0.0
2011-09-16 14:30:00,EV_020,EV,0.0,0.0,0.0
2011-09-16 14:30:00,FL001,FLEXIBLE_LOAD,0.0,0.0,0.0
2011-09-16 14:30:00,FL002,FLEXIBLE_LOAD,10.0,10.0,0.0
2011-09-16 14:30:00,FL003,FLEXIBLE_LOAD,0.0,0.0,0.0
2011-09-16 14:45:00,BESS_COMMUNITY_01,BESS,0.0,0.0,0.0
2011-09-16 14:45:00,PV_H002,PV,2.96,2.96,0.0
2011-09-16 14:45:00,PV_H003,PV,2.39,2.39,0.0
2011-09-16 14:45:00,PV_H005,PV,2.4,2.4,0.0
2011-09-16 14:45:00,PV_H006,PV,1.52,1.52,0.0
2011-09-16 14:45:00,PV_H007,PV,2.98,2.98,0.0
2011-09-16 14:45:00,PV_H010,PV,2.29,2.29,0.0
2011-09-16 14:45:00,PV_H016,PV,1.59,1.59,0.0
2011-09-16 14:45:00,PV_H017,PV,2.74,2.74,0.0
2011-09-16 14:45:00,PV_H018,PV,1.77,1.77,0.0
2011-09-16 14:45:00,PV_H021,PV,4.09,4.09,0.0
2011-09-16 14:45:00,PV_H024,PV,1.52,1.52,0.0
2011-09-16 14:45:00,PV_H025,PV,2.89,2.89,0.0
2011-09-16 14:45:00,PV_H026,PV,2.78,2.78,0.0
2011-09-16 14:45:00,PV_H027,PV,2.68,2.68,0.0
2011-09-16 14:45:00,PV_H032,PV,2.43,2.43,0.0
2011-09-16 14:45:00,PV_H033,PV,1.83,1.83,0.0
2011-09-16 14:45:00,PV_H034,PV,3.0,3.0,0.0
2011-09-16 14:45:00,PV_H035,PV,2.26,2.26,0.0
2011-09-16 14:45:00,PV_H036,PV,2.65,2.65,0.0
2011-09-16 14:45:00,PV_H037,PV,2.55,2.55,0.0
2011-09-16 14:45:00,PV_H040,PV,3.11,3.11,0.0
2011-09-16 14:45:00,PV_H042,PV,1.93,1.93,0.0
2011-09-16 14:45:00,PV_H044,PV,2.53,2.53,0.0
2011-09-16 14:45:00,PV_H046,PV,3.24,3.24,0.0
2011-09-16 14:45:00,PV_H048,PV,2.36,2.36,0.0
2011-09-16 14:45:00,PV_H049,PV,2.1,2.1,0.0
2011-09-16 14:45:00,PV_H050,PV,2.96,2.96,0.0
2011-09-16 14:45:00,PV_H053,PV,3.44,3.44,0.0
2011-09-16 14:45:00,PV_H055,PV,2.1,2.1,0.0
2011-09-16 14:45:00,PV_H057,PV,3.29,3.29,0.0
2011-09-16 14:45:00,PV_H058,PV,2.27,2.27,0.0
2011-09-16 14:45:00,PV_H060,PV,4.22,4.22,0.0
2011-09-16 14:45:00,PV_H061,PV,2.33,2.33,0.0
2011-09-16 14:45:00,PV_H062,PV,4.55,4.55,0.0
2011-09-16 14:45:00,PV_H063,PV,3.05,3.05,0.0
2011-09-16 14:45:00,PV_H066,PV,3.36,3.36,0.0
2011-09-16 14:45:00,PV_H067,PV,1.99,1.99,0.0
2011-09-16 14:45:00,PV_H069,PV,2.71,2.71,0.0
2011-09-16 14:45:00,PV_H071,PV,3.46,3.46,0.0
2011-09-16 14:45:00,PV_H072,PV,3.92,3.92,0.0
2011-09-16 14:45:00,PV_H073,PV,2.81,2.81,0.0
2011-09-16 14:45:00,PV_H074,PV,3.11,3.11,0.0
2011-09-16 14:45:00,PV_H076,PV,3.56,3.56,0.0
2011-09-16 14:45:00,PV_H077,PV,3.79,3.79,0.0
2011-09-16 14:45:00,PV_H078,PV,2.08,2.08,0.0
2011-09-16 14:45:00,PV_H079,PV,2.16,2.16,0.0
2011-09-16 14:45:00,PV_H080,PV,3.14,3.14,0.0
2011-09-16 14:45:00,PV_H081,PV,3.14,3.14,0.0
2011-09-16 14:45:00,PV_H082,PV,2.08,2.08,0.0
2011-09-16 14:45:00,PV_H083,PV,2.32,2.32,0.0
2011-09-16 14:45:00,PV_H085,PV,2.9,2.9,0.0
2011-09-16 14:45:00,PV_H087,PV,3.35,3.35,0.0
2011-09-16 14:45:00,PV_H088,PV,1.7,1.7,0.0
2011-09-16 14:45:00,PV_H090,PV,3.28,3.28,0.0
2011-09-16 14:45:00,PV_H093,PV,4.03,4.03,0.0
2011-09-16 14:45:00,PV_H094,PV,2.09,2.09,0.0
2011-09-16 14:45:00,PV_H095,PV,2.02,2.02,0.0
2011-09-16 14:45:00,PV_H096,PV,3.24,3.24,0.0
2011-09-16 14:45:00,PV_H098,PV,2.4,2.4,0.0
2011-09-16 14:45:00,PV_H099,PV,2.35,2.35,0.0
2011-09-16 14:45:00,EV_001,EV,0.0,0.0,0.0
2011-09-16 14:45:00,EV_002,EV,0.0,0.0,0.0
2011-09-16 14:45:00,EV_003,EV,0.0,0.0,0.0
2011-09-16 14:45:00,EV_004,EV,0.0,0.0,0.0
2011-09-16 14:45:00,EV_005,EV,0.0,0.0,0.0
2011-09-16 14:45:00,EV_006,EV,0.0,0.0,0.0
2011-09-16 14:45:00,EV_007,EV,0.0,0.0,0.0
2011-09-16 14:45:00,EV_008,EV,0.0,0.0,0.0
2011-09-16 14:45:00,EV_009,EV,0.0,0.0,0.0
2011-09-16 14:45:00,EV_010,EV,0.0,0.0,0.0
2011-09-16 14:45:00,EV_011,EV,0.0,0.0,0.0
2011-09-16 14:45:00,EV_012,EV,0.0,0.0,0.0
2011-09-16 14:45:00,EV_013,EV,0.0,0.0,0.0
2011-09-16 14:45:00,EV_014,EV,0.0,0.0,0.0
2011-09-16 14:45:00,EV_015,EV,0.0,0.0,0.0
2011-09-16 14:45:00,EV_016,EV,0.0,0.0,0.0
2011-09-16 14:45:00,EV_017,EV,0.0,0.0,0.0
2011-09-16 14:45:00,EV_018,EV,0.0,0.0,0.0
2011-09-16 14:45:00,EV_019,EV,0.0,0.0,0.0
2011-09-16 14:45:00,EV_020,EV,0.0,0.0,0.0
2011-09-16 14:45:00,FL001,FLEXIBLE_LOAD,0.0,0.0,0.0
2011-09-16 14:45:00,FL002,FLEXIBLE_LOAD,10.0,10.0,0.0
2011-09-16 14:45:00,FL003,FLEXIBLE_LOAD,0.0,0.0,0.0
2011-09-16 15:00:00,BESS_COMMUNITY_01,BESS,0.0,0.0,0.0
2011-09-16 15:00:00,PV_H002,PV,2.04,2.04,0.0
2011-09-16 15:00:00,PV_H003,PV,1.65,1.65,0.0
2011-09-16 15:00:00,PV_H005,PV,1.66,1.66,0.0
2011-09-16 15:00:00,PV_H006,PV,1.04,1.04,0.0
2011-09-16 15:00:00,PV_H007,PV,2.05,2.05,0.0
2011-09-16 15:00:00,PV_H010,PV,1.58,1.58,0.0
2011-09-16 15:00:00,PV_H016,PV,1.1,1.1,0.0
2011-09-16 15:00:00,PV_H017,PV,1.89,1.89,0.0
2011-09-16 15:00:00,PV_H018,PV,1.22,1.22,0.0
2011-09-16 15:00:00,PV_H021,PV,2.82,2.82,0.0
2011-09-16 15:00:00,PV_H024,PV,1.04,1.04,0.0
2011-09-16 15:00:00,PV_H025,PV,1.99,1.99,0.0
2011-09-16 15:00:00,PV_H026,PV,1.92,1.92,0.0
2011-09-16 15:00:00,PV_H027,PV,1.85,1.85,0.0
2011-09-16 15:00:00,PV_H032,PV,1.67,1.67,0.0
2011-09-16 15:00:00,PV_H033,PV,1.26,1.26,0.0
2011-09-16 15:00:00,PV_H034,PV,2.07,2.07,0.0
2011-09-16 15:00:00,PV_H035,PV,1.56,1.56,0.0
2011-09-16 15:00:00,PV_H036,PV,1.82,1.82,0.0
2011-09-16 15:00:00,PV_H037,PV,1.76,1.76,0.0
2011-09-16 15:00:00,PV_H040,PV,2.14,2.14,0.0
2011-09-16 15:00:00,PV_H042,PV,1.33,1.33,0.0
2011-09-16 15:00:00,PV_H044,PV,1.75,1.75,0.0
2011-09-16 15:00:00,PV_H046,PV,2.23,2.23,0.0
2011-09-16 15:00:00,PV_H048,PV,1.62,1.62,0.0
2011-09-16 15:00:00,PV_H049,PV,1.45,1.45,0.0
2011-09-16 15:00:00,PV_H050,PV,2.04,2.04,0.0
2011-09-16 15:00:00,PV_H053,PV,2.37,2.37,0.0
2011-09-16 15:00:00,PV_H055,PV,1.45,1.45,0.0
2011-09-16 15:00:00,PV_H057,PV,2.27,2.27,0.0
2011-09-16 15:00:00,PV_H058,PV,1.57,1.57,0.0
2011-09-16 15:00:00,PV_H060,PV,2.91,2.91,0.0
2011-09-16 15:00:00,PV_H061,PV,1.6,1.6,0.0
2011-09-16 15:00:00,PV_H062,PV,3.13,3.13,0.0
2011-09-16 15:00:00,PV_H063,PV,2.1,2.1,0.0
2011-09-16 15:00:00,PV_H066,PV,2.31,2.31,0.0
2011-09-16 15:00:00,PV_H067,PV,1.37,1.37,0.0
2011-09-16 15:00:00,PV_H069,PV,1.87,1.87,0.0
2011-09-16 15:00:00,PV_H071,PV,2.39,2.39,0.0
2011-09-16 15:00:00,PV_H072,PV,2.7,2.7,0.0
2011-09-16 15:00:00,PV_H073,PV,1.94,1.94,0.0
2011-09-16 15:00:00,PV_H074,PV,2.14,2.14,0.0
2011-09-16 15:00:00,PV_H076,PV,2.45,2.45,0.0
2011-09-16 15:00:00,PV_H077,PV,2.61,2.61,0.0
2011-09-16 15:00:00,PV_H078,PV,1.44,1.44,0.0
2011-09-16 15:00:00,PV_H079,PV,1.49,1.49,0.0
2011-09-16 15:00:00,PV_H080,PV,2.16,2.16,0.0
2011-09-16 15:00:00,PV_H081,PV,2.16,2.16,0.0
2011-09-16 15:00:00,PV_H082,PV,1.43,1.43,0.0
2011-09-16 15:00:00,PV_H083,PV,1.6,1.6,0.0
2011-09-16 15:00:00,PV_H085,PV,2.0,2.0,0.0
2011-09-16 15:00:00,PV_H087,PV,2.31,2.31,0.0
2011-09-16 15:00:00,PV_H088,PV,1.17,1.17,0.0
2011-09-16 15:00:00,PV_H090,PV,2.26,2.26,0.0
2011-09-16 15:00:00,PV_H093,PV,2.77,2.77,0.0
2011-09-16 15:00:00,PV_H094,PV,1.44,1.44,0.0
2011-09-16 15:00:00,PV_H095,PV,1.39,1.39,0.0
2011-09-16 15:00:00,PV_H096,PV,2.23,2.23,0.0
2011-09-16 15:00:00,PV_H098,PV,1.65,1.65,0.0
2011-09-16 15:00:00,PV_H099,PV,1.62,1.62,0.0
2011-09-16 15:00:00,EV_001,EV,0.0,0.0,0.0
2011-09-16 15:00:00,EV_002,EV,0.0,0.0,0.0
2011-09-16 15:00:00,EV_003,EV,0.0,0.0,0.0
2011-09-16 15:00:00,EV_004,EV,0.0,0.0,0.0
2011-09-16 15:00:00,EV_005,EV,0.0,0.0,0.0
2011-09-16 15:00:00,EV_006,EV,0.0,0.0,0.0
2011-09-16 15:00:00,EV_007,EV,0.0,0.0,0.0
2011-09-16 15:00:00,EV_008,EV,0.0,0.0,0.0
2011-09-16 15:00:00,EV_009,EV,0.0,0.0,0.0
2011-09-16 15:00:00,EV_010,EV,0.0,0.0,0.0
2011-09-16 15:00:00,EV_011,EV,0.0,0.0,0.0
2011-09-16 15:00:00,EV_012,EV,0.0,0.0,0.0
2011-09-16 15:00:00,EV_013,EV,0.0,0.0,0.0
2011-09-16 15:00:00,EV_014,EV,0.0,0.0,0.0
2011-09-16 15:00:00,EV_015,EV,0.0,0.0,0.0
2011-09-16 15:00:00,EV_016,EV,0.0,0.0,0.0
2011-09-16 15:00:00,EV_017,EV,0.0,0.0,0.0
2011-09-16 15:00:00,EV_018,EV,0.0,0.0,0.0
2011-09-16 15:00:00,EV_019,EV,0.0,0.0,0.0
2011-09-16 15:00:00,EV_020,EV,0.0,0.0,0.0
2011-09-16 15:00:00,FL001,FLEXIBLE_LOAD,0.0,0.0,0.0
2011-09-16 15:00:00,FL002,FLEXIBLE_LOAD,10.0,10.0,0.0
2011-09-16 15:00:00,FL003,FLEXIBLE_LOAD,0.0,0.0,0.0
2011-09-16 15:15:00,BESS_COMMUNITY_01,BESS,0.0,0.0,0.0
2011-09-16 15:15:00,PV_H002,PV,2.14,2.14,0.0
2011-09-16 15:15:00,PV_H003,PV,1.73,1.73,0.0
2011-09-16 15:15:00,PV_H005,PV,1.74,1.74,0.0
2011-09-16 15:15:00,PV_H006,PV,1.1,1.1,0.0
2011-09-16 15:15:00,PV_H007,PV,2.15,2.15,0.0
2011-09-16 15:15:00,PV_H010,PV,1.65,1.65,0.0
2011-09-16 15:15:00,PV_H016,PV,1.15,1.15,0.0
2011-09-16 15:15:00,PV_H017,PV,1.98,1.98,0.0
2011-09-16 15:15:00,PV_H018,PV,1.28,1.28,0.0
2011-09-16 15:15:00,PV_H021,PV,2.95,2.95,0.0
2011-09-16 15:15:00,PV_H024,PV,1.1,1.1,0.0
2011-09-16 15:15:00,PV_H025,PV,2.09,2.09,0.0
2011-09-16 15:15:00,PV_H026,PV,2.01,2.01,0.0
2011-09-16 15:15:00,PV_H027,PV,1.94,1.94,0.0
2011-09-16 15:15:00,PV_H032,PV,1.75,1.75,0.0
2011-09-16 15:15:00,PV_H033,PV,1.33,1.33,0.0
2011-09-16 15:15:00,PV_H034,PV,2.17,2.17,0.0
2011-09-16 15:15:00,PV_H035,PV,1.63,1.63,0.0
2011-09-16 15:15:00,PV_H036,PV,1.91,1.91,0.0
2011-09-16 15:15:00,PV_H037,PV,1.84,1.84,0.0
2011-09-16 15:15:00,PV_H040,PV,2.25,2.25,0.0
2011-09-16 15:15:00,PV_H042,PV,1.4,1.4,0.0
2011-09-16 15:15:00,PV_H044,PV,1.83,1.83,0.0
2011-09-16 15:15:00,PV_H046,PV,2.34,2.34,0.0
2011-09-16 15:15:00,PV_H048,PV,1.7,1.7,0.0
2011-09-16 15:15:00,PV_H049,PV,1.52,1.52,0.0
2011-09-16 15:15:00,PV_H050,PV,2.14,2.14,0.0
2011-09-16 15:15:00,PV_H053,PV,2.49,2.49,0.0
2011-09-16 15:15:00,PV_H055,PV,1.52,1.52,0.0
2011-09-16 15:15:00,PV_H057,PV,2.38,2.38,0.0
2011-09-16 15:15:00,PV_H058,PV,1.64,1.64,0.0
2011-09-16 15:15:00,PV_H060,PV,3.05,3.05,0.0
2011-09-16 15:15:00,PV_H061,PV,1.68,1.68,0.0
2011-09-16 15:15:00,PV_H062,PV,3.29,3.29,0.0
2011-09-16 15:15:00,PV_H063,PV,2.2,2.2,0.0
2011-09-16 15:15:00,PV_H066,PV,2.43,2.43,0.0
2011-09-16 15:15:00,PV_H067,PV,1.44,1.44,0.0
2011-09-16 15:15:00,PV_H069,PV,1.96,1.96,0.0
2011-09-16 15:15:00,PV_H071,PV,2.5,2.5,0.0
2011-09-16 15:15:00,PV_H072,PV,2.83,2.83,0.0
2011-09-16 15:15:00,PV_H073,PV,2.03,2.03,0.0
2011-09-16 15:15:00,PV_H074,PV,2.25,2.25,0.0
2011-09-16 15:15:00,PV_H076,PV,2.57,2.57,0.0
2011-09-16 15:15:00,PV_H077,PV,2.74,2.74,0.0
2011-09-16 15:15:00,PV_H078,PV,1.51,1.51,0.0
2011-09-16 15:15:00,PV_H079,PV,1.56,1.56,0.0
2011-09-16 15:15:00,PV_H080,PV,2.27,2.27,0.0
2011-09-16 15:15:00,PV_H081,PV,2.27,2.27,0.0
2011-09-16 15:15:00,PV_H082,PV,1.5,1.5,0.0
2011-09-16 15:15:00,PV_H083,PV,1.68,1.68,0.0
2011-09-16 15:15:00,PV_H085,PV,2.09,2.09,0.0
2011-09-16 15:15:00,PV_H087,PV,2.42,2.42,0.0
2011-09-16 15:15:00,PV_H088,PV,1.23,1.23,0.0
2011-09-16 15:15:00,PV_H090,PV,2.37,2.37,0.0
2011-09-16 15:15:00,PV_H093,PV,2.91,2.91,0.0
2011-09-16 15:15:00,PV_H094,PV,1.51,1.51,0.0
2011-09-16 15:15:00,PV_H095,PV,1.46,1.46,0.0
2011-09-16 15:15:00,PV_H096,PV,2.34,2.34,0.0
2011-09-16 15:15:00,PV_H098,PV,1.73,1.73,0.0
2011-09-16 15:15:00,PV_H099,PV,1.7,1.7,0.0
2011-09-16 15:15:00,EV_001,EV,0.0,0.0,0.0
2011-09-16 15:15:00,EV_002,EV,0.0,0.0,0.0
2011-09-16 15:15:00,EV_003,EV,0.0,0.0,0.0
2011-09-16 15:15:00,EV_004,EV,0.0,0.0,0.0
2011-09-16 15:15:00,EV_005,EV,0.0,0.0,0.0
2011-09-16 15:15:00,EV_006,EV,0.0,0.0,0.0
2011-09-16 15:15:00,EV_007,EV,0.0,0.0,0.0
2011-09-16 15:15:00,EV_008,EV,0.0,0.0,0.0
2011-09-16 15:15:00,EV_009,EV,0.0,0.0,0.0
2011-09-16 15:15:00,EV_010,EV,0.0,0.0,0.0
2011-09-16 15:15:00,EV_011,EV,0.0,0.0,0.0
2011-09-16 15:15:00,EV_012,EV,0.0,0.0,0.0
2011-09-16 15:15:00,EV_013,EV,0.0,0.0,0.0
2011-09-16 15:15:00,EV_014,EV,0.0,0.0,0.0
2011-09-16 15:15:00,EV_015,EV,0.0,0.0,0.0
2011-09-16 15:15:00,EV_016,EV,0.0,0.0,0.0
2011-09-16 15:15:00,EV_017,EV,0.0,0.0,0.0
2011-09-16 15:15:00,EV_018,EV,0.0,0.0,0.0
2011-09-16 15:15:00,EV_019,EV,0.0,0.0,0.0
2011-09-16 15:15:00,EV_020,EV,0.0,0.0,0.0
2011-09-16 15:15:00,FL001,FLEXIBLE_LOAD,0.0,0.0,0.0
2011-09-16 15:15:00,FL002,FLEXIBLE_LOAD,10.0,10.0,0.0
2011-09-16 15:15:00,FL003,FLEXIBLE_LOAD,0.0,0.0,0.0
2011-09-16 15:30:00,BESS_COMMUNITY_01,BESS,0.0,0.0,0.0
2011-09-16 15:30:00,PV_H002,PV,1.29,1.29,0.0
2011-09-16 15:30:00,PV_H003,PV,1.04,1.04,0.0
2011-09-16 15:30:00,PV_H005,PV,1.05,1.05,0.0
2011-09-16 15:30:00,PV_H006,PV,0.66,0.66,0.0
2011-09-16 15:30:00,PV_H007,PV,1.3,1.3,0.0
2011-09-16 15:30:00,PV_H010,PV,1.0,1.0,0.0
2011-09-16 15:30:00,PV_H016,PV,0.69,0.69,0.0
2011-09-16 15:30:00,PV_H017,PV,1.2,1.2,0.0
2011-09-16 15:30:00,PV_H018,PV,0.77,0.77,0.0
2011-09-16 15:30:00,PV_H021,PV,1.78,1.78,0.0
2011-09-16 15:30:00,PV_H024,PV,0.66,0.66,0.0
2011-09-16 15:30:00,PV_H025,PV,1.26,1.26,0.0
2011-09-16 15:30:00,PV_H026,PV,1.21,1.21,0.0
2011-09-16 15:30:00,PV_H027,PV,1.17,1.17,0.0
2011-09-16 15:30:00,PV_H032,PV,1.06,1.06,0.0
2011-09-16 15:30:00,PV_H033,PV,0.8,0.8,0.0
2011-09-16 15:30:00,PV_H034,PV,1.31,1.31,0.0
2011-09-16 15:30:00,PV_H035,PV,0.98,0.98,0.0
2011-09-16 15:30:00,PV_H036,PV,1.15,1.15,0.0
2011-09-16 15:30:00,PV_H037,PV,1.11,1.11,0.0
2011-09-16 15:30:00,PV_H040,PV,1.35,1.35,0.0
2011-09-16 15:30:00,PV_H042,PV,0.84,0.84,0.0
2011-09-16 15:30:00,PV_H044,PV,1.1,1.1,0.0
2011-09-16 15:30:00,PV_H046,PV,1.41,1.41,0.0
2011-09-16 15:30:00,PV_H048,PV,1.03,1.03,0.0
2011-09-16 15:30:00,PV_H049,PV,0.91,0.91,0.0
2011-09-16 15:30:00,PV_H050,PV,1.29,1.29,0.0
2011-09-16 15:30:00,PV_H053,PV,1.5,1.5,0.0
2011-09-16 15:30:00,PV_H055,PV,0.91,0.91,0.0
2011-09-16 15:30:00,PV_H057,PV,1.43,1.43,0.0
2011-09-16 15:30:00,PV_H058,PV,0.99,0.99,0.0
2011-09-16 15:30:00,PV_H060,PV,1.84,1.84,0.0
2011-09-16 15:30:00,PV_H061,PV,1.01,1.01,0.0
2011-09-16 15:30:00,PV_H062,PV,1.98,1.98,0.0
2011-09-16 15:30:00,PV_H063,PV,1.33,1.33,0.0
2011-09-16 15:30:00,PV_H066,PV,1.46,1.46,0.0
2011-09-16 15:30:00,PV_H067,PV,0.87,0.87,0.0
2011-09-16 15:30:00,PV_H069,PV,1.18,1.18,0.0
2011-09-16 15:30:00,PV_H071,PV,1.51,1.51,0.0
2011-09-16 15:30:00,PV_H072,PV,1.71,1.71,0.0
2011-09-16 15:30:00,PV_H073,PV,1.23,1.23,0.0
2011-09-16 15:30:00,PV_H074,PV,1.35,1.35,0.0
2011-09-16 15:30:00,PV_H076,PV,1.55,1.55,0.0
2011-09-16 15:30:00,PV_H077,PV,1.65,1.65,0.0
2011-09-16 15:30:00,PV_H078,PV,0.91,0.91,0.0
2011-09-16 15:30:00,PV_H079,PV,0.94,0.94,0.0
2011-09-16 15:30:00,PV_H080,PV,1.37,1.37,0.0
2011-09-16 15:30:00,PV_H081,PV,1.37,1.37,0.0
2011-09-16 15:30:00,PV_H082,PV,0.9,0.9,0.0
2011-09-16 15:30:00,PV_H083,PV,1.01,1.01,0.0
2011-09-16 15:30:00,PV_H085,PV,1.26,1.26,0.0
2011-09-16 15:30:00,PV_H087,PV,1.46,1.46,0.0
2011-09-16 15:30:00,PV_H088,PV,0.74,0.74,0.0
2011-09-16 15:30:00,PV_H090,PV,1.43,1.43,0.0
2011-09-16 15:30:00,PV_H093,PV,1.75,1.75,0.0
2011-09-16 15:30:00,PV_H094,PV,0.91,0.91,0.0
2011-09-16 15:30:00,PV_H095,PV,0.88,0.88,0.0
2011-09-16 15:30:00,PV_H096,PV,1.41,1.41,0.0
2011-09-16 15:30:00,PV_H098,PV,1.04,1.04,0.0
2011-09-16 15:30:00,PV_H099,PV,1.02,1.02,0.0
2011-09-16 15:30:00,EV_001,EV,0.0,0.0,0.0
2011-09-16 15:30:00,EV_002,EV,0.0,0.0,0.0
2011-09-16 15:30:00,EV_003,EV,0.0,0.0,0.0
2011-09-16 15:30:00,EV_004,EV,0.0,0.0,0.0
2011-09-16 15:30:00,EV_005,EV,0.0,0.0,0.0
2011-09-16 15:30:00,EV_006,EV,0.0,0.0,0.0
2011-09-16 15:30:00,EV_007,EV,0.0,0.0,0.0
2011-09-16 15:30:00,EV_008,EV,0.0,0.0,0.0
2011-09-16 15:30:00,EV_009,EV,0.0,0.0,0.0
2011-09-16 15:30:00,EV_010,EV,0.0,0.0,0.0
2011-09-16 15:30:00,EV_011,EV,0.0,0.0,0.0
2011-09-16 15:30:00,EV_012,EV,0.0,0.0,0.0
2011-09-16 15:30:00,EV_013,EV,0.0,0.0,0.0
2011-09-16 15:30:00,EV_014,EV,0.0,0.0,0.0
2011-09-16 15:30:00,EV_015,EV,0.0,0.0,0.0
2011-09-16 15:30:00,EV_016,EV,0.0,0.0,0.0
2011-09-16 15:30:00,EV_017,EV,0.0,0.0,0.0
2011-09-16 15:30:00,EV_018,EV,0.0,0.0,0.0
2011-09-16 15:30:00,EV_019,EV,0.0,0.0,0.0
2011-09-16 15:30:00,EV_020,EV,0.0,0.0,0.0
2011-09-16 15:30:00,FL001,FLEXIBLE_LOAD,0.0,0.0,0.0
2011-09-16 15:30:00,FL002,FLEXIBLE_LOAD,10.0,10.0,0.0
2011-09-16 15:30:00,FL003,FLEXIBLE_LOAD,0.0,0.0,0.0
2011-09-16 15:45:00,BESS_COMMUNITY_01,BESS,0.0,0.0,0.0
2011-09-16 15:45:00,PV_H002,PV,1.47,1.47,0.0
2011-09-16 15:45:00,PV_H003,PV,1.19,1.19,0.0
2011-09-16 15:45:00,PV_H005,PV,1.19,1.19,0.0
2011-09-16 15:45:00,PV_H006,PV,0.75,0.75,0.0
2011-09-16 15:45:00,PV_H007,PV,1.48,1.48,0.0
2011-09-16 15:45:00,PV_H010,PV,1.14,1.14,0.0
2011-09-16 15:45:00,PV_H016,PV,0.79,0.79,0.0
2011-09-16 15:45:00,PV_H017,PV,1.36,1.36,0.0
2011-09-16 15:45:00,PV_H018,PV,0.88,0.88,0.0
2011-09-16 15:45:00,PV_H021,PV,2.03,2.03,0.0
2011-09-16 15:45:00,PV_H024,PV,0.75,0.75,0.0
2011-09-16 15:45:00,PV_H025,PV,1.43,1.43,0.0
2011-09-16 15:45:00,PV_H026,PV,1.38,1.38,0.0
2011-09-16 15:45:00,PV_H027,PV,1.33,1.33,0.0
2011-09-16 15:45:00,PV_H032,PV,1.2,1.2,0.0
2011-09-16 15:45:00,PV_H033,PV,0.91,0.91,0.0
2011-09-16 15:45:00,PV_H034,PV,1.49,1.49,0.0
2011-09-16 15:45:00,PV_H035,PV,1.12,1.12,0.0
2011-09-16 15:45:00,PV_H036,PV,1.31,1.31,0.0
2011-09-16 15:45:00,PV_H037,PV,1.26,1.26,0.0
2011-09-16 15:45:00,PV_H040,PV,1.54,1.54,0.0
2011-09-16 15:45:00,PV_H042,PV,0.96,0.96,0.0
2011-09-16 15:45:00,PV_H044,PV,1.26,1.26,0.0
2011-09-16 15:45:00,PV_H046,PV,1.61,1.61,0.0
2011-09-16 15:45:00,PV_H048,PV,1.17,1.17,0.0
2011-09-16 15:45:00,PV_H049,PV,1.04,1.04,0.0
2011-09-16 15:45:00,PV_H050,PV,1.47,1.47,0.0
2011-09-16 15:45:00,PV_H053,PV,1.71,1.71,0.0
2011-09-16 15:45:00,PV_H055,PV,1.04,1.04,0.0
2011-09-16 15:45:00,PV_H057,PV,1.63,1.63,0.0
2011-09-16 15:45:00,PV_H058,PV,1.13,1.13,0.0
2011-09-16 15:45:00,PV_H060,PV,2.1,2.1,0.0
2011-09-16 15:45:00,PV_H061,PV,1.15,1.15,0.0
2011-09-16 15:45:00,PV_H062,PV,2.26,2.26,0.0
2011-09-16 15:45:00,PV_H063,PV,1.51,1.51,0.0
2011-09-16 15:45:00,PV_H066,PV,1.67,1.67,0.0
2011-09-16 15:45:00,PV_H067,PV,0.99,0.99,0.0
2011-09-16 15:45:00,PV_H069,PV,1.35,1.35,0.0
2011-09-16 15:45:00,PV_H071,PV,1.72,1.72,0.0
2011-09-16 15:45:00,PV_H072,PV,1.94,1.94,0.0
2011-09-16 15:45:00,PV_H073,PV,1.4,1.4,0.0
2011-09-16 15:45:00,PV_H074,PV,1.54,1.54,0.0
2011-09-16 15:45:00,PV_H076,PV,1.76,1.76,0.0
2011-09-16 15:45:00,PV_H077,PV,1.88,1.88,0.0
2011-09-16 15:45:00,PV_H078,PV,1.03,1.03,0.0
2011-09-16 15:45:00,PV_H079,PV,1.07,1.07,0.0
2011-09-16 15:45:00,PV_H080,PV,1.56,1.56,0.0
2011-09-16 15:45:00,PV_H081,PV,1.56,1.56,0.0
2011-09-16 15:45:00,PV_H082,PV,1.03,1.03,0.0
2011-09-16 15:45:00,PV_H083,PV,1.15,1.15,0.0
2011-09-16 15:45:00,PV_H085,PV,1.44,1.44,0.0
2011-09-16 15:45:00,PV_H087,PV,1.66,1.66,0.0
2011-09-16 15:45:00,PV_H088,PV,0.84,0.84,0.0
2011-09-16 15:45:00,PV_H090,PV,1.63,1.63,0.0
2011-09-16 15:45:00,PV_H093,PV,2.0,2.0,0.0
2011-09-16 15:45:00,PV_H094,PV,1.04,1.04,0.0
2011-09-16 15:45:00,PV_H095,PV,1.0,1.0,0.0
2011-09-16 15:45:00,PV_H096,PV,1.61,1.61,0.0
2011-09-16 15:45:00,PV_H098,PV,1.19,1.19,0.0
2011-09-16 15:45:00,PV_H099,PV,1.17,1.17,0.0
2011-09-16 15:45:00,EV_001,EV,0.0,0.0,0.0
2011-09-16 15:45:00,EV_002,EV,0.0,0.0,0.0
2011-09-16 15:45:00,EV_003,EV,0.0,0.0,0.0
2011-09-16 15:45:00,EV_004,EV,0.0,0.0,0.0
2011-09-16 15:45:00,EV_005,EV,0.0,0.0,0.0
2011-09-16 15:45:00,EV_006,EV,0.0,0.0,0.0
2011-09-16 15:45:00,EV_007,EV,0.0,0.0,0.0
2011-09-16 15:45:00,EV_008,EV,0.0,0.0,0.0
2011-09-16 15:45:00,EV_009,EV,0.0,0.0,0.0
2011-09-16 15:45:00,EV_010,EV,0.0,0.0,0.0
2011-09-16 15:45:00,EV_011,EV,0.0,0.0,0.0
2011-09-16 15:45:00,EV_012,EV,0.0,0.0,0.0
2011-09-16 15:45:00,EV_013,EV,0.0,0.0,0.0
2011-09-16 15:45:00,EV_014,EV,0.0,0.0,0.0
2011-09-16 15:45:00,EV_015,EV,0.0,0.0,0.0
2011-09-16 15:45:00,EV_016,EV,0.0,0.0,0.0
2011-09-16 15:45:00,EV_017,EV,0.0,0.0,0.0
2011-09-16 15:45:00,EV_018,EV,0.0,0.0,0.0
2011-09-16 15:45:00,EV_019,EV,0.0,0.0,0.0
2011-09-16 15:45:00,EV_020,EV,0.0,0.0,0.0
2011-09-16 15:45:00,FL001,FLEXIBLE_LOAD,0.0,0.0,0.0
2011-09-16 15:45:00,FL002,FLEXIBLE_LOAD,10.0,10.0,0.0
2011-09-16 15:45:00,FL003,FLEXIBLE_LOAD,0.0,0.0,0.0
2011-09-16 16:00:00,BESS_COMMUNITY_01,BESS,0.0,0.0,0.0
2011-09-16 16:00:00,PV_H002,PV,0.35,0.35,0.0
2011-09-16 16:00:00,PV_H003,PV,0.28,0.28,0.0
2011-09-16 16:00:00,PV_H005,PV,0.28,0.28,0.0
2011-09-16 16:00:00,PV_H006,PV,0.18,0.18,0.0
2011-09-16 16:00:00,PV_H007,PV,0.35,0.35,0.0
2011-09-16 16:00:00,PV_H010,PV,0.27,0.27,0.0
2011-09-16 16:00:00,PV_H016,PV,0.19,0.19,0.0
2011-09-16 16:00:00,PV_H017,PV,0.32,0.32,0.0
2011-09-16 16:00:00,PV_H018,PV,0.21,0.21,0.0
2011-09-16 16:00:00,PV_H021,PV,0.48,0.48,0.0
2011-09-16 16:00:00,PV_H024,PV,0.18,0.18,0.0
2011-09-16 16:00:00,PV_H025,PV,0.34,0.34,0.0
2011-09-16 16:00:00,PV_H026,PV,0.32,0.32,0.0
2011-09-16 16:00:00,PV_H027,PV,0.31,0.31,0.0
2011-09-16 16:00:00,PV_H032,PV,0.28,0.28,0.0
2011-09-16 16:00:00,PV_H033,PV,0.21,0.21,0.0
2011-09-16 16:00:00,PV_H034,PV,0.35,0.35,0.0
2011-09-16 16:00:00,PV_H035,PV,0.26,0.26,0.0
2011-09-16 16:00:00,PV_H036,PV,0.31,0.31,0.0
2011-09-16 16:00:00,PV_H037,PV,0.3,0.3,0.0
2011-09-16 16:00:00,PV_H040,PV,0.36,0.36,0.0
2011-09-16 16:00:00,PV_H042,PV,0.23,0.23,0.0
2011-09-16 16:00:00,PV_H044,PV,0.3,0.3,0.0
2011-09-16 16:00:00,PV_H046,PV,0.38,0.38,0.0
2011-09-16 16:00:00,PV_H048,PV,0.28,0.28,0.0
2011-09-16 16:00:00,PV_H049,PV,0.25,0.25,0.0
2011-09-16 16:00:00,PV_H050,PV,0.35,0.35,0.0
2011-09-16 16:00:00,PV_H053,PV,0.4,0.4,0.0
2011-09-16 16:00:00,PV_H055,PV,0.25,0.25,0.0
2011-09-16 16:00:00,PV_H057,PV,0.38,0.38,0.0
2011-09-16 16:00:00,PV_H058,PV,0.27,0.27,0.0
2011-09-16 16:00:00,PV_H060,PV,0.49,0.49,0.0
2011-09-16 16:00:00,PV_H061,PV,0.27,0.27,0.0
2011-09-16 16:00:00,PV_H062,PV,0.53,0.53,0.0
2011-09-16 16:00:00,PV_H063,PV,0.36,0.36,0.0
2011-09-16 16:00:00,PV_H066,PV,0.39,0.39,0.0
2011-09-16 16:00:00,PV_H067,PV,0.23,0.23,0.0
2011-09-16 16:00:00,PV_H069,PV,0.32,0.32,0.0
2011-09-16 16:00:00,PV_H071,PV,0.4,0.4,0.0
2011-09-16 16:00:00,PV_H072,PV,0.46,0.46,0.0
2011-09-16 16:00:00,PV_H073,PV,0.33,0.33,0.0
2011-09-16 16:00:00,PV_H074,PV,0.36,0.36,0.0
2011-09-16 16:00:00,PV_H076,PV,0.42,0.42,0.0
2011-09-16 16:00:00,PV_H077,PV,0.44,0.44,0.0
2011-09-16 16:00:00,PV_H078,PV,0.24,0.24,0.0
2011-09-16 16:00:00,PV_H079,PV,0.25,0.25,0.0
2011-09-16 16:00:00,PV_H080,PV,0.37,0.37,0.0
2011-09-16 16:00:00,PV_H081,PV,0.37,0.37,0.0
2011-09-16 16:00:00,PV_H082,PV,0.24,0.24,0.0
2011-09-16 16:00:00,PV_H083,PV,0.27,0.27,0.0
2011-09-16 16:00:00,PV_H085,PV,0.34,0.34,0.0
2011-09-16 16:00:00,PV_H087,PV,0.39,0.39,0.0
2011-09-16 16:00:00,PV_H088,PV,0.2,0.2,0.0
2011-09-16 16:00:00,PV_H090,PV,0.38,0.38,0.0
2011-09-16 16:00:00,PV_H093,PV,0.47,0.47,0.0
2011-09-16 16:00:00,PV_H094,PV,0.24,0.24,0.0
2011-09-16 16:00:00,PV_H095,PV,0.24,0.24,0.0
2011-09-16 16:00:00,PV_H096,PV,0.38,0.38,0.0
2011-09-16 16:00:00,PV_H098,PV,0.28,0.28,0.0
2011-09-16 16:00:00,PV_H099,PV,0.27,0.27,0.0
2011-09-16 16:00:00,EV_001,EV,0.0,0.0,0.0
2011-09-16 16:00:00,EV_002,EV,0.0,0.0,0.0
2011-09-16 16:00:00,EV_003,EV,0.0,0.0,0.0
2011-09-16 16:00:00,EV_004,EV,0.0,0.0,0.0
2011-09-16 16:00:00,EV_005,EV,0.0,0.0,0.0
2011-09-16 16:00:00,EV_006,EV,0.0,0.0,0.0
2011-09-16 16:00:00,EV_007,EV,0.0,0.0,0.0
2011-09-16 16:00:00,EV_008,EV,0.0,0.0,0.0
2011-09-16 16:00:00,EV_009,EV,0.0,0.0,0.0
2011-09-16 16:00:00,EV_010,EV,0.0,0.0,0.0
2011-09-16 16:00:00,EV_011,EV,0.0,0.0,0.0
2011-09-16 16:00:00,EV_012,EV,0.0,0.0,0.0
2011-09-16 16:00:00,EV_013,EV,0.0,0.0,0.0
2011-09-16 16:00:00,EV_014,EV,0.0,0.0,0.0
2011-09-16 16:00:00,EV_015,EV,0.0,0.0,0.0
2011-09-16 16:00:00,EV_016,EV,0.0,0.0,0.0
2011-09-16 16:00:00,EV_017,EV,0.0,0.0,0.0
2011-09-16 16:00:00,EV_018,EV,0.0,0.0,0.0
2011-09-16 16:00:00,EV_019,EV,0.0,0.0,0.0
2011-09-16 16:00:00,EV_020,EV,0.0,0.0,0.0
2011-09-16 16:00:00,FL001,FLEXIBLE_LOAD,0.0,0.0,0.0
2011-09-16 16:00:00,FL002,FLEXIBLE_LOAD,10.0,10.0,0.0
2011-09-16 16:00:00,FL003,FLEXIBLE_LOAD,0.0,0.0,0.0
2011-09-16 16:15:00,BESS_COMMUNITY_01,BESS,0.0,0.0,0.0
2011-09-16 16:15:00,PV_H002,PV,0.23,0.23,0.0
2011-09-16 16:15:00,PV_H003,PV,0.18,0.18,0.0
2011-09-16 16:15:00,PV_H005,PV,0.18,0.18,0.0
2011-09-16 16:15:00,PV_H006,PV,0.12,0.12,0.0
2011-09-16 16:15:00,PV_H007,PV,0.23,0.23,0.0
2011-09-16 16:15:00,PV_H010,PV,0.18,0.18,0.0
2011-09-16 16:15:00,PV_H016,PV,0.12,0.12,0.0
2011-09-16 16:15:00,PV_H017,PV,0.21,0.21,0.0
2011-09-16 16:15:00,PV_H018,PV,0.14,0.14,0.0
2011-09-16 16:15:00,PV_H021,PV,0.31,0.31,0.0
2011-09-16 16:15:00,PV_H024,PV,0.12,0.12,0.0
2011-09-16 16:15:00,PV_H025,PV,0.22,0.22,0.0
2011-09-16 16:15:00,PV_H026,PV,0.21,0.21,0.0
2011-09-16 16:15:00,PV_H027,PV,0.21,0.21,0.0
2011-09-16 16:15:00,PV_H032,PV,0.19,0.19,0.0
2011-09-16 16:15:00,PV_H033,PV,0.14,0.14,0.0
2011-09-16 16:15:00,PV_H034,PV,0.23,0.23,0.0
2011-09-16 16:15:00,PV_H035,PV,0.17,0.17,0.0
2011-09-16 16:15:00,PV_H036,PV,0.2,0.2,0.0
2011-09-16 16:15:00,PV_H037,PV,0.19,0.19,0.0
2011-09-16 16:15:00,PV_H040,PV,0.24,0.24,0.0
2011-09-16 16:15:00,PV_H042,PV,0.15,0.15,0.0
2011-09-16 16:15:00,PV_H044,PV,0.19,0.19,0.0
2011-09-16 16:15:00,PV_H046,PV,0.25,0.25,0.0
2011-09-16 16:15:00,PV_H048,PV,0.18,0.18,0.0
2011-09-16 16:15:00,PV_H049,PV,0.16,0.16,0.0
2011-09-16 16:15:00,PV_H050,PV,0.23,0.23,0.0
2011-09-16 16:15:00,PV_H053,PV,0.26,0.26,0.0
2011-09-16 16:15:00,PV_H055,PV,0.16,0.16,0.0
2011-09-16 16:15:00,PV_H057,PV,0.25,0.25,0.0
2011-09-16 16:15:00,PV_H058,PV,0.17,0.17,0.0
2011-09-16 16:15:00,PV_H060,PV,0.32,0.32,0.0
2011-09-16 16:15:00,PV_H061,PV,0.18,0.18,0.0
2011-09-16 16:15:00,PV_H062,PV,0.35,0.35,0.0
2011-09-16 16:15:00,PV_H063,PV,0.23,0.23,0.0
2011-09-16 16:15:00,PV_H066,PV,0.26,0.26,0.0
2011-09-16 16:15:00,PV_H067,PV,0.15,0.15,0.0
2011-09-16 16:15:00,PV_H069,PV,0.21,0.21,0.0
2011-09-16 16:15:00,PV_H071,PV,0.27,0.27,0.0
2011-09-16 16:15:00,PV_H072,PV,0.3,0.3,0.0
2011-09-16 16:15:00,PV_H073,PV,0.22,0.22,0.0
2011-09-16 16:15:00,PV_H074,PV,0.24,0.24,0.0
2011-09-16 16:15:00,PV_H076,PV,0.27,0.27,0.0
2011-09-16 16:15:00,PV_H077,PV,0.29,0.29,0.0
2011-09-16 16:15:00,PV_H078,PV,0.16,0.16,0.0
2011-09-16 16:15:00,PV_H079,PV,0.17,0.17,0.0
2011-09-16 16:15:00,PV_H080,PV,0.24,0.24,0.0
2011-09-16 16:15:00,PV_H081,PV,0.24,0.24,0.0
2011-09-16 16:15:00,PV_H082,PV,0.16,0.16,0.0
2011-09-16 16:15:00,PV_H083,PV,0.18,0.18,0.0
2011-09-16 16:15:00,PV_H085,PV,0.22,0.22,0.0
2011-09-16 16:15:00,PV_H087,PV,0.26,0.26,0.0
2011-09-16 16:15:00,PV_H088,PV,0.13,0.13,0.0
2011-09-16 16:15:00,PV_H090,PV,0.25,0.25,0.0
2011-09-16 16:15:00,PV_H093,PV,0.31,0.31,0.0
2011-09-16 16:15:00,PV_H094,PV,0.16,0.16,0.0
2011-09-16 16:15:00,PV_H095,PV,0.15,0.15,0.0
2011-09-16 16:15:00,PV_H096,PV,0.25,0.25,0.0
2011-09-16 16:15:00,PV_H098,PV,0.18,0.18,0.0
2011-09-16 16:15:00,PV_H099,PV,0.18,0.18,0.0
2011-09-16 16:15:00,EV_001,EV,0.0,0.0,0.0
2011-09-16 16:15:00,EV_002,EV,0.0,0.0,0.0
2011-09-16 16:15:00,EV_003,EV,0.0,0.0,0.0
2011-09-16 16:15:00,EV_004,EV,0.0,0.0,0.0
2011-09-16 16:15:00,EV_005,EV,0.0,0.0,0.0
2011-09-16 16:15:00,EV_006,EV,0.0,0.0,0.0
2011-09-16 16:15:00,EV_007,EV,0.0,0.0,0.0
2011-09-16 16:15:00,EV_008,EV,0.0,0.0,0.0
2011-09-16 16:15:00,EV_009,EV,0.0,0.0,0.0
2011-09-16 16:15:00,EV_010,EV,0.0,0.0,0.0
2011-09-16 16:15:00,EV_011,EV,0.0,0.0,0.0
2011-09-16 16:15:00,EV_012,EV,0.0,0.0,0.0
2011-09-16 16:15:00,EV_013,EV,0.0,0.0,0.0
2011-09-16 16:15:00,EV_014,EV,0.0,0.0,0.0
2011-09-16 16:15:00,EV_015,EV,0.0,0.0,0.0
2011-09-16 16:15:00,EV_016,EV,0.0,0.0,0.0
2011-09-16 16:15:00,EV_017,EV,0.0,0.0,0.0
2011-09-16 16:15:00,EV_018,EV,0.0,0.0,0.0
2011-09-16 16:15:00,EV_019,EV,0.0,0.0,0.0
2011-09-16 16:15:00,EV_020,EV,0.0,0.0,0.0
2011-09-16 16:15:00,FL001,FLEXIBLE_LOAD,0.0,0.0,0.0
2011-09-16 16:15:00,FL002,FLEXIBLE_LOAD,10.0,10.0,0.0
2011-09-16 16:15:00,FL003,FLEXIBLE_LOAD,0.0,0.0,0.0
2011-09-16 16:30:00,BESS_COMMUNITY_01,BESS,0.0,0.0,0.0
2011-09-16 16:30:00,PV_H002,PV,0.06,0.06,0.0
2011-09-16 16:30:00,PV_H003,PV,0.05,0.05,0.0
2011-09-16 16:30:00,PV_H005,PV,0.05,0.05,0.0
2011-09-16 16:30:00,PV_H006,PV,0.03,0.03,0.0
2011-09-16 16:30:00,PV_H007,PV,0.06,0.06,0.0
2011-09-16 16:30:00,PV_H010,PV,0.05,0.05,0.0
2011-09-16 16:30:00,PV_H016,PV,0.03,0.03,0.0
2011-09-16 16:30:00,PV_H017,PV,0.05,0.05,0.0
2011-09-16 16:30:00,PV_H018,PV,0.04,0.04,0.0
2011-09-16 16:30:00,PV_H021,PV,0.08,0.08,0.0
2011-09-16 16:30:00,PV_H024,PV,0.03,0.03,0.0
2011-09-16 16:30:00,PV_H025,PV,0.06,0.06,0.0
2011-09-16 16:30:00,PV_H026,PV,0.06,0.06,0.0
2011-09-16 16:30:00,PV_H027,PV,0.05,0.05,0.0
2011-09-16 16:30:00,PV_H032,PV,0.05,0.05,0.0
2011-09-16 16:30:00,PV_H033,PV,0.04,0.04,0.0
2011-09-16 16:30:00,PV_H034,PV,0.06,0.06,0.0
2011-09-16 16:30:00,PV_H035,PV,0.04,0.04,0.0
2011-09-16 16:30:00,PV_H036,PV,0.05,0.05,0.0
2011-09-16 16:30:00,PV_H037,PV,0.05,0.05,0.0
2011-09-16 16:30:00,PV_H040,PV,0.06,0.06,0.0
2011-09-16 16:30:00,PV_H042,PV,0.04,0.04,0.0
2011-09-16 16:30:00,PV_H044,PV,0.05,0.05,0.0
2011-09-16 16:30:00,PV_H046,PV,0.06,0.06,0.0
2011-09-16 16:30:00,PV_H048,PV,0.05,0.05,0.0
2011-09-16 16:30:00,PV_H049,PV,0.04,0.04,0.0
2011-09-16 16:30:00,PV_H050,PV,0.06,0.06,0.0
2011-09-16 16:30:00,PV_H053,PV,0.07,0.07,0.0
2011-09-16 16:30:00,PV_H055,PV,0.04,0.04,0.0
2011-09-16 16:30:00,PV_H057,PV,0.07,0.07,0.0
2011-09-16 16:30:00,PV_H058,PV,0.05,0.05,0.0
2011-09-16 16:30:00,PV_H060,PV,0.08,0.08,0.0
2011-09-16 16:30:00,PV_H061,PV,0.05,0.05,0.0
2011-09-16 16:30:00,PV_H062,PV,0.09,0.09,0.0
2011-09-16 16:30:00,PV_H063,PV,0.06,0.06,0.0
2011-09-16 16:30:00,PV_H066,PV,0.07,0.07,0.0
2011-09-16 16:30:00,PV_H067,PV,0.04,0.04,0.0
2011-09-16 16:30:00,PV_H069,PV,0.05,0.05,0.0
2011-09-16 16:30:00,PV_H071,PV,0.07,0.07,0.0
2011-09-16 16:30:00,PV_H072,PV,0.08,0.08,0.0
2011-09-16 16:30:00,PV_H073,PV,0.06,0.06,0.0
2011-09-16 16:30:00,PV_H074,PV,0.06,0.06,0.0
2011-09-16 16:30:00,PV_H076,PV,0.07,0.07,0.0
2011-09-16 16:30:00,PV_H077,PV,0.08,0.08,0.0
2011-09-16 16:30:00,PV_H078,PV,0.04,0.04,0.0
2011-09-16 16:30:00,PV_H079,PV,0.04,0.04,0.0
2011-09-16 16:30:00,PV_H080,PV,0.06,0.06,0.0
2011-09-16 16:30:00,PV_H081,PV,0.06,0.06,0.0
2011-09-16 16:30:00,PV_H082,PV,0.04,0.04,0.0
2011-09-16 16:30:00,PV_H083,PV,0.05,0.05,0.0
2011-09-16 16:30:00,PV_H085,PV,0.06,0.06,0.0
2011-09-16 16:30:00,PV_H087,PV,0.07,0.07,0.0
2011-09-16 16:30:00,PV_H088,PV,0.03,0.03,0.0
2011-09-16 16:30:00,PV_H090,PV,0.07,0.07,0.0
2011-09-16 16:30:00,PV_H093,PV,0.08,0.08,0.0
2011-09-16 16:30:00,PV_H094,PV,0.04,0.04,0.0
2011-09-16 16:30:00,PV_H095,PV,0.04,0.04,0.0
2011-09-16 16:30:00,PV_H096,PV,0.06,0.06,0.0
2011-09-16 16:30:00,PV_H098,PV,0.05,0.05,0.0
2011-09-16 16:30:00,PV_H099,PV,0.05,0.05,0.0
2011-09-16 16:30:00,EV_001,EV,0.0,0.0,0.0
2011-09-16 16:30:00,EV_002,EV,0.0,0.0,0.0
2011-09-16 16:30:00,EV_003,EV,0.0,0.0,0.0
2011-09-16 16:30:00,EV_004,EV,0.0,0.0,0.0
2011-09-16 16:30:00,EV_005,EV,0.0,0.0,0.0
2011-09-16 16:30:00,EV_006,EV,0.0,0.0,0.0
2011-09-16 16:30:00,EV_007,EV,0.0,0.0,0.0
2011-09-16 16:30:00,EV_008,EV,0.0,0.0,0.0
2011-09-16 16:30:00,EV_009,EV,0.0,0.0,0.0
2011-09-16 16:30:00,EV_010,EV,0.0,0.0,0.0
2011-09-16 16:30:00,EV_011,EV,0.0,0.0,0.0
2011-09-16 16:30:00,EV_012,EV,0.0,0.0,0.0
2011-09-16 16:30:00,EV_013,EV,0.0,0.0,0.0
2011-09-16 16:30:00,EV_014,EV,0.0,0.0,1.44
2011-09-16 16:30:00,EV_015,EV,0.0,0.0,0.0
2011-09-16 16:30:00,EV_016,EV,0.0,0.0,0.0
2011-09-16 16:30:00,EV_017,EV,0.0,0.0,0.0
2011-09-16 16:30:00,EV_018,EV,0.0,0.0,0.0
2011-09-16 16:30:00,EV_019,EV,0.0,0.0,0.0
2011-09-16 16:30:00,EV_020,EV,0.0,0.0,0.0
2011-09-16 16:30:00,FL001,FLEXIBLE_LOAD,0.0,0.0,0.0
2011-09-16 16:30:00,FL002,FLEXIBLE_LOAD,10.0,10.0,0.0
2011-09-16 16:30:00,FL003,FLEXIBLE_LOAD,0.0,0.0,0.0
2011-09-16 16:45:00,BESS_COMMUNITY_01,BESS,0.0,0.0,0.0
2011-09-16 16:45:00,PV_H002,PV,0.0,0.0,0.0
2011-09-16 16:45:00,PV_H003,PV,0.0,0.0,0.0
2011-09-16 16:45:00,PV_H005,PV,0.0,0.0,0.0
2011-09-16 16:45:00,PV_H006,PV,0.0,0.0,0.0
2011-09-16 16:45:00,PV_H007,PV,0.0,0.0,0.0
2011-09-16 16:45:00,PV_H010,PV,0.0,0.0,0.0
2011-09-16 16:45:00,PV_H016,PV,0.0,0.0,0.0
2011-09-16 16:45:00,PV_H017,PV,0.0,0.0,0.0
2011-09-16 16:45:00,PV_H018,PV,0.0,0.0,0.0
2011-09-16 16:45:00,PV_H021,PV,0.0,0.0,0.0
2011-09-16 16:45:00,PV_H024,PV,0.0,0.0,0.0
2011-09-16 16:45:00,PV_H025,PV,0.0,0.0,0.0
2011-09-16 16:45:00,PV_H026,PV,0.0,0.0,0.0
2011-09-16 16:45:00,PV_H027,PV,0.0,0.0,0.0
2011-09-16 16:45:00,PV_H032,PV,0.0,0.0,0.0
2011-09-16 16:45:00,PV_H033,PV,0.0,0.0,0.0
2011-09-16 16:45:00,PV_H034,PV,0.0,0.0,0.0
2011-09-16 16:45:00,PV_H035,PV,0.0,0.0,0.0
2011-09-16 16:45:00,PV_H036,PV,0.0,0.0,0.0
2011-09-16 16:45:00,PV_H037,PV,0.0,0.0,0.0
2011-09-16 16:45:00,PV_H040,PV,0.0,0.0,0.0
2011-09-16 16:45:00,PV_H042,PV,0.0,0.0,0.0
2011-09-16 16:45:00,PV_H044,PV,0.0,0.0,0.0
2011-09-16 16:45:00,PV_H046,PV,0.0,0.0,0.0
2011-09-16 16:45:00,PV_H048,PV,0.0,0.0,0.0
2011-09-16 16:45:00,PV_H049,PV,0.0,0.0,0.0
2011-09-16 16:45:00,PV_H050,PV,0.0,0.0,0.0
2011-09-16 16:45:00,PV_H053,PV,0.0,0.0,0.0
2011-09-16 16:45:00,PV_H055,PV,0.0,0.0,0.0
2011-09-16 16:45:00,PV_H057,PV,0.0,0.0,0.0
2011-09-16 16:45:00,PV_H058,PV,0.0,0.0,0.0
2011-09-16 16:45:00,PV_H060,PV,0.0,0.0,0.0
2011-09-16 16:45:00,PV_H061,PV,0.0,0.0,0.0
2011-09-16 16:45:00,PV_H062,PV,0.0,0.0,0.0
2011-09-16 16:45:00,PV_H063,PV,0.0,0.0,0.0
2011-09-16 16:45:00,PV_H066,PV,0.0,0.0,0.0
2011-09-16 16:45:00,PV_H067,PV,0.0,0.0,0.0
2011-09-16 16:45:00,PV_H069,PV,0.0,0.0,0.0
2011-09-16 16:45:00,PV_H071,PV,0.0,0.0,0.0
2011-09-16 16:45:00,PV_H072,PV,0.0,0.0,0.0
2011-09-16 16:45:00,PV_H073,PV,0.0,0.0,0.0
2011-09-16 16:45:00,PV_H074,PV,0.0,0.0,0.0
2011-09-16 16:45:00,PV_H076,PV,0.0,0.0,0.0
2011-09-16 16:45:00,PV_H077,PV,0.0,0.0,0.0
2011-09-16 16:45:00,PV_H078,PV,0.0,0.0,0.0
2011-09-16 16:45:00,PV_H079,PV,0.0,0.0,0.0
2011-09-16 16:45:00,PV_H080,PV,0.0,0.0,0.0
2011-09-16 16:45:00,PV_H081,PV,0.0,0.0,0.0
2011-09-16 16:45:00,PV_H082,PV,0.0,0.0,0.0
2011-09-16 16:45:00,PV_H083,PV,0.0,0.0,0.0
2011-09-16 16:45:00,PV_H085,PV,0.0,0.0,0.0
2011-09-16 16:45:00,PV_H087,PV,0.0,0.0,0.0
2011-09-16 16:45:00,PV_H088,PV,0.0,0.0,0.0
2011-09-16 16:45:00,PV_H090,PV,0.0,0.0,0.0
2011-09-16 16:45:00,PV_H093,PV,0.0,0.0,0.0
2011-09-16 16:45:00,PV_H094,PV,0.0,0.0,0.0
2011-09-16 16:45:00,PV_H095,PV,0.0,0.0,0.0
2011-09-16 16:45:00,PV_H096,PV,0.0,0.0,0.0
2011-09-16 16:45:00,PV_H098,PV,0.0,0.0,0.0
2011-09-16 16:45:00,PV_H099,PV,0.0,0.0,0.0
2011-09-16 16:45:00,EV_001,EV,0.0,0.0,0.0
2011-09-16 16:45:00,EV_002,EV,0.0,0.0,0.0
2011-09-16 16:45:00,EV_003,EV,0.0,0.0,0.0
2011-09-16 16:45:00,EV_004,EV,0.0,0.0,0.0
2011-09-16 16:45:00,EV_005,EV,0.0,0.0,0.0
2011-09-16 16:45:00,EV_006,EV,0.0,0.0,0.0
2011-09-16 16:45:00,EV_007,EV,0.0,0.0,0.0
2011-09-16 16:45:00,EV_008,EV,0.0,0.0,0.0
2011-09-16 16:45:00,EV_009,EV,0.0,0.0,0.0
2011-09-16 16:45:00,EV_010,EV,0.0,0.0,0.0
2011-09-16 16:45:00,EV_011,EV,0.0,0.0,0.0
2011-09-16 16:45:00,EV_012,EV,0.0,0.0,0.0
2011-09-16 16:45:00,EV_013,EV,0.0,0.0,0.0
2011-09-16 16:45:00,EV_014,EV,0.0,0.0,3.2
2011-09-16 16:45:00,EV_015,EV,0.0,0.0,0.0
2011-09-16 16:45:00,EV_016,EV,0.0,0.0,0.0
2011-09-16 16:45:00,EV_017,EV,0.0,0.0,0.0
2011-09-16 16:45:00,EV_018,EV,0.0,0.0,0.0
2011-09-16 16:45:00,EV_019,EV,0.0,0.0,0.0
2011-09-16 16:45:00,EV_020,EV,0.0,0.0,0.0
2011-09-16 16:45:00,FL001,FLEXIBLE_LOAD,0.0,0.0,0.0
2011-09-16 16:45:00,FL002,FLEXIBLE_LOAD,10.0,10.0,0.0
2011-09-16 16:45:00,FL003,FLEXIBLE_LOAD,0.0,0.0,0.0
2011-09-16 17:00:00,BESS_COMMUNITY_01,BESS,0.0,0.0,0.0
2011-09-16 17:00:00,PV_H002,PV,0.0,0.0,0.0
2011-09-16 17:00:00,PV_H003,PV,0.0,0.0,0.0
2011-09-16 17:00:00,PV_H005,PV,0.0,0.0,0.0
2011-09-16 17:00:00,PV_H006,PV,0.0,0.0,0.0
2011-09-16 17:00:00,PV_H007,PV,0.0,0.0,0.0
2011-09-16 17:00:00,PV_H010,PV,0.0,0.0,0.0
2011-09-16 17:00:00,PV_H016,PV,0.0,0.0,0.0
2011-09-16 17:00:00,PV_H017,PV,0.0,0.0,0.0
2011-09-16 17:00:00,PV_H018,PV,0.0,0.0,0.0
2011-09-16 17:00:00,PV_H021,PV,0.0,0.0,0.0
2011-09-16 17:00:00,PV_H024,PV,0.0,0.0,0.0
2011-09-16 17:00:00,PV_H025,PV,0.0,0.0,0.0
2011-09-16 17:00:00,PV_H026,PV,0.0,0.0,0.0
2011-09-16 17:00:00,PV_H027,PV,0.0,0.0,0.0
2011-09-16 17:00:00,PV_H032,PV,0.0,0.0,0.0
2011-09-16 17:00:00,PV_H033,PV,0.0,0.0,0.0
2011-09-16 17:00:00,PV_H034,PV,0.0,0.0,0.0
2011-09-16 17:00:00,PV_H035,PV,0.0,0.0,0.0
2011-09-16 17:00:00,PV_H036,PV,0.0,0.0,0.0
2011-09-16 17:00:00,PV_H037,PV,0.0,0.0,0.0
2011-09-16 17:00:00,PV_H040,PV,0.0,0.0,0.0
2011-09-16 17:00:00,PV_H042,PV,0.0,0.0,0.0
2011-09-16 17:00:00,PV_H044,PV,0.0,0.0,0.0
2011-09-16 17:00:00,PV_H046,PV,0.0,0.0,0.0
2011-09-16 17:00:00,PV_H048,PV,0.0,0.0,0.0
2011-09-16 17:00:00,PV_H049,PV,0.0,0.0,0.0
2011-09-16 17:00:00,PV_H050,PV,0.0,0.0,0.0
2011-09-16 17:00:00,PV_H053,PV,0.0,0.0,0.0
2011-09-16 17:00:00,PV_H055,PV,0.0,0.0,0.0
2011-09-16 17:00:00,PV_H057,PV,0.0,0.0,0.0
2011-09-16 17:00:00,PV_H058,PV,0.0,0.0,0.0
2011-09-16 17:00:00,PV_H060,PV,0.0,0.0,0.0
2011-09-16 17:00:00,PV_H061,PV,0.0,0.0,0.0
2011-09-16 17:00:00,PV_H062,PV,0.0,0.0,0.0
2011-09-16 17:00:00,PV_H063,PV,0.0,0.0,0.0
2011-09-16 17:00:00,PV_H066,PV,0.0,0.0,0.0
2011-09-16 17:00:00,PV_H067,PV,0.0,0.0,0.0
2011-09-16 17:00:00,PV_H069,PV,0.0,0.0,0.0
2011-09-16 17:00:00,PV_H071,PV,0.0,0.0,0.0
2011-09-16 17:00:00,PV_H072,PV,0.0,0.0,0.0
2011-09-16 17:00:00,PV_H073,PV,0.0,0.0,0.0
2011-09-16 17:00:00,PV_H074,PV,0.0,0.0,0.0
2011-09-16 17:00:00,PV_H076,PV,0.0,0.0,0.0
2011-09-16 17:00:00,PV_H077,PV,0.0,0.0,0.0
2011-09-16 17:00:00,PV_H078,PV,0.0,0.0,0.0
2011-09-16 17:00:00,PV_H079,PV,0.0,0.0,0.0
2011-09-16 17:00:00,PV_H080,PV,0.0,0.0,0.0
2011-09-16 17:00:00,PV_H081,PV,0.0,0.0,0.0
2011-09-16 17:00:00,PV_H082,PV,0.0,0.0,0.0
2011-09-16 17:00:00,PV_H083,PV,0.0,0.0,0.0
2011-09-16 17:00:00,PV_H085,PV,0.0,0.0,0.0
2011-09-16 17:00:00,PV_H087,PV,0.0,0.0,0.0
2011-09-16 17:00:00,PV_H088,PV,0.0,0.0,0.0
2011-09-16 17:00:00,PV_H090,PV,0.0,0.0,0.0
2011-09-16 17:00:00,PV_H093,PV,0.0,0.0,0.0
2011-09-16 17:00:00,PV_H094,PV,0.0,0.0,0.0
2011-09-16 17:00:00,PV_H095,PV,0.0,0.0,0.0
2011-09-16 17:00:00,PV_H096,PV,0.0,0.0,0.0
2011-09-16 17:00:00,PV_H098,PV,0.0,0.0,0.0
2011-09-16 17:00:00,PV_H099,PV,0.0,0.0,0.0
2011-09-16 17:00:00,EV_001,EV,0.0,0.0,0.0
2011-09-16 17:00:00,EV_002,EV,0.0,0.0,0.0
2011-09-16 17:00:00,EV_003,EV,0.0,0.0,0.0
2011-09-16 17:00:00,EV_004,EV,0.0,0.0,0.0
2011-09-16 17:00:00,EV_005,EV,0.0,0.0,7.4
2011-09-16 17:00:00,EV_006,EV,0.0,0.0,0.0
2011-09-16 17:00:00,EV_007,EV,0.0,0.0,0.0
2011-09-16 17:00:00,EV_008,EV,0.0,0.0,0.0
2011-09-16 17:00:00,EV_009,EV,0.0,0.0,0.0
2011-09-16 17:00:00,EV_010,EV,0.0,0.0,0.0
2011-09-16 17:00:00,EV_011,EV,0.0,0.0,0.0
2011-09-16 17:00:00,EV_012,EV,0.0,0.0,0.0
2011-09-16 17:00:00,EV_013,EV,0.0,0.0,7.4
2011-09-16 17:00:00,EV_014,EV,0.0,0.0,0.0
2011-09-16 17:00:00,EV_015,EV,0.0,0.0,0.0
2011-09-16 17:00:00,EV_016,EV,0.0,0.0,2.96
2011-09-16 17:00:00,EV_017,EV,0.0,0.0,0.0
2011-09-16 17:00:00,EV_018,EV,0.0,0.0,0.0
2011-09-16 17:00:00,EV_019,EV,0.0,0.0,0.0
2011-09-16 17:00:00,EV_020,EV,0.0,0.0,0.0
2011-09-16 17:00:00,FL001,FLEXIBLE_LOAD,0.0,0.0,0.0
2011-09-16 17:00:00,FL002,FLEXIBLE_LOAD,10.0,10.0,0.0
2011-09-16 17:00:00,FL003,FLEXIBLE_LOAD,0.0,0.0,0.0
2011-09-16 17:15:00,BESS_COMMUNITY_01,BESS,0.0,0.0,0.0
2011-09-16 17:15:00,PV_H002,PV,0.0,0.0,0.0
2011-09-16 17:15:00,PV_H003,PV,0.0,0.0,0.0
2011-09-16 17:15:00,PV_H005,PV,0.0,0.0,0.0
2011-09-16 17:15:00,PV_H006,PV,0.0,0.0,0.0
2011-09-16 17:15:00,PV_H007,PV,0.0,0.0,0.0
2011-09-16 17:15:00,PV_H010,PV,0.0,0.0,0.0
2011-09-16 17:15:00,PV_H016,PV,0.0,0.0,0.0
2011-09-16 17:15:00,PV_H017,PV,0.0,0.0,0.0
2011-09-16 17:15:00,PV_H018,PV,0.0,0.0,0.0
2011-09-16 17:15:00,PV_H021,PV,0.0,0.0,0.0
2011-09-16 17:15:00,PV_H024,PV,0.0,0.0,0.0
2011-09-16 17:15:00,PV_H025,PV,0.0,0.0,0.0
2011-09-16 17:15:00,PV_H026,PV,0.0,0.0,0.0
2011-09-16 17:15:00,PV_H027,PV,0.0,0.0,0.0
2011-09-16 17:15:00,PV_H032,PV,0.0,0.0,0.0
2011-09-16 17:15:00,PV_H033,PV,0.0,0.0,0.0
2011-09-16 17:15:00,PV_H034,PV,0.0,0.0,0.0
2011-09-16 17:15:00,PV_H035,PV,0.0,0.0,0.0
2011-09-16 17:15:00,PV_H036,PV,0.0,0.0,0.0
2011-09-16 17:15:00,PV_H037,PV,0.0,0.0,0.0
2011-09-16 17:15:00,PV_H040,PV,0.0,0.0,0.0
2011-09-16 17:15:00,PV_H042,PV,0.0,0.0,0.0
2011-09-16 17:15:00,PV_H044,PV,0.0,0.0,0.0
2011-09-16 17:15:00,PV_H046,PV,0.0,0.0,0.0
2011-09-16 17:15:00,PV_H048,PV,0.0,0.0,0.0
2011-09-16 17:15:00,PV_H049,PV,0.0,0.0,0.0
2011-09-16 17:15:00,PV_H050,PV,0.0,0.0,0.0
2011-09-16 17:15:00,PV_H053,PV,0.0,0.0,0.0
2011-09-16 17:15:00,PV_H055,PV,0.0,0.0,0.0
2011-09-16 17:15:00,PV_H057,PV,0.0,0.0,0.0
2011-09-16 17:15:00,PV_H058,PV,0.0,0.0,0.0
2011-09-16 17:15:00,PV_H060,PV,0.0,0.0,0.0
2011-09-16 17:15:00,PV_H061,PV,0.0,0.0,0.0
2011-09-16 17:15:00,PV_H062,PV,0.0,0.0,0.0
2011-09-16 17:15:00,PV_H063,PV,0.0,0.0,0.0
2011-09-16 17:15:00,PV_H066,PV,0.0,0.0,0.0
2011-09-16 17:15:00,PV_H067,PV,0.0,0.0,0.0
2011-09-16 17:15:00,PV_H069,PV,0.0,0.0,0.0
2011-09-16 17:15:00,PV_H071,PV,0.0,0.0,0.0
2011-09-16 17:15:00,PV_H072,PV,0.0,0.0,0.0
2011-09-16 17:15:00,PV_H073,PV,0.0,0.0,0.0
2011-09-16 17:15:00,PV_H074,PV,0.0,0.0,0.0
2011-09-16 17:15:00,PV_H076,PV,0.0,0.0,0.0
2011-09-16 17:15:00,PV_H077,PV,0.0,0.0,0.0
2011-09-16 17:15:00,PV_H078,PV,0.0,0.0,0.0
2011-09-16 17:15:00,PV_H079,PV,0.0,0.0,0.0
2011-09-16 17:15:00,PV_H080,PV,0.0,0.0,0.0
2011-09-16 17:15:00,PV_H081,PV,0.0,0.0,0.0
2011-09-16 17:15:00,PV_H082,PV,0.0,0.0,0.0
2011-09-16 17:15:00,PV_H083,PV,0.0,0.0,0.0
2011-09-16 17:15:00,PV_H085,PV,0.0,0.0,0.0
2011-09-16 17:15:00,PV_H087,PV,0.0,0.0,0.0
2011-09-16 17:15:00,PV_H088,PV,0.0,0.0,0.0
2011-09-16 17:15:00,PV_H090,PV,0.0,0.0,0.0
2011-09-16 17:15:00,PV_H093,PV,0.0,0.0,0.0
2011-09-16 17:15:00,PV_H094,PV,0.0,0.0,0.0
2011-09-16 17:15:00,PV_H095,PV,0.0,0.0,0.0
2011-09-16 17:15:00,PV_H096,PV,0.0,0.0,0.0
2011-09-16 17:15:00,PV_H098,PV,0.0,0.0,0.0
2011-09-16 17:15:00,PV_H099,PV,0.0,0.0,0.0
2011-09-16 17:15:00,EV_001,EV,0.0,0.0,0.0
2011-09-16 17:15:00,EV_002,EV,0.0,0.0,0.0
2011-09-16 17:15:00,EV_003,EV,0.0,0.0,6.32
2011-09-16 17:15:00,EV_004,EV,0.0,0.0,0.0
2011-09-16 17:15:00,EV_005,EV,0.0,0.0,0.0
2011-09-16 17:15:00,EV_006,EV,0.0,0.0,0.0
2011-09-16 17:15:00,EV_007,EV,0.0,0.0,7.4
2011-09-16 17:15:00,EV_008,EV,0.0,0.0,0.0
2011-09-16 17:15:00,EV_009,EV,0.0,0.0,0.0
2011-09-16 17:15:00,EV_010,EV,0.0,0.0,0.0
2011-09-16 17:15:00,EV_011,EV,0.0,0.0,0.0
2011-09-16 17:15:00,EV_012,EV,0.0,0.0,7.4
2011-09-16 17:15:00,EV_013,EV,0.0,0.0,0.0
2011-09-16 17:15:00,EV_014,EV,0.0,0.0,0.0
2011-09-16 17:15:00,EV_015,EV,0.0,0.0,0.0
2011-09-16 17:15:00,EV_016,EV,0.0,0.0,0.0
2011-09-16 17:15:00,EV_017,EV,0.0,0.0,0.0
2011-09-16 17:15:00,EV_018,EV,0.0,0.0,0.0
2011-09-16 17:15:00,EV_019,EV,0.0,0.0,0.0
2011-09-16 17:15:00,EV_020,EV,0.0,0.0,0.0
2011-09-16 17:15:00,FL001,FLEXIBLE_LOAD,0.0,0.0,0.0
2011-09-16 17:15:00,FL002,FLEXIBLE_LOAD,10.0,10.0,0.0
2011-09-16 17:15:00,FL003,FLEXIBLE_LOAD,0.0,0.0,0.0
