timestamp,der_id,previous_state,new_state,previous_limit_kw,new_limit_kw,constraint,reason
2011-09-16 14:15:00,BESS_COMMUNITY_01,NORMAL,WATCH,25.0,25.0,NONE,Watch state: operating within verified SOC limits
2011-09-16 17:00:00,BESS_COMMUNITY_01,WATCH,CONSTRAINED,25.0,25.0,VOLTAGE_DROP,Battery charging restricted and discharge permitted to relieve VOLTAGE_DROP
2011-09-16 13:30:00,EV_001,NORMAL,NORMAL,7.4,0.0,NONE,EV outside availability window (disconnected)
2011-09-16 14:15:00,EV_001,NORMAL,WATCH,0.0,0.0,NONE,EV outside availability window (disconnected)
2011-09-16 17:00:00,EV_001,WATCH,CONSTRAINED,0.0,0.0,VOLTAGE_DROP,EV outside availability window (disconnected)
2011-09-16 13:30:00,EV_002,NORMAL,NORMAL,7.4,0.0,NONE,EV outside availability window (disconnected)
2011-09-16 14:15:00,EV_002,NORMAL,WATCH,0.0,0.0,NONE,EV outside availability window (disconnected)
2011-09-16 17:00:00,EV_002,WATCH,CONSTRAINED,0.0,0.0,VOLTAGE_DROP,EV outside availability window (disconnected)
2011-09-16 13:30:00,EV_003,NORMAL,NORMAL,7.4,0.0,NONE,EV outside availability window (disconnected)
2011-09-16 14:15:00,EV_003,NORMAL,WATCH,0.0,0.0,NONE,EV outside availability window (disconnected)
2011-09-16 17:00:00,EV_003,WATCH,CONSTRAINED,0.0,0.0,VOLTAGE_DROP,EV outside availability window (disconnected)
2011-09-16 13:30:00,EV_004,NORMAL,NORMAL,7.4,0.0,NONE,EV outside availability window (disconnected)
2011-09-16 14:15:00,EV_004,NORMAL,WATCH,0.0,0.0,NONE,EV outside availability window (disconnected)
2011-09-16 17:00:00,EV_004,WATCH,CONSTRAINED,0.0,0.0,VOLTAGE_DROP,EV outside availability window (disconnected)
2011-09-16 13:30:00,EV_005,NORMAL,NORMAL,7.4,0.0,NONE,EV outside availability window (disconnected)
2011-09-16 14:15:00,EV_005,NORMAL,WATCH,0.0,0.0,NONE,EV outside availability window (disconnected)
2011-09-16 17:00:00,EV_005,WATCH,CONSTRAINED,0.0,0.0,VOLTAGE_DROP,EV outside availability window (disconnected)
2011-09-16 13:30:00,EV_006,NORMAL,NORMAL,7.4,0.0,NONE,EV outside availability window (disconnected)
2011-09-16 14:15:00,EV_006,NORMAL,WATCH,0.0,0.0,NONE,EV outside availability window (disconnected)
2011-09-16 17:00:00,EV_006,WATCH,CONSTRAINED,0.0,0.0,VOLTAGE_DROP,EV outside availability window (disconnected)
2011-09-16 13:30:00,EV_007,NORMAL,NORMAL,7.4,0.0,NONE,EV outside availability window (disconnected)
2011-09-16 14:15:00,EV_007,NORMAL,WATCH,0.0,0.0,NONE,EV outside availability window (disconnected)
2011-09-16 17:00:00,EV_007,WATCH,CONSTRAINED,0.0,0.0,VOLTAGE_DROP,EV outside availability window (disconnected)
2011-09-16 13:30:00,EV_008,NORMAL,NORMAL,7.4,0.0,NONE,EV outside availability window (disconnected)
2011-09-16 14:15:00,EV_008,NORMAL,WATCH,0.0,0.0,NONE,EV outside availability window (disconnected)
2011-09-16 17:00:00,EV_008,WATCH,CONSTRAINED,0.0,0.0,VOLTAGE_DROP,EV outside availability window (disconnected)
2011-09-16 13:30:00,EV_009,NORMAL,NORMAL,7.4,0.0,NONE,EV outside availability window (disconnected)
2011-09-16 14:15:00,EV_009,NORMAL,WATCH,0.0,0.0,NONE,EV outside availability window (disconnected)
2011-09-16 17:00:00,EV_009,WATCH,CONSTRAINED,0.0,0.0,VOLTAGE_DROP,EV outside availability window (disconnected)
2011-09-16 13:30:00,EV_010,NORMAL,NORMAL,7.4,0.0,NONE,EV outside availability window (disconnected)
2011-09-16 14:15:00,EV_010,NORMAL,WATCH,0.0,0.0,NONE,EV outside availability window (disconnected)
2011-09-16 17:00:00,EV_010,WATCH,CONSTRAINED,0.0,0.0,VOLTAGE_DROP,EV outside availability window (disconnected)
2011-09-16 13:30:00,EV_011,NORMAL,NORMAL,7.4,0.0,NONE,EV outside availability window (disconnected)
2011-09-16 14:15:00,EV_011,NORMAL,WATCH,0.0,0.0,NONE,EV outside availability window (disconnected)
2011-09-16 17:00:00,EV_011,WATCH,CONSTRAINED,0.0,0.0,VOLTAGE_DROP,EV outside availability window (disconnected)
2011-09-16 13:30:00,EV_012,NORMAL,NORMAL,7.4,0.0,NONE,EV outside availability window (disconnected)
2011-09-16 14:15:00,EV_012,NORMAL,WATCH,0.0,0.0,NONE,EV outside availability window (disconnected)
2011-09-16 17:00:00,EV_012,WATCH,CONSTRAINED,0.0,0.0,VOLTAGE_DROP,EV outside availability window (disconnected)
2011-09-16 13:30:00,EV_013,NORMAL,NORMAL,7.4,0.0,NONE,EV outside availability window (disconnected)
2011-09-16 14:15:00,EV_013,NORMAL,WATCH,0.0,0.0,NONE,EV outside availability window (disconnected)
2011-09-16 17:00:00,EV_013,WATCH,CONSTRAINED,0.0,0.0,VOLTAGE_DROP,EV outside availability window (disconnected)
2011-09-16 13:30:00,EV_014,NORMAL,NORMAL,7.4,0.0,NONE,EV outside availability window (disconnected)
2011-09-16 14:15:00,EV_014,NORMAL,WATCH,0.0,0.0,NONE,EV outside availability window (disconnected)
2011-09-16 17:00:00,EV_014,WATCH,CONSTRAINED,0.0,0.0,VOLTAGE_DROP,EV outside availability window (disconnected)
2011-09-16 13:30:00,EV_015,NORMAL,NORMAL,7.4,0.0,NONE,EV outside availability window (disconnected)
2011-09-16 14:15:00,EV_015,NORMAL,WATCH,0.0,0.0,NONE,EV outside availability window (disconnected)
2011-09-16 17:00:00,EV_015,WATCH,CONSTRAINED,0.0,0.0,VOLTAGE_DROP,EV outside availability window (disconnected)
2011-09-16 13:30:00,EV_016,NORMAL,NORMAL,7.4,0.0,NONE,EV outside availability window (disconnected)
2011-09-16 14:15:00,EV_016,NORMAL,WATCH,0.0,0.0,NONE,EV outside availability window (disconnected)
2011-09-16 17:00:00,EV_016,WATCH,CONSTRAINED,0.0,0.0,VOLTAGE_DROP,EV outside availability window (disconnected)
2011-09-16 13:30:00,EV_017,NORMAL,NORMAL,7.4,0.0,NONE,EV outside availability window (disconnected)
2011-09-16 14:15:00,EV_017,NORMAL,WATCH,0.0,0.0,NONE,EV outside availability window (disconnected)
2011-09-16 17:00:00,EV_017,WATCH,CONSTRAINED,0.0,0.0,VOLTAGE_DROP,EV outside availability window (disconnected)
2011-09-16 13:30:00,EV_018,NORMAL,NORMAL,7.4,0.0,NONE,EV outside availability window (disconnected)
2011-09-16 14:15:00,EV_018,NORMAL,WATCH,0.0,0.0,NONE,EV outside availability window (disconnected)
2011-09-16 17:00:00,EV_018,WATCH,CONSTRAINED,0.0,0.0,VOLTAGE_DROP,EV outside availability window (disconnected)
2011-09-16 13:30:00,EV_019,NORMAL,NORMAL,7.4,0.0,NONE,EV outside availability window (disconnected)
2011-09-16 14:15:00,EV_019,NORMAL,WATCH,0.0,0.0,NONE,EV outside availability window (disconnected)
2011-09-16 17:00:00,EV_019,WATCH,CONSTRAINED,0.0,0.0,VOLTAGE_DROP,EV outside availability window (disconnected)
2011-09-16 13:30:00,EV_020,NORMAL,NORMAL,7.4,0.0,NONE,EV outside availability window (disconnected)
2011-09-16 14:15:00,EV_020,NORMAL,WATCH,0.0,0.0,NONE,EV outside availability window (disconnected)
2011-09-16 17:00:00,EV_020,WATCH,CONSTRAINED,0.0,0.0,VOLTAGE_DROP,EV outside availability window (disconnected)
2011-09-16 14:15:00,FL001,NORMAL,WATCH,0.0,0.0,NONE,Flexible load outside scheduled operating window
2011-09-16 17:00:00,FL001,WATCH,CONSTRAINED,0.0,0.0,VOLTAGE_DROP,Flexible load outside scheduled operating window
2011-09-16 14:15:00,FL002,NORMAL,WATCH,10.0,10.0,NONE,Normal scheduled operation
2011-09-16 17:00:00,FL002,WATCH,CONSTRAINED,10.0,10.0,VOLTAGE_DROP,Flexible load operating within baseline window
2011-09-16 14:15:00,FL003,NORMAL,WATCH,4.0,4.0,NONE,Normal scheduled operation
2011-09-16 14:30:00,FL003,WATCH,WATCH,4.0,0.0,NONE,Flexible load outside scheduled operating window
2011-09-16 17:00:00,FL003,WATCH,CONSTRAINED,0.0,0.0,VOLTAGE_DROP,Flexible load outside scheduled operating window
2011-09-16 14:15:00,PV_H002,NORMAL,WATCH,3.91,3.91,NONE,Watch state: unconstrained export with active monitoring
2011-09-16 17:00:00,PV_H002,WATCH,CONSTRAINED,3.91,3.91,VOLTAGE_DROP,Solar export allowed without restriction to support feeder load during VOLTAGE_DROP
2011-09-16 14:15:00,PV_H003,NORMAL,WATCH,3.15,3.15,NONE,Watch state: unconstrained export with active monitoring
2011-09-16 17:00:00,PV_H003,WATCH,CONSTRAINED,3.15,3.15,VOLTAGE_DROP,Solar export allowed without restriction to support feeder load during VOLTAGE_DROP
2011-09-16 14:15:00,PV_H005,NORMAL,WATCH,3.17,3.17,NONE,Watch state: unconstrained export with active monitoring
2011-09-16 17:00:00,PV_H005,WATCH,CONSTRAINED,3.17,3.17,VOLTAGE_DROP,Solar export allowed without restriction to support feeder load during VOLTAGE_DROP
2011-09-16 14:15:00,PV_H006,NORMAL,WATCH,2.0,2.0,NONE,Watch state: unconstrained export with active monitoring
2011-09-16 17:00:00,PV_H006,WATCH,CONSTRAINED,2.0,2.0,VOLTAGE_DROP,Solar export allowed without restriction to support feeder load during VOLTAGE_DROP
2011-09-16 14:15:00,PV_H007,NORMAL,WATCH,3.93,3.93,NONE,Watch state: unconstrained export with active monitoring
2011-09-16 17:00:00,PV_H007,WATCH,CONSTRAINED,3.93,3.93,VOLTAGE_DROP,Solar export allowed without restriction to support feeder load during VOLTAGE_DROP
2011-09-16 14:15:00,PV_H010,NORMAL,WATCH,3.02,3.02,NONE,Watch state: unconstrained export with active monitoring
2011-09-16 17:00:00,PV_H010,WATCH,CONSTRAINED,3.02,3.02,VOLTAGE_DROP,Solar export allowed without restriction to support feeder load during VOLTAGE_DROP
2011-09-16 14:15:00,PV_H016,NORMAL,WATCH,2.1,2.1,NONE,Watch state: unconstrained export with active monitoring
2011-09-16 17:00:00,PV_H016,WATCH,CONSTRAINED,2.1,2.1,VOLTAGE_DROP,Solar export allowed without restriction to support feeder load during VOLTAGE_DROP
2011-09-16 14:15:00,PV_H017,NORMAL,WATCH,3.62,3.62,NONE,Watch state: unconstrained export with active monitoring
2011-09-16 17:00:00,PV_H017,WATCH,CONSTRAINED,3.62,3.62,VOLTAGE_DROP,Solar export allowed without restriction to support feeder load during VOLTAGE_DROP
2011-09-16 14:15:00,PV_H018,NORMAL,WATCH,2.33,2.33,NONE,Watch state: unconstrained export with active monitoring
2011-09-16 17:00:00,PV_H018,WATCH,CONSTRAINED,2.33,2.33,VOLTAGE_DROP,Solar export allowed without restriction to support feeder load during VOLTAGE_DROP
2011-09-16 14:15:00,PV_H021,NORMAL,WATCH,5.39,5.39,NONE,Watch state: unconstrained export with active monitoring
2011-09-16 17:00:00,PV_H021,WATCH,CONSTRAINED,5.39,5.39,VOLTAGE_DROP,Solar export allowed without restriction to support feeder load during VOLTAGE_DROP
2011-09-16 14:15:00,PV_H024,NORMAL,WATCH,2.0,2.0,NONE,Watch state: unconstrained export with active monitoring
2011-09-16 17:00:00,PV_H024,WATCH,CONSTRAINED,2.0,2.0,VOLTAGE_DROP,Solar export allowed without restriction to support feeder load during VOLTAGE_DROP
2011-09-16 14:15:00,PV_H025,NORMAL,WATCH,3.81,3.81,NONE,Watch state: unconstrained export with active monitoring
2011-09-16 17:00:00,PV_H025,WATCH,CONSTRAINED,3.81,3.81,VOLTAGE_DROP,Solar export allowed without restriction to support feeder load during VOLTAGE_DROP
2011-09-16 14:15:00,PV_H026,NORMAL,WATCH,3.67,3.67,NONE,Watch state: unconstrained export with active monitoring
2011-09-16 17:00:00,PV_H026,WATCH,CONSTRAINED,3.67,3.67,VOLTAGE_DROP,Solar export allowed without restriction to support feeder load during VOLTAGE_DROP
2011-09-16 14:15:00,PV_H027,NORMAL,WATCH,3.54,3.54,NONE,Watch state: unconstrained export with active monitoring
2011-09-16 17:00:00,PV_H027,WATCH,CONSTRAINED,3.54,3.54,VOLTAGE_DROP,Solar export allowed without restriction to support feeder load during VOLTAGE_DROP
2011-09-16 14:15:00,PV_H032,NORMAL,WATCH,3.2,3.2,NONE,Watch state: unconstrained export with active monitoring
2011-09-16 17:00:00,PV_H032,WATCH,CONSTRAINED,3.2,3.2,VOLTAGE_DROP,Solar export allowed without restriction to support feeder load during VOLTAGE_DROP
2011-09-16 14:15:00,PV_H033,NORMAL,WATCH,2.42,2.42,NONE,Watch state: unconstrained export with active monitoring
2011-09-16 17:00:00,PV_H033,WATCH,CONSTRAINED,2.42,2.42,VOLTAGE_DROP,Solar export allowed without restriction to support feeder load during VOLTAGE_DROP
2011-09-16 14:15:00,PV_H034,NORMAL,WATCH,3.96,3.96,NONE,Watch state: unconstrained export with active monitoring
2011-09-16 17:00:00,PV_H034,WATCH,CONSTRAINED,3.96,3.96,VOLTAGE_DROP,Solar export allowed without restriction to support feeder load during VOLTAGE_DROP
2011-09-16 14:15:00,PV_H035,NORMAL,WATCH,2.98,2.98,NONE,Watch state: unconstrained export with active monitoring
2011-09-16 17:00:00,PV_H035,WATCH,CONSTRAINED,2.98,2.98,VOLTAGE_DROP,Solar export allowed without restriction to support feeder load during VOLTAGE_DROP
2011-09-16 14:15:00,PV_H036,NORMAL,WATCH,3.49,3.49,NONE,Watch state: unconstrained export with active monitoring
2011-09-16 17:00:00,PV_H036,WATCH,CONSTRAINED,3.49,3.49,VOLTAGE_DROP,Solar export allowed without restriction to support feeder load during VOLTAGE_DROP
2011-09-16 14:15:00,PV_H037,NORMAL,WATCH,3.36,3.36,NONE,Watch state: unconstrained export with active monitoring
2011-09-16 17:00:00,PV_H037,WATCH,CONSTRAINED,3.36,3.36,VOLTAGE_DROP,Solar export allowed without restriction to support feeder load during VOLTAGE_DROP
2011-09-16 14:15:00,PV_H040,NORMAL,WATCH,4.1,4.1,NONE,Watch state: unconstrained export with active monitoring
2011-09-16 17:00:00,PV_H040,WATCH,CONSTRAINED,4.1,4.1,VOLTAGE_DROP,Solar export allowed without restriction to support feeder load during VOLTAGE_DROP
2011-09-16 14:15:00,PV_H042,NORMAL,WATCH,2.55,2.55,NONE,Watch state: unconstrained export with active monitoring
2011-09-16 17:00:00,PV_H042,WATCH,CONSTRAINED,2.55,2.55,VOLTAGE_DROP,Solar export allowed without restriction to support feeder load during VOLTAGE_DROP
2011-09-16 14:15:00,PV_H044,NORMAL,WATCH,3.34,3.34,NONE,Watch state: unconstrained export with active monitoring
2011-09-16 17:00:00,PV_H044,WATCH,CONSTRAINED,3.34,3.34,VOLTAGE_DROP,Solar export allowed without restriction to support feeder load during VOLTAGE_DROP
2011-09-16 14:15:00,PV_H046,NORMAL,WATCH,4.27,4.27,NONE,Watch state: unconstrained export with active monitoring
2011-09-16 17:00:00,PV_H046,WATCH,CONSTRAINED,4.27,4.27,VOLTAGE_DROP,Solar export allowed without restriction to support feeder load during VOLTAGE_DROP
2011-09-16 14:15:00,PV_H048,NORMAL,WATCH,3.11,3.11,NONE,Watch state: unconstrained export with active monitoring
2011-09-16 17:00:00,PV_H048,WATCH,CONSTRAINED,3.11,3.11,VOLTAGE_DROP,Solar export allowed without restriction to support feeder load during VOLTAGE_DROP
2011-09-16 14:15:00,PV_H049,NORMAL,WATCH,2.77,2.77,NONE,Watch state: unconstrained export with active monitoring
2011-09-16 17:00:00,PV_H049,WATCH,CONSTRAINED,2.77,2.77,VOLTAGE_DROP,Solar export allowed without restriction to support feeder load during VOLTAGE_DROP
2011-09-16 14:15:00,PV_H050,NORMAL,WATCH,3.9,3.9,NONE,Watch state: unconstrained export with active monitoring
2011-09-16 17:00:00,PV_H050,WATCH,CONSTRAINED,3.9,3.9,VOLTAGE_DROP,Solar export allowed without restriction to support feeder load during VOLTAGE_DROP
2011-09-16 14:15:00,PV_H053,NORMAL,WATCH,4.54,4.54,NONE,Watch state: unconstrained export with active monitoring
2011-09-16 17:00:00,PV_H053,WATCH,CONSTRAINED,4.54,4.54,VOLTAGE_DROP,Solar export allowed without restriction to support feeder load during VOLTAGE_DROP
2011-09-16 14:15:00,PV_H055,NORMAL,WATCH,2.77,2.77,NONE,Watch state: unconstrained export with active monitoring
2011-09-16 17:00:00,PV_H055,WATCH,CONSTRAINED,2.77,2.77,VOLTAGE_DROP,Solar export allowed without restriction to support feeder load during VOLTAGE_DROP
2011-09-16 14:15:00,PV_H057,NORMAL,WATCH,4.34,4.34,NONE,Watch state: unconstrained export with active monitoring
2011-09-16 17:00:00,PV_H057,WATCH,CONSTRAINED,4.34,4.34,VOLTAGE_DROP,Solar export allowed without restriction to support feeder load during VOLTAGE_DROP
2011-09-16 14:15:00,PV_H058,NORMAL,WATCH,3.0,3.0,NONE,Watch state: unconstrained export with active monitoring
2011-09-16 17:00:00,PV_H058,WATCH,CONSTRAINED,3.0,3.0,VOLTAGE_DROP,Solar export allowed without restriction to support feeder load during VOLTAGE_DROP
2011-09-16 14:15:00,PV_H060,NORMAL,WATCH,5.57,5.57,NONE,Watch state: unconstrained export with active monitoring
2011-09-16 17:00:00,PV_H060,WATCH,CONSTRAINED,5.57,5.57,VOLTAGE_DROP,Solar export allowed without restriction to support feeder load during VOLTAGE_DROP
2011-09-16 14:15:00,PV_H061,NORMAL,WATCH,3.07,3.07,NONE,Watch state: unconstrained export with active monitoring
2011-09-16 17:00:00,PV_H061,WATCH,CONSTRAINED,3.07,3.07,VOLTAGE_DROP,Solar export allowed without restriction to support feeder load during VOLTAGE_DROP
2011-09-16 14:15:00,PV_H062,NORMAL,WATCH,6.0,6.0,NONE,Watch state: unconstrained export with active monitoring
2011-09-16 17:00:00,PV_H062,WATCH,CONSTRAINED,6.0,6.0,VOLTAGE_DROP,Solar export allowed without restriction to support feeder load during VOLTAGE_DROP
2011-09-16 14:15:00,PV_H063,NORMAL,WATCH,4.02,4.02,NONE,Watch state: unconstrained export with active monitoring
2011-09-16 17:00:00,PV_H063,WATCH,CONSTRAINED,4.02,4.02,VOLTAGE_DROP,Solar export allowed without restriction to support feeder load during VOLTAGE_DROP
2011-09-16 14:15:00,PV_H066,NORMAL,WATCH,4.43,4.43,NONE,Watch state: unconstrained export with active monitoring
2011-09-16 17:00:00,PV_H066,WATCH,CONSTRAINED,4.43,4.43,VOLTAGE_DROP,Solar export allowed without restriction to support feeder load during VOLTAGE_DROP
2011-09-16 14:15:00,PV_H067,NORMAL,WATCH,2.63,2.63,NONE,Watch state: unconstrained export with active monitoring
2011-09-16 17:00:00,PV_H067,WATCH,CONSTRAINED,2.63,2.63,VOLTAGE_DROP,Solar export allowed without restriction to support feeder load during VOLTAGE_DROP
2011-09-16 14:15:00,PV_H069,NORMAL,WATCH,3.58,3.58,NONE,Watch state: unconstrained export with active monitoring
2011-09-16 17:00:00,PV_H069,WATCH,CONSTRAINED,3.58,3.58,VOLTAGE_DROP,Solar export allowed without restriction to support feeder load during VOLTAGE_DROP
2011-09-16 14:15:00,PV_H071,NORMAL,WATCH,4.57,4.57,NONE,Watch state: unconstrained export with active monitoring
2011-09-16 17:00:00,PV_H071,WATCH,CONSTRAINED,4.57,4.57,VOLTAGE_DROP,Solar export allowed without restriction to support feeder load during VOLTAGE_DROP
2011-09-16 14:15:00,PV_H072,NORMAL,WATCH,5.17,5.17,NONE,Watch state: unconstrained export with active monitoring
2011-09-16 17:00:00,PV_H072,WATCH,CONSTRAINED,5.17,5.17,VOLTAGE_DROP,Solar export allowed without restriction to support feeder load during VOLTAGE_DROP
2011-09-16 14:15:00,PV_H073,NORMAL,WATCH,3.71,3.71,NONE,Watch state: unconstrained export with active monitoring
2011-09-16 17:00:00,PV_H073,WATCH,CONSTRAINED,3.71,3.71,VOLTAGE_DROP,Solar export allowed without restriction to support feeder load during VOLTAGE_DROP
2011-09-16 14:15:00,PV_H074,NORMAL,WATCH,4.1,4.1,NONE,Watch state: unconstrained export with active monitoring
2011-09-16 17:00:00,PV_H074,WATCH,CONSTRAINED,4.1,4.1,VOLTAGE_DROP,Solar export allowed without restriction to support feeder load during VOLTAGE_DROP
2011-09-16 14:15:00,PV_H076,NORMAL,WATCH,4.69,4.69,NONE,Watch state: unconstrained export with active monitoring
2011-09-16 17:00:00,PV_H076,WATCH,CONSTRAINED,4.69,4.69,VOLTAGE_DROP,Solar export allowed without restriction to support feeder load during VOLTAGE_DROP
2011-09-16 14:15:00,PV_H077,NORMAL,WATCH,5.0,5.0,NONE,Watch state: unconstrained export with active monitoring
2011-09-16 17:00:00,PV_H077,WATCH,CONSTRAINED,5.0,5.0,VOLTAGE_DROP,Solar export allowed without restriction to support feeder load during VOLTAGE_DROP
2011-09-16 14:15:00,PV_H078,NORMAL,WATCH,2.75,2.75,NONE,Watch state: unconstrained export with active monitoring
2011-09-16 17:00:00,PV_H078,WATCH,CONSTRAINED,2.75,2.75,VOLTAGE_DROP,Solar export allowed without restriction to support feeder load during VOLTAGE_DROP
2011-09-16 14:15:00,PV_H079,NORMAL,WATCH,2.85,2.85,NONE,Watch state: unconstrained export with active monitoring
2011-09-16 17:00:00,PV_H079,WATCH,CONSTRAINED,2.85,2.85,VOLTAGE_DROP,Solar export allowed without restriction to support feeder load during VOLTAGE_DROP
2011-09-16 14:15:00,PV_H080,NORMAL,WATCH,4.14,4.14,NONE,Watch state: unconstrained export with active monitoring
2011-09-16 17:00:00,PV_H080,WATCH,CONSTRAINED,4.14,4.14,VOLTAGE_DROP,Solar export allowed without restriction to support feeder load during VOLTAGE_DROP
2011-09-16 14:15:00,PV_H081,NORMAL,WATCH,4.14,4.14,NONE,Watch state: unconstrained export with active monitoring
2011-09-16 17:00:00,PV_H081,WATCH,CONSTRAINED,4.14,4.14,VOLTAGE_DROP,Solar export allowed without restriction to support feeder load during VOLTAGE_DROP
2011-09-16 14:15:00,PV_H082,NORMAL,WATCH,2.74,2.74,NONE,Watch state: unconstrained export with active monitoring
2011-09-16 17:00:00,PV_H082,WATCH,CONSTRAINED,2.74,2.74,VOLTAGE_DROP,Solar export allowed without restriction to support feeder load during VOLTAGE_DROP
2011-09-16 14:15:00,PV_H083,NORMAL,WATCH,3.06,3.06,NONE,Watch state: unconstrained export with active monitoring
2011-09-16 17:00:00,PV_H083,WATCH,CONSTRAINED,3.06,3.06,VOLTAGE_DROP,Solar export allowed without restriction to support feeder load during VOLTAGE_DROP
2011-09-16 14:15:00,PV_H085,NORMAL,WATCH,3.82,3.82,NONE,Watch state: unconstrained export with active monitoring
2011-09-16 17:00:00,PV_H085,WATCH,CONSTRAINED,3.82,3.82,VOLTAGE_DROP,Solar export allowed without restriction to support feeder load during VOLTAGE_DROP
2011-09-16 14:15:00,PV_H087,NORMAL,WATCH,4.42,4.42,NONE,Watch state: unconstrained export with active monitoring
2011-09-16 17:00:00,PV_H087,WATCH,CONSTRAINED,4.42,4.42,VOLTAGE_DROP,Solar export allowed without restriction to support feeder load during VOLTAGE_DROP
2011-09-16 14:15:00,PV_H088,NORMAL,WATCH,2.24,2.24,NONE,Watch state: unconstrained export with active monitoring
2011-09-16 17:00:00,PV_H088,WATCH,CONSTRAINED,2.24,2.24,VOLTAGE_DROP,Solar export allowed without restriction to support feeder load during VOLTAGE_DROP
2011-09-16 14:15:00,PV_H090,NORMAL,WATCH,4.33,4.33,NONE,Watch state: unconstrained export with active monitoring
2011-09-16 17:00:00,PV_H090,WATCH,CONSTRAINED,4.33,4.33,VOLTAGE_DROP,Solar export allowed without restriction to support feeder load during VOLTAGE_DROP
2011-09-16 14:15:00,PV_H093,NORMAL,WATCH,5.31,5.31,NONE,Watch state: unconstrained export with active monitoring
2011-09-16 17:00:00,PV_H093,WATCH,CONSTRAINED,5.31,5.31,VOLTAGE_DROP,Solar export allowed without restriction to support feeder load during VOLTAGE_DROP
2011-09-16 14:15:00,PV_H094,NORMAL,WATCH,2.76,2.76,NONE,Watch state: unconstrained export with active monitoring
2011-09-16 17:00:00,PV_H094,WATCH,CONSTRAINED,2.76,2.76,VOLTAGE_DROP,Solar export allowed without restriction to support feeder load during VOLTAGE_DROP
2011-09-16 14:15:00,PV_H095,NORMAL,WATCH,2.66,2.66,NONE,Watch state: unconstrained export with active monitoring
2011-09-16 17:00:00,PV_H095,WATCH,CONSTRAINED,2.66,2.66,VOLTAGE_DROP,Solar export allowed without restriction to support feeder load during VOLTAGE_DROP
2011-09-16 14:15:00,PV_H096,NORMAL,WATCH,4.27,4.27,NONE,Watch state: unconstrained export with active monitoring
2011-09-16 17:00:00,PV_H096,WATCH,CONSTRAINED,4.27,4.27,VOLTAGE_DROP,Solar export allowed without restriction to support feeder load during VOLTAGE_DROP
2011-09-16 14:15:00,PV_H098,NORMAL,WATCH,3.16,3.16,NONE,Watch state: unconstrained export with active monitoring
2011-09-16 17:00:00,PV_H098,WATCH,CONSTRAINED,3.16,3.16,VOLTAGE_DROP,Solar export allowed without restriction to support feeder load during VOLTAGE_DROP
2011-09-16 14:15:00,PV_H099,NORMAL,WATCH,3.1,3.1,NONE,Watch state: unconstrained export with active monitoring
2011-09-16 17:00:00,PV_H099,WATCH,CONSTRAINED,3.1,3.1,VOLTAGE_DROP,Solar export allowed without restriction to support feeder load during VOLTAGE_DROP
