timestamp,der_id,max_charge_kw,dynamic_charge_limit_kw,allowed_start_time,allowed_end_time,required_energy_kwh,current_energy_kwh,v2g_enabled,risk_state,constraint_type,reason
2011-09-16 13:30:00,EV_001,7.4,0.0,18:00,07:30,15.0,0.0,False,NORMAL,NONE,EV outside availability window (disconnected)
2011-09-16 13:30:00,EV_002,7.4,0.0,18:00,07:30,15.0,0.0,False,NORMAL,NONE,EV outside availability window (disconnected)
2011-09-16 13:30:00,EV_003,7.4,0.0,18:00,07:30,15.0,0.0,False,NORMAL,NONE,EV outside availability window (disconnected)
2011-09-16 13:30:00,EV_004,7.4,0.0,18:00,07:30,15.0,0.0,False,NORMAL,NONE,EV outside availability window (disconnected)
2011-09-16 13:30:00,EV_005,7.4,0.0,18:00,07:30,15.0,0.0,False,NORMAL,NONE,EV outside availability window (disconnected)
2011-09-16 13:30:00,EV_006,7.4,0.0,18:00,07:30,15.0,0.0,False,NORMAL,NONE,EV outside availability window (disconnected)
2011-09-16 13:30:00,EV_007,7.4,0.0,18:00,07:30,15.0,0.0,False,NORMAL,NONE,EV outside availability window (disconnected)
2011-09-16 13:30:00,EV_008,7.4,0.0,18:00,07:30,15.0,0.0,False,NORMAL,NONE,EV outside availability window (disconnected)
2011-09-16 13:30:00,EV_009,7.4,0.0,18:00,07:30,15.0,0.0,False,NORMAL,NONE,EV outside availability window (disconnected)
2011-09-16 13:30:00,EV_010,7.4,0.0,18:00,07:30,15.0,0.0,False,NORMAL,NONE,EV outside availability window (disconnected)
2011-09-16 13:30:00,EV_011,7.4,0.0,18:00,07:30,15.0,0.0,False,NORMAL,NONE,EV outside availability window (disconnected)
2011-09-16 13:30:00,EV_012,7.4,0.0,18:00,07:30,15.0,0.0,False,NORMAL,NONE,EV outside availability window (disconnected)
2011-09-16 13:30:00,EV_013,7.4,0.0,18:00,07:30,15.0,0.0,False,NORMAL,NONE,EV outside availability window (disconnected)
2011-09-16 13:30:00,EV_014,7.4,0.0,18:00,07:30,15.0,0.0,False,NORMAL,NONE,EV outside availability window (disconnected)
2011-09-16 13:30:00,EV_015,7.4,0.0,18:00,07:30,15.0,0.0,False,NORMAL,NONE,EV outside availability window (disconnected)
2011-09-16 13:30:00,EV_016,7.4,0.0,18:00,07:30,15.0,0.0,False,NORMAL,NONE,EV outside availability window (disconnected)
2011-09-16 13:30:00,EV_017,7.4,0.0,18:00,07:30,15.0,0.0,False,NORMAL,NONE,EV outside availability window (disconnected)
2011-09-16 13:30:00,EV_018,7.4,0.0,18:00,07:30,15.0,0.0,False,NORMAL,NONE,EV outside availability window (disconnected)
2011-09-16 13:30:00,EV_019,7.4,0.0,18:00,07:30,15.0,0.0,False,NORMAL,NONE,EV outside availability window (disconnected)
2011-09-16 13:30:00,EV_020,7.4,0.0,18:00,07:30,15.0,0.0,False,NORMAL,NONE,EV outside availability window (disconnected)
2011-09-16 13:45:00,EV_001,7.4,0.0,18:00,07:30,15.0,0.0,False,NORMAL,NONE,EV outside availability window (disconnected)
2011-09-16 13:45:00,EV_002,7.4,0.0,18:00,07:30,15.0,0.0,False,NORMAL,NONE,EV outside availability window (disconnected)
2011-09-16 13:45:00,EV_003,7.4,0.0,18:00,07:30,15.0,0.0,False,NORMAL,NONE,EV outside availability window (disconnected)
2011-09-16 13:45:00,EV_004,7.4,0.0,18:00,07:30,15.0,0.0,False,NORMAL,NONE,EV outside availability window (disconnected)
2011-09-16 13:45:00,EV_005,7.4,0.0,18:00,07:30,15.0,0.0,False,NORMAL,NONE,EV outside availability window (disconnected)
2011-09-16 13:45:00,EV_006,7.4,0.0,18:00,07:30,15.0,0.0,False,NORMAL,NONE,EV outside availability window (disconnected)
2011-09-16 13:45:00,EV_007,7.4,0.0,18:00,07:30,15.0,0.0,False,NORMAL,NONE,EV outside availability window (disconnected)
2011-09-16 13:45:00,EV_008,7.4,0.0,18:00,07:30,15.0,0.0,False,NORMAL,NONE,EV outside availability window (disconnected)
2011-09-16 13:45:00,EV_009,7.4,0.0,18:00,07:30,15.0,0.0,False,NORMAL,NONE,EV outside availability window (disconnected)
2011-09-16 13:45:00,EV_010,7.4,0.0,18:00,07:30,15.0,0.0,False,NORMAL,NONE,EV outside availability window (disconnected)
2011-09-16 13:45:00,EV_011,7.4,0.0,18:00,07:30,15.0,0.0,False,NORMAL,NONE,EV outside availability window (disconnected)
2011-09-16 13:45:00,EV_012,7.4,0.0,18:00,07:30,15.0,0.0,False,NORMAL,NONE,EV outside availability window (disconnected)
2011-09-16 13:45:00,EV_013,7.4,0.0,18:00,07:30,15.0,0.0,False,NORMAL,NONE,EV outside availability window (disconnected)
2011-09-16 13:45:00,EV_014,7.4,0.0,18:00,07:30,15.0,0.0,False,NORMAL,NONE,EV outside availability window (disconnected)
2011-09-16 13:45:00,EV_015,7.4,0.0,18:00,07:30,15.0,0.0,False,NORMAL,NONE,EV outside availability window (disconnected)
2011-09-16 13:45:00,EV_016,7.4,0.0,18:00,07:30,15.0,0.0,False,NORMAL,NONE,EV outside availability window (disconnected)
2011-09-16 13:45:00,EV_017,7.4,0.0,18:00,07:30,15.0,0.0,False,NORMAL,NONE,EV outside availability window (disconnected)
2011-09-16 13:45:00,EV_018,7.4,0.0,18:00,07:30,15.0,0.0,False,NORMAL,NONE,EV outside availability window (disconnected)
2011-09-16 13:45:00,EV_019,7.4,0.0,18:00,07:30,15.0,0.0,False,NORMAL,NONE,EV outside availability window (disconnected)
2011-09-16 13:45:00,EV_020,7.4,0.0,18:00,07:30,15.0,0.0,False,NORMAL,NONE,EV outside availability window (disconnected)
2011-09-16 14:00:00,EV_001,7.4,0.0,18:00,07:30,15.0,0.0,False,NORMAL,NONE,EV outside availability window (disconnected)
2011-09-16 14:00:00,EV_002,7.4,0.0,18:00,07:30,15.0,0.0,False,NORMAL,NONE,EV outside availability window (disconnected)
2011-09-16 14:00:00,EV_003,7.4,0.0,18:00,07:30,15.0,0.0,False,NORMAL,NONE,EV outside availability window (disconnected)
2011-09-16 14:00:00,EV_004,7.4,0.0,18:00,07:30,15.0,0.0,False,NORMAL,NONE,EV outside availability window (disconnected)
2011-09-16 14:00:00,EV_005,7.4,0.0,18:00,07:30,15.0,0.0,False,NORMAL,NONE,EV outside availability window (disconnected)
2011-09-16 14:00:00,EV_006,7.4,0.0,18:00,07:30,15.0,0.0,False,NORMAL,NONE,EV outside availability window (disconnected)
2011-09-16 14:00:00,EV_007,7.4,0.0,18:00,07:30,15.0,0.0,False,NORMAL,NONE,EV outside availability window (disconnected)
2011-09-16 14:00:00,EV_008,7.4,0.0,18:00,07:30,15.0,0.0,False,NORMAL,NONE,EV outside availability window (disconnected)
2011-09-16 14:00:00,EV_009,7.4,0.0,18:00,07:30,15.0,0.0,False,NORMAL,NONE,EV outside availability window (disconnected)
2011-09-16 14:00:00,EV_010,7.4,0.0,18:00,07:30,15.0,0.0,False,NORMAL,NONE,EV outside availability window (disconnected)
2011-09-16 14:00:00,EV_011,7.4,0.0,18:00,07:30,15.0,0.0,False,NORMAL,NONE,EV outside availability window (disconnected)
2011-09-16 14:00:00,EV_012,7.4,0.0,18:00,07:30,15.0,0.0,False,NORMAL,NONE,EV outside availability window (disconnected)
2011-09-16 14:00:00,EV_013,7.4,0.0,18:00,07:30,15.0,0.0,False,NORMAL,NONE,EV outside availability window (disconnected)
2011-09-16 14:00:00,EV_014,7.4,0.0,18:00,07:30,15.0,0.0,False,NORMAL,NONE,EV outside availability window (disconnected)
2011-09-16 14:00:00,EV_015,7.4,0.0,18:00,07:30,15.0,0.0,False,NORMAL,NONE,EV outside availability window (disconnected)
2011-09-16 14:00:00,EV_016,7.4,0.0,18:00,07:30,15.0,0.0,False,NORMAL,NONE,EV outside availability window (disconnected)
2011-09-16 14:00:00,EV_017,7.4,0.0,18:00,07:30,15.0,0.0,False,NORMAL,NONE,EV outside availability window (disconnected)
2011-09-16 14:00:00,EV_018,7.4,0.0,18:00,07:30,15.0,0.0,False,NORMAL,NONE,EV outside availability window (disconnected)
2011-09-16 14:00:00,EV_019,7.4,0.0,18:00,07:30,15.0,0.0,False,NORMAL,NONE,EV outside availability window (disconnected)
2011-09-16 14:00:00,EV_020,7.4,0.0,18:00,07:30,15.0,0.0,False,NORMAL,NONE,EV outside availability window (disconnected)
2011-09-16 14:15:00,EV_001,7.4,0.0,18:00,07:30,15.0,0.0,False,WATCH,NONE,EV outside availability window (disconnected)
2011-09-16 14:15:00,EV_002,7.4,0.0,18:00,07:30,15.0,0.0,False,WATCH,NONE,EV outside availability window (disconnected)
2011-09-16 14:15:00,EV_003,7.4,0.0,18:00,07:30,15.0,0.0,False,WATCH,NONE,EV outside availability window (disconnected)
2011-09-16 14:15:00,EV_004,7.4,0.0,18:00,07:30,15.0,0.0,False,WATCH,NONE,EV outside availability window (disconnected)
2011-09-16 14:15:00,EV_005,7.4,0.0,18:00,07:30,15.0,0.0,False,WATCH,NONE,EV outside availability window (disconnected)
2011-09-16 14:15:00,EV_006,7.4,0.0,18:00,07:30,15.0,0.0,False,WATCH,NONE,EV outside availability window (disconnected)
2011-09-16 14:15:00,EV_007,7.4,0.0,18:00,07:30,15.0,0.0,False,WATCH,NONE,EV outside availability window (disconnected)
2011-09-16 14:15:00,EV_008,7.4,0.0,18:00,07:30,15.0,0.0,False,WATCH,NONE,EV outside availability window (disconnected)
2011-09-16 14:15:00,EV_009,7.4,0.0,18:00,07:30,15.0,0.0,False,WATCH,NONE,EV outside availability window (disconnected)
2011-09-16 14:15:00,EV_010,7.4,0.0,18:00,07:30,15.0,0.0,False,WATCH,NONE,EV outside availability window (disconnected)
2011-09-16 14:15:00,EV_011,7.4,0.0,18:00,07:30,15.0,0.0,False,WATCH,NONE,EV outside availability window (disconnected)
2011-09-16 14:15:00,EV_012,7.4,0.0,18:00,07:30,15.0,0.0,False,WATCH,NONE,EV outside availability window (disconnected)
2011-09-16 14:15:00,EV_013,7.4,0.0,18:00,07:30,15.0,0.0,False,WATCH,NONE,EV outside availability window (disconnected)
2011-09-16 14:15:00,EV_014,7.4,0.0,18:00,07:30,15.0,0.0,False,WATCH,NONE,EV outside availability window (disconnected)
2011-09-16 14:15:00,EV_015,7.4,0.0,18:00,07:30,15.0,0.0,False,WATCH,NONE,EV outside availability window (disconnected)
2011-09-16 14:15:00,EV_016,7.4,0.0,18:00,07:30,15.0,0.0,False,WATCH,NONE,EV outside availability window (disconnected)
2011-09-16 14:15:00,EV_017,7.4,0.0,18:00,07:30,15.0,0.0,False,WATCH,NONE,EV outside availability window (disconnected)
2011-09-16 14:15:00,EV_018,7.4,0.0,18:00,07:30,15.0,0.0,False,WATCH,NONE,EV outside availability window (disconnected)
2011-09-16 14:15:00,EV_019,7.4,0.0,18:00,07:30,15.0,0.0,False,WATCH,NONE,EV outside availability window (disconnected)
2011-09-16 14:15:00,EV_020,7.4,0.0,18:00,07:30,15.0,0.0,False,WATCH,NONE,EV outside availability window (disconnected)
2011-09-16 14:30:00,EV_001,7.4,0.0,18:00,07:30,15.0,0.0,False,WATCH,NONE,EV outside availability window (disconnected)
2011-09-16 14:30:00,EV_002,7.4,0.0,18:00,07:30,15.0,0.0,False,WATCH,NONE,EV outside availability window (disconnected)
2011-09-16 14:30:00,EV_003,7.4,0.0,18:00,07:30,15.0,0.0,False,WATCH,NONE,EV outside availability window (disconnected)
2011-09-16 14:30:00,EV_004,7.4,0.0,18:00,07:30,15.0,0.0,False,WATCH,NONE,EV outside availability window (disconnected)
2011-09-16 14:30:00,EV_005,7.4,0.0,18:00,07:30,15.0,0.0,False,WATCH,NONE,EV outside availability window (disconnected)
2011-09-16 14:30:00,EV_006,7.4,0.0,18:00,07:30,15.0,0.0,False,WATCH,NONE,EV outside availability window (disconnected)
2011-09-16 14:30:00,EV_007,7.4,0.0,18:00,07:30,15.0,0.0,False,WATCH,NONE,EV outside availability window (disconnected)
2011-09-16 14:30:00,EV_008,7.4,0.0,18:00,07:30,15.0,0.0,False,WATCH,NONE,EV outside availability window (disconnected)
2011-09-16 14:30:00,EV_009,7.4,0.0,18:00,07:30,15.0,0.0,False,WATCH,NONE,EV outside availability window (disconnected)
2011-09-16 14:30:00,EV_010,7.4,0.0,18:00,07:30,15.0,0.0,False,WATCH,NONE,EV outside availability window (disconnected)
2011-09-16 14:30:00,EV_011,7.4,0.0,18:00,07:30,15.0,0.0,False,WATCH,NONE,EV outside availability window (disconnected)
2011-09-16 14:30:00,EV_012,7.4,0.0,18:00,07:30,15.0,0.0,False,WATCH,NONE,EV outside availability window (disconnected)
2011-09-16 14:30:00,EV_013,7.4,0.0,18:00,07:30,15.0,0.0,False,WATCH,NONE,EV outside availability window (disconnected)
2011-09-16 14:30:00,EV_014,7.4,0.0,18:00,07:30,15.0,0.0,False,WATCH,NONE,EV outside availability window (disconnected)
2011-09-16 14:30:00,EV_015,7.4,0.0,18:00,07:30,15.0,0.0,False,WATCH,NONE,EV outside availability window (disconnected)
2011-09-16 14:30:00,EV_016,7.4,0.0,18:00,07:30,15.0,0.0,False,WATCH,NONE,EV outside availability window (disconnected)
2011-09-16 14:30:00,EV_017,7.4,0.0,18:00,07:30,15.0,0.0,False,WATCH,NONE,EV outside availability window (disconnected)
2011-09-16 14:30:00,EV_018,7.4,0.0,18:00,07:30,15.0,0.0,False,WATCH,NONE,EV outside availability window (disconnected)
2011-09-16 14:30:00,EV_019,7.4,0.0,18:00,07:30,15.0,0.0,False,WATCH,NONE,EV outside availability window (disconnected)
2011-09-16 14:30:00,EV_020,7.4,0.0,18:00,07:30,15.0,0.0,False,WATCH,NONE,EV outside availability window (disconnected)
2011-09-16 14:45:00,EV_001,7.4,0.0,18:00,07:30,15.0,0.0,False,WATCH,NONE,EV outside availability window (disconnected)
2011-09-16 14:45:00,EV_002,7.4,0.0,18:00,07:30,15.0,0.0,False,WATCH,NONE,EV outside availability window (disconnected)
2011-09-16 14:45:00,EV_003,7.4,0.0,18:00,07:30,15.0,0.0,False,WATCH,NONE,EV outside availability window (disconnected)
2011-09-16 14:45:00,EV_004,7.4,0.0,18:00,07:30,15.0,0.0,False,WATCH,NONE,EV outside availability window (disconnected)
2011-09-16 14:45:00,EV_005,7.4,0.0,18:00,07:30,15.0,0.0,False,WATCH,NONE,EV outside availability window (disconnected)
2011-09-16 14:45:00,EV_006,7.4,0.0,18:00,07:30,15.0,0.0,False,WATCH,NONE,EV outside availability window (disconnected)
2011-09-16 14:45:00,EV_007,7.4,0.0,18:00,07:30,15.0,0.0,False,WATCH,NONE,EV outside availability window (disconnected)
2011-09-16 14:45:00,EV_008,7.4,0.0,18:00,07:30,15.0,0.0,False,WATCH,NONE,EV outside availability window (disconnected)
2011-09-16 14:45:00,EV_009,7.4,0.0,18:00,07:30,15.0,0.0,False,WATCH,NONE,EV outside availability window (disconnected)
2011-09-16 14:45:00,EV_010,7.4,0.0,18:00,07:30,15.0,0.0,False,WATCH,NONE,EV outside availability window (disconnected)
2011-09-16 14:45:00,EV_011,7.4,0.0,18:00,07:30,15.0,0.0,False,WATCH,NONE,EV outside availability window (disconnected)
2011-09-16 14:45:00,EV_012,7.4,0.0,18:00,07:30,15.0,0.0,False,WATCH,NONE,EV outside availability window (disconnected)
2011-09-16 14:45:00,EV_013,7.4,0.0,18:00,07:30,15.0,0.0,False,WATCH,NONE,EV outside availability window (disconnected)
2011-09-16 14:45:00,EV_014,7.4,0.0,18:00,07:30,15.0,0.0,False,WATCH,NONE,EV outside availability window (disconnected)
2011-09-16 14:45:00,EV_015,7.4,0.0,18:00,07:30,15.0,0.0,False,WATCH,NONE,EV outside availability window (disconnected)
2011-09-16 14:45:00,EV_016,7.4,0.0,18:00,07:30,15.0,0.0,False,WATCH,NONE,EV outside availability window (disconnected)
2011-09-16 14:45:00,EV_017,7.4,0.0,18:00,07:30,15.0,0.0,False,WATCH,NONE,EV outside availability window (disconnected)
2011-09-16 14:45:00,EV_018,7.4,0.0,18:00,07:30,15.0,0.0,False,WATCH,NONE,EV outside availability window (disconnected)
2011-09-16 14:45:00,EV_019,7.4,0.0,18:00,07:30,15.0,0.0,False,WATCH,NONE,EV outside availability window (disconnected)
2011-09-16 14:45:00,EV_020,7.4,0.0,18:00,07:30,15.0,0.0,False,WATCH,NONE,EV outside availability window (disconnected)
2011-09-16 15:00:00,EV_001,7.4,0.0,18:00,07:30,15.0,0.0,False,WATCH,NONE,EV outside availability window (disconnected)
2011-09-16 15:00:00,EV_002,7.4,0.0,18:00,07:30,15.0,0.0,False,WATCH,NONE,EV outside availability window (disconnected)
2011-09-16 15:00:00,EV_003,7.4,0.0,18:00,07:30,15.0,0.0,False,WATCH,NONE,EV outside availability window (disconnected)
2011-09-16 15:00:00,EV_004,7.4,0.0,18:00,07:30,15.0,0.0,False,WATCH,NONE,EV outside availability window (disconnected)
2011-09-16 15:00:00,EV_005,7.4,0.0,18:00,07:30,15.0,0.0,False,WATCH,NONE,EV outside availability window (disconnected)
2011-09-16 15:00:00,EV_006,7.4,0.0,18:00,07:30,15.0,0.0,False,WATCH,NONE,EV outside availability window (disconnected)
2011-09-16 15:00:00,EV_007,7.4,0.0,18:00,07:30,15.0,0.0,False,WATCH,NONE,EV outside availability window (disconnected)
2011-09-16 15:00:00,EV_008,7.4,0.0,18:00,07:30,15.0,0.0,False,WATCH,NONE,EV outside availability window (disconnected)
2011-09-16 15:00:00,EV_009,7.4,0.0,18:00,07:30,15.0,0.0,False,WATCH,NONE,EV outside availability window (disconnected)
2011-09-16 15:00:00,EV_010,7.4,0.0,18:00,07:30,15.0,0.0,False,WATCH,NONE,EV outside availability window (disconnected)
2011-09-16 15:00:00,EV_011,7.4,0.0,18:00,07:30,15.0,0.0,False,WATCH,NONE,EV outside availability window (disconnected)
2011-09-16 15:00:00,EV_012,7.4,0.0,18:00,07:30,15.0,0.0,False,WATCH,NONE,EV outside availability window (disconnected)
2011-09-16 15:00:00,EV_013,7.4,0.0,18:00,07:30,15.0,0.0,False,WATCH,NONE,EV outside availability window (disconnected)
2011-09-16 15:00:00,EV_014,7.4,0.0,18:00,07:30,15.0,0.0,False,WATCH,NONE,EV outside availability window (disconnected)
2011-09-16 15:00:00,EV_015,7.4,0.0,18:00,07:30,15.0,0.0,False,WATCH,NONE,EV outside availability window (disconnected)
2011-09-16 15:00:00,EV_016,7.4,0.0,18:00,07:30,15.0,0.0,False,WATCH,NONE,EV outside availability window (disconnected)
2011-09-16 15:00:00,EV_017,7.4,0.0,18:00,07:30,15.0,0.0,False,WATCH,NONE,EV outside availability window (disconnected)
2011-09-16 15:00:00,EV_018,7.4,0.0,18:00,07:30,15.0,0.0,False,WATCH,NONE,EV outside availability window (disconnected)
2011-09-16 15:00:00,EV_019,7.4,0.0,18:00,07:30,15.0,0.0,False,WATCH,NONE,EV outside availability window (disconnected)
2011-09-16 15:00:00,EV_020,7.4,0.0,18:00,07:30,15.0,0.0,False,WATCH,NONE,EV outside availability window (disconnected)
2011-09-16 15:15:00,EV_001,7.4,0.0,18:00,07:30,15.0,0.0,False,WATCH,NONE,EV outside availability window (disconnected)
2011-09-16 15:15:00,EV_002,7.4,0.0,18:00,07:30,15.0,0.0,False,WATCH,NONE,EV outside availability window (disconnected)
2011-09-16 15:15:00,EV_003,7.4,0.0,18:00,07:30,15.0,0.0,False,WATCH,NONE,EV outside availability window (disconnected)
2011-09-16 15:15:00,EV_004,7.4,0.0,18:00,07:30,15.0,0.0,False,WATCH,NONE,EV outside availability window (disconnected)
2011-09-16 15:15:00,EV_005,7.4,0.0,18:00,07:30,15.0,0.0,False,WATCH,NONE,EV outside availability window (disconnected)
2011-09-16 15:15:00,EV_006,7.4,0.0,18:00,07:30,15.0,0.0,False,WATCH,NONE,EV outside availability window (disconnected)
2011-09-16 15:15:00,EV_007,7.4,0.0,18:00,07:30,15.0,0.0,False,WATCH,NONE,EV outside availability window (disconnected)
2011-09-16 15:15:00,EV_008,7.4,0.0,18:00,07:30,15.0,0.0,False,WATCH,NONE,EV outside availability window (disconnected)
2011-09-16 15:15:00,EV_009,7.4,0.0,18:00,07:30,15.0,0.0,False,WATCH,NONE,EV outside availability window (disconnected)
2011-09-16 15:15:00,EV_010,7.4,0.0,18:00,07:30,15.0,0.0,False,WATCH,NONE,EV outside availability window (disconnected)
2011-09-16 15:15:00,EV_011,7.4,0.0,18:00,07:30,15.0,0.0,False,WATCH,NONE,EV outside availability window (disconnected)
2011-09-16 15:15:00,EV_012,7.4,0.0,18:00,07:30,15.0,0.0,False,WATCH,NONE,EV outside availability window (disconnected)
2011-09-16 15:15:00,EV_013,7.4,0.0,18:00,07:30,15.0,0.0,False,WATCH,NONE,EV outside availability window (disconnected)
2011-09-16 15:15:00,EV_014,7.4,0.0,18:00,07:30,15.0,0.0,False,WATCH,NONE,EV outside availability window (disconnected)
2011-09-16 15:15:00,EV_015,7.4,0.0,18:00,07:30,15.0,0.0,False,WATCH,NONE,EV outside availability window (disconnected)
2011-09-16 15:15:00,EV_016,7.4,0.0,18:00,07:30,15.0,0.0,False,WATCH,NONE,EV outside availability window (disconnected)
2011-09-16 15:15:00,EV_017,7.4,0.0,18:00,07:30,15.0,0.0,False,WATCH,NONE,EV outside availability window (disconnected)
2011-09-16 15:15:00,EV_018,7.4,0.0,18:00,07:30,15.0,0.0,False,WATCH,NONE,EV outside availability window (disconnected)
2011-09-16 15:15:00,EV_019,7.4,0.0,18:00,07:30,15.0,0.0,False,WATCH,NONE,EV outside availability window (disconnected)
2011-09-16 15:15:00,EV_020,7.4,0.0,18:00,07:30,15.0,0.0,False,WATCH,NONE,EV outside availability window (disconnected)
2011-09-16 15:30:00,EV_001,7.4,0.0,18:00,07:30,15.0,0.0,False,WATCH,NONE,EV outside availability window (disconnected)
2011-09-16 15:30:00,EV_002,7.4,0.0,18:00,07:30,15.0,0.0,False,WATCH,NONE,EV outside availability window (disconnected)
2011-09-16 15:30:00,EV_003,7.4,0.0,18:00,07:30,15.0,0.0,False,WATCH,NONE,EV outside availability window (disconnected)
2011-09-16 15:30:00,EV_004,7.4,0.0,18:00,07:30,15.0,0.0,False,WATCH,NONE,EV outside availability window (disconnected)
2011-09-16 15:30:00,EV_005,7.4,0.0,18:00,07:30,15.0,0.0,False,WATCH,NONE,EV outside availability window (disconnected)
2011-09-16 15:30:00,EV_006,7.4,0.0,18:00,07:30,15.0,0.0,False,WATCH,NONE,EV outside availability window (disconnected)
2011-09-16 15:30:00,EV_007,7.4,0.0,18:00,07:30,15.0,0.0,False,WATCH,NONE,EV outside availability window (disconnected)
2011-09-16 15:30:00,EV_008,7.4,0.0,18:00,07:30,15.0,0.0,False,WATCH,NONE,EV outside availability window (disconnected)
2011-09-16 15:30:00,EV_009,7.4,0.0,18:00,07:30,15.0,0.0,False,WATCH,NONE,EV outside availability window (disconnected)
2011-09-16 15:30:00,EV_010,7.4,0.0,18:00,07:30,15.0,0.0,False,WATCH,NONE,EV outside availability window (disconnected)
2011-09-16 15:30:00,EV_011,7.4,0.0,18:00,07:30,15.0,0.0,False,WATCH,NONE,EV outside availability window (disconnected)
2011-09-16 15:30:00,EV_012,7.4,0.0,18:00,07:30,15.0,0.0,False,WATCH,NONE,EV outside availability window (disconnected)
2011-09-16 15:30:00,EV_013,7.4,0.0,18:00,07:30,15.0,0.0,False,WATCH,NONE,EV outside availability window (disconnected)
2011-09-16 15:30:00,EV_014,7.4,0.0,18:00,07:30,15.0,0.0,False,WATCH,NONE,EV outside availability window (disconnected)
2011-09-16 15:30:00,EV_015,7.4,0.0,18:00,07:30,15.0,0.0,False,WATCH,NONE,EV outside availability window (disconnected)
2011-09-16 15:30:00,EV_016,7.4,0.0,18:00,07:30,15.0,0.0,False,WATCH,NONE,EV outside availability window (disconnected)
2011-09-16 15:30:00,EV_017,7.4,0.0,18:00,07:30,15.0,0.0,False,WATCH,NONE,EV outside availability window (disconnected)
2011-09-16 15:30:00,EV_018,7.4,0.0,18:00,07:30,15.0,0.0,False,WATCH,NONE,EV outside availability window (disconnected)
2011-09-16 15:30:00,EV_019,7.4,0.0,18:00,07:30,15.0,0.0,False,WATCH,NONE,EV outside availability window (disconnected)
2011-09-16 15:30:00,EV_020,7.4,0.0,18:00,07:30,15.0,0.0,False,WATCH,NONE,EV outside availability window (disconnected)
2011-09-16 15:45:00,EV_001,7.4,0.0,18:00,07:30,15.0,0.0,False,WATCH,NONE,EV outside availability window (disconnected)
2011-09-16 15:45:00,EV_002,7.4,0.0,18:00,07:30,15.0,0.0,False,WATCH,NONE,EV outside availability window (disconnected)
2011-09-16 15:45:00,EV_003,7.4,0.0,18:00,07:30,15.0,0.0,False,WATCH,NONE,EV outside availability window (disconnected)
2011-09-16 15:45:00,EV_004,7.4,0.0,18:00,07:30,15.0,0.0,False,WATCH,NONE,EV outside availability window (disconnected)
2011-09-16 15:45:00,EV_005,7.4,0.0,18:00,07:30,15.0,0.0,False,WATCH,NONE,EV outside availability window (disconnected)
2011-09-16 15:45:00,EV_006,7.4,0.0,18:00,07:30,15.0,0.0,False,WATCH,NONE,EV outside availability window (disconnected)
2011-09-16 15:45:00,EV_007,7.4,0.0,18:00,07:30,15.0,0.0,False,WATCH,NONE,EV outside availability window (disconnected)
2011-09-16 15:45:00,EV_008,7.4,0.0,18:00,07:30,15.0,0.0,False,WATCH,NONE,EV outside availability window (disconnected)
2011-09-16 15:45:00,EV_009,7.4,0.0,18:00,07:30,15.0,0.0,False,WATCH,NONE,EV outside availability window (disconnected)
2011-09-16 15:45:00,EV_010,7.4,0.0,18:00,07:30,15.0,0.0,False,WATCH,NONE,EV outside availability window (disconnected)
2011-09-16 15:45:00,EV_011,7.4,0.0,18:00,07:30,15.0,0.0,False,WATCH,NONE,EV outside availability window (disconnected)
2011-09-16 15:45:00,EV_012,7.4,0.0,18:00,07:30,15.0,0.0,False,WATCH,NONE,EV outside availability window (disconnected)
2011-09-16 15:45:00,EV_013,7.4,0.0,18:00,07:30,15.0,0.0,False,WATCH,NONE,EV outside availability window (disconnected)
2011-09-16 15:45:00,EV_014,7.4,0.0,18:00,07:30,15.0,0.0,False,WATCH,NONE,EV outside availability window (disconnected)
2011-09-16 15:45:00,EV_015,7.4,0.0,18:00,07:30,15.0,0.0,False,WATCH,NONE,EV outside availability window (disconnected)
2011-09-16 15:45:00,EV_016,7.4,0.0,18:00,07:30,15.0,0.0,False,WATCH,NONE,EV outside availability window (disconnected)
2011-09-16 15:45:00,EV_017,7.4,0.0,18:00,07:30,15.0,0.0,False,WATCH,NONE,EV outside availability window (disconnected)
2011-09-16 15:45:00,EV_018,7.4,0.0,18:00,07:30,15.0,0.0,False,WATCH,NONE,EV outside availability window (disconnected)
2011-09-16 15:45:00,EV_019,7.4,0.0,18:00,07:30,15.0,0.0,False,WATCH,NONE,EV outside availability window (disconnected)
2011-09-16 15:45:00,EV_020,7.4,0.0,18:00,07:30,15.0,0.0,False,WATCH,NONE,EV outside availability window (disconnected)
2011-09-16 16:00:00,EV_001,7.4,0.0,18:00,07:30,15.0,0.0,False,WATCH,NONE,EV outside availability window (disconnected)
2011-09-16 16:00:00,EV_002,7.4,0.0,18:00,07:30,15.0,0.0,False,WATCH,NONE,EV outside availability window (disconnected)
2011-09-16 16:00:00,EV_003,7.4,0.0,18:00,07:30,15.0,0.0,False,WATCH,NONE,EV outside availability window (disconnected)
2011-09-16 16:00:00,EV_004,7.4,0.0,18:00,07:30,15.0,0.0,False,WATCH,NONE,EV outside availability window (disconnected)
2011-09-16 16:00:00,EV_005,7.4,0.0,18:00,07:30,15.0,0.0,False,WATCH,NONE,EV outside availability window (disconnected)
2011-09-16 16:00:00,EV_006,7.4,0.0,18:00,07:30,15.0,0.0,False,WATCH,NONE,EV outside availability window (disconnected)
2011-09-16 16:00:00,EV_007,7.4,0.0,18:00,07:30,15.0,0.0,False,WATCH,NONE,EV outside availability window (disconnected)
2011-09-16 16:00:00,EV_008,7.4,0.0,18:00,07:30,15.0,0.0,False,WATCH,NONE,EV outside availability window (disconnected)
2011-09-16 16:00:00,EV_009,7.4,0.0,18:00,07:30,15.0,0.0,False,WATCH,NONE,EV outside availability window (disconnected)
2011-09-16 16:00:00,EV_010,7.4,0.0,18:00,07:30,15.0,0.0,False,WATCH,NONE,EV outside availability window (disconnected)
2011-09-16 16:00:00,EV_011,7.4,0.0,18:00,07:30,15.0,0.0,False,WATCH,NONE,EV outside availability window (disconnected)
2011-09-16 16:00:00,EV_012,7.4,0.0,18:00,07:30,15.0,0.0,False,WATCH,NONE,EV outside availability window (disconnected)
2011-09-16 16:00:00,EV_013,7.4,0.0,18:00,07:30,15.0,0.0,False,WATCH,NONE,EV outside availability window (disconnected)
2011-09-16 16:00:00,EV_014,7.4,0.0,18:00,07:30,15.0,0.0,False,WATCH,NONE,EV outside availability window (disconnected)
2011-09-16 16:00:00,EV_015,7.4,0.0,18:00,07:30,15.0,0.0,False,WATCH,NONE,EV outside availability window (disconnected)
2011-09-16 16:00:00,EV_016,7.4,0.0,18:00,07:30,15.0,0.0,False,WATCH,NONE,EV outside availability window (disconnected)
2011-09-16 16:00:00,EV_017,7.4,0.0,18:00,07:30,15.0,0.0,False,WATCH,NONE,EV outside availability window (disconnected)
2011-09-16 16:00:00,EV_018,7.4,0.0,18:00,07:30,15.0,0.0,False,WATCH,NONE,EV outside availability window (disconnected)
2011-09-16 16:00:00,EV_019,7.4,0.0,18:00,07:30,15.0,0.0,False,WATCH,NONE,EV outside availability window (disconnected)
2011-09-16 16:00:00,EV_020,7.4,0.0,18:00,07:30,15.0,0.0,False,WATCH,NONE,EV outside availability window (disconnected)
2011-09-16 16:15:00,EV_001,7.4,0.0,18:00,07:30,15.0,0.0,False,WATCH,NONE,EV outside availability window (disconnected)
2011-09-16 16:15:00,EV_002,7.4,0.0,18:00,07:30,15.0,0.0,False,WATCH,NONE,EV outside availability window (disconnected)
2011-09-16 16:15:00,EV_003,7.4,0.0,18:00,07:30,15.0,0.0,False,WATCH,NONE,EV outside availability window (disconnected)
2011-09-16 16:15:00,EV_004,7.4,0.0,18:00,07:30,15.0,0.0,False,WATCH,NONE,EV outside availability window (disconnected)
2011-09-16 16:15:00,EV_005,7.4,0.0,18:00,07:30,15.0,0.0,False,WATCH,NONE,EV outside availability window (disconnected)
2011-09-16 16:15:00,EV_006,7.4,0.0,18:00,07:30,15.0,0.0,False,WATCH,NONE,EV outside availability window (disconnected)
2011-09-16 16:15:00,EV_007,7.4,0.0,18:00,07:30,15.0,0.0,False,WATCH,NONE,EV outside availability window (disconnected)
2011-09-16 16:15:00,EV_008,7.4,0.0,18:00,07:30,15.0,0.0,False,WATCH,NONE,EV outside availability window (disconnected)
2011-09-16 16:15:00,EV_009,7.4,0.0,18:00,07:30,15.0,0.0,False,WATCH,NONE,EV outside availability window (disconnected)
2011-09-16 16:15:00,EV_010,7.4,0.0,18:00,07:30,15.0,0.0,False,WATCH,NONE,EV outside availability window (disconnected)
2011-09-16 16:15:00,EV_011,7.4,0.0,18:00,07:30,15.0,0.0,False,WATCH,NONE,EV outside availability window (disconnected)
2011-09-16 16:15:00,EV_012,7.4,0.0,18:00,07:30,15.0,0.0,False,WATCH,NONE,EV outside availability window (disconnected)
2011-09-16 16:15:00,EV_013,7.4,0.0,18:00,07:30,15.0,0.0,False,WATCH,NONE,EV outside availability window (disconnected)
2011-09-16 16:15:00,EV_014,7.4,0.0,18:00,07:30,15.0,0.0,False,WATCH,NONE,EV outside availability window (disconnected)
2011-09-16 16:15:00,EV_015,7.4,0.0,18:00,07:30,15.0,0.0,False,WATCH,NONE,EV outside availability window (disconnected)
2011-09-16 16:15:00,EV_016,7.4,0.0,18:00,07:30,15.0,0.0,False,WATCH,NONE,EV outside availability window (disconnected)
2011-09-16 16:15:00,EV_017,7.4,0.0,18:00,07:30,15.0,0.0,False,WATCH,NONE,EV outside availability window (disconnected)
2011-09-16 16:15:00,EV_018,7.4,0.0,18:00,07:30,15.0,0.0,False,WATCH,NONE,EV outside availability window (disconnected)
2011-09-16 16:15:00,EV_019,7.4,0.0,18:00,07:30,15.0,0.0,False,WATCH,NONE,EV outside availability window (disconnected)
2011-09-16 16:15:00,EV_020,7.4,0.0,18:00,07:30,15.0,0.0,False,WATCH,NONE,EV outside availability window (disconnected)
2011-09-16 16:30:00,EV_001,7.4,0.0,18:00,07:30,15.0,0.0,False,WATCH,NONE,EV outside availability window (disconnected)
2011-09-16 16:30:00,EV_002,7.4,0.0,18:00,07:30,15.0,0.0,False,WATCH,NONE,EV outside availability window (disconnected)
2011-09-16 16:30:00,EV_003,7.4,0.0,18:00,07:30,15.0,0.0,False,WATCH,NONE,EV outside availability window (disconnected)
2011-09-16 16:30:00,EV_004,7.4,0.0,18:00,07:30,15.0,0.0,False,WATCH,NONE,EV outside availability window (disconnected)
2011-09-16 16:30:00,EV_005,7.4,0.0,18:00,07:30,15.0,0.0,False,WATCH,NONE,EV outside availability window (disconnected)
2011-09-16 16:30:00,EV_006,7.4,0.0,18:00,07:30,15.0,0.0,False,WATCH,NONE,EV outside availability window (disconnected)
2011-09-16 16:30:00,EV_007,7.4,0.0,18:00,07:30,15.0,0.0,False,WATCH,NONE,EV outside availability window (disconnected)
2011-09-16 16:30:00,EV_008,7.4,0.0,18:00,07:30,15.0,0.0,False,WATCH,NONE,EV outside availability window (disconnected)
2011-09-16 16:30:00,EV_009,7.4,0.0,18:00,07:30,15.0,0.0,False,WATCH,NONE,EV outside availability window (disconnected)
2011-09-16 16:30:00,EV_010,7.4,0.0,18:00,07:30,15.0,0.0,False,WATCH,NONE,EV outside availability window (disconnected)
2011-09-16 16:30:00,EV_011,7.4,0.0,18:00,07:30,15.0,0.0,False,WATCH,NONE,EV outside availability window (disconnected)
2011-09-16 16:30:00,EV_012,7.4,0.0,18:00,07:30,15.0,0.0,False,WATCH,NONE,EV outside availability window (disconnected)
2011-09-16 16:30:00,EV_013,7.4,0.0,18:00,07:30,15.0,0.0,False,WATCH,NONE,EV outside availability window (disconnected)
2011-09-16 16:30:00,EV_014,7.4,0.0,18:00,07:30,15.0,0.0,False,WATCH,NONE,EV outside availability window (disconnected)
2011-09-16 16:30:00,EV_015,7.4,0.0,18:00,07:30,15.0,0.0,False,WATCH,NONE,EV outside availability window (disconnected)
2011-09-16 16:30:00,EV_016,7.4,0.0,18:00,07:30,15.0,0.0,False,WATCH,NONE,EV outside availability window (disconnected)
2011-09-16 16:30:00,EV_017,7.4,0.0,18:00,07:30,15.0,0.0,False,WATCH,NONE,EV outside availability window (disconnected)
2011-09-16 16:30:00,EV_018,7.4,0.0,18:00,07:30,15.0,0.0,False,WATCH,NONE,EV outside availability window (disconnected)
2011-09-16 16:30:00,EV_019,7.4,0.0,18:00,07:30,15.0,0.0,False,WATCH,NONE,EV outside availability window (disconnected)
2011-09-16 16:30:00,EV_020,7.4,0.0,18:00,07:30,15.0,0.0,False,WATCH,NONE,EV outside availability window (disconnected)
2011-09-16 16:45:00,EV_001,7.4,0.0,18:00,07:30,15.0,0.0,False,WATCH,NONE,EV outside availability window (disconnected)
2011-09-16 16:45:00,EV_002,7.4,0.0,18:00,07:30,15.0,0.0,False,WATCH,NONE,EV outside availability window (disconnected)
2011-09-16 16:45:00,EV_003,7.4,0.0,18:00,07:30,15.0,0.0,False,WATCH,NONE,EV outside availability window (disconnected)
2011-09-16 16:45:00,EV_004,7.4,0.0,18:00,07:30,15.0,0.0,False,WATCH,NONE,EV outside availability window (disconnected)
2011-09-16 16:45:00,EV_005,7.4,0.0,18:00,07:30,15.0,0.0,False,WATCH,NONE,EV outside availability window (disconnected)
2011-09-16 16:45:00,EV_006,7.4,0.0,18:00,07:30,15.0,0.0,False,WATCH,NONE,EV outside availability window (disconnected)
2011-09-16 16:45:00,EV_007,7.4,0.0,18:00,07:30,15.0,0.0,False,WATCH,NONE,EV outside availability window (disconnected)
2011-09-16 16:45:00,EV_008,7.4,0.0,18:00,07:30,15.0,0.0,False,WATCH,NONE,EV outside availability window (disconnected)
2011-09-16 16:45:00,EV_009,7.4,0.0,18:00,07:30,15.0,0.0,False,WATCH,NONE,EV outside availability window (disconnected)
2011-09-16 16:45:00,EV_010,7.4,0.0,18:00,07:30,15.0,0.0,False,WATCH,NONE,EV outside availability window (disconnected)
2011-09-16 16:45:00,EV_011,7.4,0.0,18:00,07:30,15.0,0.0,False,WATCH,NONE,EV outside availability window (disconnected)
2011-09-16 16:45:00,EV_012,7.4,0.0,18:00,07:30,15.0,0.0,False,WATCH,NONE,EV outside availability window (disconnected)
2011-09-16 16:45:00,EV_013,7.4,0.0,18:00,07:30,15.0,0.0,False,WATCH,NONE,EV outside availability window (disconnected)
2011-09-16 16:45:00,EV_014,7.4,0.0,18:00,07:30,15.0,0.0,False,WATCH,NONE,EV outside availability window (disconnected)
2011-09-16 16:45:00,EV_015,7.4,0.0,18:00,07:30,15.0,0.0,False,WATCH,NONE,EV outside availability window (disconnected)
2011-09-16 16:45:00,EV_016,7.4,0.0,18:00,07:30,15.0,0.0,False,WATCH,NONE,EV outside availability window (disconnected)
2011-09-16 16:45:00,EV_017,7.4,0.0,18:00,07:30,15.0,0.0,False,WATCH,NONE,EV outside availability window (disconnected)
2011-09-16 16:45:00,EV_018,7.4,0.0,18:00,07:30,15.0,0.0,False,WATCH,NONE,EV outside availability window (disconnected)
2011-09-16 16:45:00,EV_019,7.4,0.0,18:00,07:30,15.0,0.0,False,WATCH,NONE,EV outside availability window (disconnected)
2011-09-16 16:45:00,EV_020,7.4,0.0,18:00,07:30,15.0,0.0,False,WATCH,NONE,EV outside availability window (disconnected)
2011-09-16 17:00:00,EV_001,7.4,0.0,18:00,07:30,15.0,0.0,False,CONSTRAINED,VOLTAGE_DROP,EV outside availability window (disconnected)
2011-09-16 17:00:00,EV_002,7.4,0.0,18:00,07:30,15.0,0.0,False,CONSTRAINED,VOLTAGE_DROP,EV outside availability window (disconnected)
2011-09-16 17:00:00,EV_003,7.4,0.0,18:00,07:30,15.0,0.0,False,CONSTRAINED,VOLTAGE_DROP,EV outside availability window (disconnected)
2011-09-16 17:00:00,EV_004,7.4,0.0,18:00,07:30,15.0,0.0,False,CONSTRAINED,VOLTAGE_DROP,EV outside availability window (disconnected)
2011-09-16 17:00:00,EV_005,7.4,0.0,18:00,07:30,15.0,0.0,False,CONSTRAINED,VOLTAGE_DROP,EV outside availability window (disconnected)
2011-09-16 17:00:00,EV_006,7.4,0.0,18:00,07:30,15.0,0.0,False,CONSTRAINED,VOLTAGE_DROP,EV outside availability window (disconnected)
2011-09-16 17:00:00,EV_007,7.4,0.0,18:00,07:30,15.0,0.0,False,CONSTRAINED,VOLTAGE_DROP,EV outside availability window (disconnected)
2011-09-16 17:00:00,EV_008,7.4,0.0,18:00,07:30,15.0,0.0,False,CONSTRAINED,VOLTAGE_DROP,EV outside availability window (disconnected)
2011-09-16 17:00:00,EV_009,7.4,0.0,18:00,07:30,15.0,0.0,False,CONSTRAINED,VOLTAGE_DROP,EV outside availability window (disconnected)
2011-09-16 17:00:00,EV_010,7.4,0.0,18:00,07:30,15.0,0.0,False,CONSTRAINED,VOLTAGE_DROP,EV outside availability window (disconnected)
2011-09-16 17:00:00,EV_011,7.4,0.0,18:00,07:30,15.0,0.0,False,CONSTRAINED,VOLTAGE_DROP,EV outside availability window (disconnected)
2011-09-16 17:00:00,EV_012,7.4,0.0,18:00,07:30,15.0,0.0,False,CONSTRAINED,VOLTAGE_DROP,EV outside availability window (disconnected)
2011-09-16 17:00:00,EV_013,7.4,0.0,18:00,07:30,15.0,0.0,False,CONSTRAINED,VOLTAGE_DROP,EV outside availability window (disconnected)
2011-09-16 17:00:00,EV_014,7.4,0.0,18:00,07:30,15.0,0.0,False,CONSTRAINED,VOLTAGE_DROP,EV outside availability window (disconnected)
2011-09-16 17:00:00,EV_015,7.4,0.0,18:00,07:30,15.0,0.0,False,CONSTRAINED,VOLTAGE_DROP,EV outside availability window (disconnected)
2011-09-16 17:00:00,EV_016,7.4,0.0,18:00,07:30,15.0,0.0,False,CONSTRAINED,VOLTAGE_DROP,EV outside availability window (disconnected)
2011-09-16 17:00:00,EV_017,7.4,0.0,18:00,07:30,15.0,0.0,False,CONSTRAINED,VOLTAGE_DROP,EV outside availability window (disconnected)
2011-09-16 17:00:00,EV_018,7.4,0.0,18:00,07:30,15.0,0.0,False,CONSTRAINED,VOLTAGE_DROP,EV outside availability window (disconnected)
2011-09-16 17:00:00,EV_019,7.4,0.0,18:00,07:30,15.0,0.0,False,CONSTRAINED,VOLTAGE_DROP,EV outside availability window (disconnected)
2011-09-16 17:00:00,EV_020,7.4,0.0,18:00,07:30,15.0,0.0,False,CONSTRAINED,VOLTAGE_DROP,EV outside availability window (disconnected)
2011-09-16 17:15:00,EV_001,7.4,0.0,18:00,07:30,15.0,0.0,False,CONSTRAINED,VOLTAGE_DROP,EV outside availability window (disconnected)
2011-09-16 17:15:00,EV_002,7.4,0.0,18:00,07:30,15.0,0.0,False,CONSTRAINED,VOLTAGE_DROP,EV outside availability window (disconnected)
2011-09-16 17:15:00,EV_003,7.4,0.0,18:00,07:30,15.0,0.0,False,CONSTRAINED,VOLTAGE_DROP,EV outside availability window (disconnected)
2011-09-16 17:15:00,EV_004,7.4,0.0,18:00,07:30,15.0,0.0,False,CONSTRAINED,VOLTAGE_DROP,EV outside availability window (disconnected)
2011-09-16 17:15:00,EV_005,7.4,0.0,18:00,07:30,15.0,0.0,False,CONSTRAINED,VOLTAGE_DROP,EV outside availability window (disconnected)
2011-09-16 17:15:00,EV_006,7.4,0.0,18:00,07:30,15.0,0.0,False,CONSTRAINED,VOLTAGE_DROP,EV outside availability window (disconnected)
2011-09-16 17:15:00,EV_007,7.4,0.0,18:00,07:30,15.0,0.0,False,CONSTRAINED,VOLTAGE_DROP,EV outside availability window (disconnected)
2011-09-16 17:15:00,EV_008,7.4,0.0,18:00,07:30,15.0,0.0,False,CONSTRAINED,VOLTAGE_DROP,EV outside availability window (disconnected)
2011-09-16 17:15:00,EV_009,7.4,0.0,18:00,07:30,15.0,0.0,False,CONSTRAINED,VOLTAGE_DROP,EV outside availability window (disconnected)
2011-09-16 17:15:00,EV_010,7.4,0.0,18:00,07:30,15.0,0.0,False,CONSTRAINED,VOLTAGE_DROP,EV outside availability window (disconnected)
2011-09-16 17:15:00,EV_011,7.4,0.0,18:00,07:30,15.0,0.0,False,CONSTRAINED,VOLTAGE_DROP,EV outside availability window (disconnected)
2011-09-16 17:15:00,EV_012,7.4,0.0,18:00,07:30,15.0,0.0,False,CONSTRAINED,VOLTAGE_DROP,EV outside availability window (disconnected)
2011-09-16 17:15:00,EV_013,7.4,0.0,18:00,07:30,15.0,0.0,False,CONSTRAINED,VOLTAGE_DROP,EV outside availability window (disconnected)
2011-09-16 17:15:00,EV_014,7.4,0.0,18:00,07:30,15.0,0.0,False,CONSTRAINED,VOLTAGE_DROP,EV outside availability window (disconnected)
2011-09-16 17:15:00,EV_015,7.4,0.0,18:00,07:30,15.0,0.0,False,CONSTRAINED,VOLTAGE_DROP,EV outside availability window (disconnected)
2011-09-16 17:15:00,EV_016,7.4,0.0,18:00,07:30,15.0,0.0,False,CONSTRAINED,VOLTAGE_DROP,EV outside availability window (disconnected)
2011-09-16 17:15:00,EV_017,7.4,0.0,18:00,07:30,15.0,0.0,False,CONSTRAINED,VOLTAGE_DROP,EV outside availability window (disconnected)
2011-09-16 17:15:00,EV_018,7.4,0.0,18:00,07:30,15.0,0.0,False,CONSTRAINED,VOLTAGE_DROP,EV outside availability window (disconnected)
2011-09-16 17:15:00,EV_019,7.4,0.0,18:00,07:30,15.0,0.0,False,CONSTRAINED,VOLTAGE_DROP,EV outside availability window (disconnected)
2011-09-16 17:15:00,EV_020,7.4,0.0,18:00,07:30,15.0,0.0,False,CONSTRAINED,VOLTAGE_DROP,EV outside availability window (disconnected)
