timestamp,der_id,baseline_charge_kw,optimized_charge_kw,throttled_kw,cumulative_energy_kwh,departure_guaranteed
2011-09-16 13:30:00,EV_001,0.0,0.0,0.0,0.0,True
2011-09-16 13:30:00,EV_002,0.0,0.0,0.0,0.0,True
2011-09-16 13:30:00,EV_003,0.0,0.0,0.0,0.0,True
2011-09-16 13:30:00,EV_004,0.0,0.0,0.0,0.0,True
2011-09-16 13:30:00,EV_005,0.0,0.0,0.0,0.0,True
2011-09-16 13:30:00,EV_006,0.0,0.0,0.0,0.0,True
2011-09-16 13:30:00,EV_007,0.0,0.0,0.0,0.0,True
2011-09-16 13:30:00,EV_008,0.0,0.0,0.0,0.0,True
2011-09-16 13:30:00,EV_009,0.0,0.0,0.0,0.0,True
2011-09-16 13:30:00,EV_010,0.0,0.0,0.0,0.0,True
2011-09-16 13:30:00,EV_011,0.0,0.0,0.0,0.0,True
2011-09-16 13:30:00,EV_012,0.0,0.0,0.0,0.0,True
2011-09-16 13:30:00,EV_013,0.0,0.0,0.0,0.0,True
2011-09-16 13:30:00,EV_014,0.0,0.0,0.0,0.0,True
2011-09-16 13:30:00,EV_015,0.0,0.0,0.0,0.0,True
2011-09-16 13:30:00,EV_016,0.0,0.0,0.0,0.0,True
2011-09-16 13:30:00,EV_017,0.0,0.0,0.0,0.0,True
2011-09-16 13:30:00,EV_018,0.0,0.0,0.0,0.0,True
2011-09-16 13:30:00,EV_019,0.0,0.0,0.0,0.0,True
2011-09-16 13:30:00,EV_020,0.0,0.0,0.0,0.0,True
2011-09-16 13:45:00,EV_001,0.0,0.0,0.0,0.0,True
2011-09-16 13:45:00,EV_002,0.0,0.0,0.0,0.0,True
2011-09-16 13:45:00,EV_003,0.0,0.0,0.0,0.0,True
2011-09-16 13:45:00,EV_004,0.0,0.0,0.0,0.0,True
2011-09-16 13:45:00,EV_005,0.0,0.0,0.0,0.0,True
2011-09-16 13:45:00,EV_006,0.0,0.0,0.0,0.0,True
2011-09-16 13:45:00,EV_007,0.0,0.0,0.0,0.0,True
2011-09-16 13:45:00,EV_008,0.0,0.0,0.0,0.0,True
2011-09-16 13:45:00,EV_009,0.0,0.0,0.0,0.0,True
2011-09-16 13:45:00,EV_010,0.0,0.0,0.0,0.0,True
2011-09-16 13:45:00,EV_011,0.0,0.0,0.0,0.0,True
2011-09-16 13:45:00,EV_012,0.0,0.0,0.0,0.0,True
2011-09-16 13:45:00,EV_013,0.0,0.0,0.0,0.0,True
2011-09-16 13:45:00,EV_014,0.0,0.0,0.0,0.0,True
2011-09-16 13:45:00,EV_015,0.0,0.0,0.0,0.0,True
2011-09-16 13:45:00,EV_016,0.0,0.0,0.0,0.0,True
2011-09-16 13:45:00,EV_017,0.0,0.0,0.0,0.0,True
2011-09-16 13:45:00,EV_018,0.0,0.0,0.0,0.0,True
2011-09-16 13:45:00,EV_019,0.0,0.0,0.0,0.0,True
2011-09-16 13:45:00,EV_020,0.0,0.0,0.0,0.0,True
2011-09-16 14:00:00,EV_001,0.0,0.0,0.0,0.0,True
2011-09-16 14:00:00,EV_002,0.0,0.0,0.0,0.0,True
2011-09-16 14:00:00,EV_003,0.0,0.0,0.0,0.0,True
2011-09-16 14:00:00,EV_004,0.0,0.0,0.0,0.0,True
2011-09-16 14:00:00,EV_005,0.0,0.0,0.0,0.0,True
2011-09-16 14:00:00,EV_006,0.0,0.0,0.0,0.0,True
2011-09-16 14:00:00,EV_007,0.0,0.0,0.0,0.0,True
2011-09-16 14:00:00,EV_008,0.0,0.0,0.0,0.0,True
2011-09-16 14:00:00,EV_009,0.0,0.0,0.0,0.0,True
2011-09-16 14:00:00,EV_010,0.0,0.0,0.0,0.0,True
2011-09-16 14:00:00,EV_011,0.0,0.0,0.0,0.0,True
2011-09-16 14:00:00,EV_012,0.0,0.0,0.0,0.0,True
2011-09-16 14:00:00,EV_013,0.0,0.0,0.0,0.0,True
2011-09-16 14:00:00,EV_014,0.0,0.0,0.0,0.0,True
2011-09-16 14:00:00,EV_015,0.0,0.0,0.0,0.0,True
2011-09-16 14:00:00,EV_016,0.0,0.0,0.0,0.0,True
2011-09-16 14:00:00,EV_017,0.0,0.0,0.0,0.0,True
2011-09-16 14:00:00,EV_018,0.0,0.0,0.0,0.0,True
2011-09-16 14:00:00,EV_019,0.0,0.0,0.0,0.0,True
2011-09-16 14:00:00,EV_020,0.0,0.0,0.0,0.0,True
2011-09-16 14:15:00,EV_001,0.0,0.0,0.0,0.0,True
2011-09-16 14:15:00,EV_002,0.0,0.0,0.0,0.0,True
2011-09-16 14:15:00,EV_003,0.0,0.0,0.0,0.0,True
2011-09-16 14:15:00,EV_004,0.0,0.0,0.0,0.0,True
2011-09-16 14:15:00,EV_005,0.0,0.0,0.0,0.0,True
2011-09-16 14:15:00,EV_006,0.0,0.0,0.0,0.0,True
2011-09-16 14:15:00,EV_007,0.0,0.0,0.0,0.0,True
2011-09-16 14:15:00,EV_008,0.0,0.0,0.0,0.0,True
2011-09-16 14:15:00,EV_009,0.0,0.0,0.0,0.0,True
2011-09-16 14:15:00,EV_010,0.0,0.0,0.0,0.0,True
2011-09-16 14:15:00,EV_011,0.0,0.0,0.0,0.0,True
2011-09-16 14:15:00,EV_012,0.0,0.0,0.0,0.0,True
2011-09-16 14:15:00,EV_013,0.0,0.0,0.0,0.0,True
2011-09-16 14:15:00,EV_014,0.0,0.0,0.0,0.0,True
2011-09-16 14:15:00,EV_015,0.0,0.0,0.0,0.0,True
2011-09-16 14:15:00,EV_016,0.0,0.0,0.0,0.0,True
2011-09-16 14:15:00,EV_017,0.0,0.0,0.0,0.0,True
2011-09-16 14:15:00,EV_018,0.0,0.0,0.0,0.0,True
2011-09-16 14:15:00,EV_019,0.0,0.0,0.0,0.0,True
2011-09-16 14:15:00,EV_020,0.0,0.0,0.0,0.0,True
2011-09-16 14:30:00,EV_001,0.0,0.0,0.0,0.0,True
2011-09-16 14:30:00,EV_002,0.0,0.0,0.0,0.0,True
2011-09-16 14:30:00,EV_003,0.0,0.0,0.0,0.0,True
2011-09-16 14:30:00,EV_004,0.0,0.0,0.0,0.0,True
2011-09-16 14:30:00,EV_005,0.0,0.0,0.0,0.0,True
2011-09-16 14:30:00,EV_006,0.0,0.0,0.0,0.0,True
2011-09-16 14:30:00,EV_007,0.0,0.0,0.0,0.0,True
2011-09-16 14:30:00,EV_008,0.0,0.0,0.0,0.0,True
2011-09-16 14:30:00,EV_009,0.0,0.0,0.0,0.0,True
2011-09-16 14:30:00,EV_010,0.0,0.0,0.0,0.0,True
2011-09-16 14:30:00,EV_011,0.0,0.0,0.0,0.0,True
2011-09-16 14:30:00,EV_012,0.0,0.0,0.0,0.0,True
2011-09-16 14:30:00,EV_013,0.0,0.0,0.0,0.0,True
2011-09-16 14:30:00,EV_014,0.0,0.0,0.0,0.0,True
2011-09-16 14:30:00,EV_015,0.0,0.0,0.0,0.0,True
2011-09-16 14:30:00,EV_016,0.0,0.0,0.0,0.0,True
2011-09-16 14:30:00,EV_017,0.0,0.0,0.0,0.0,True
2011-09-16 14:30:00,EV_018,0.0,0.0,0.0,0.0,True
2011-09-16 14:30:00,EV_019,0.0,0.0,0.0,0.0,True
2011-09-16 14:30:00,EV_020,0.0,0.0,0.0,0.0,True
2011-09-16 14:45:00,EV_001,0.0,0.0,0.0,0.0,True
2011-09-16 14:45:00,EV_002,0.0,0.0,0.0,0.0,True
2011-09-16 14:45:00,EV_003,0.0,0.0,0.0,0.0,True
2011-09-16 14:45:00,EV_004,0.0,0.0,0.0,0.0,True
2011-09-16 14:45:00,EV_005,0.0,0.0,0.0,0.0,True
2011-09-16 14:45:00,EV_006,0.0,0.0,0.0,0.0,True
2011-09-16 14:45:00,EV_007,0.0,0.0,0.0,0.0,True
2011-09-16 14:45:00,EV_008,0.0,0.0,0.0,0.0,True
2011-09-16 14:45:00,EV_009,0.0,0.0,0.0,0.0,True
2011-09-16 14:45:00,EV_010,0.0,0.0,0.0,0.0,True
2011-09-16 14:45:00,EV_011,0.0,0.0,0.0,0.0,True
2011-09-16 14:45:00,EV_012,0.0,0.0,0.0,0.0,True
2011-09-16 14:45:00,EV_013,0.0,0.0,0.0,0.0,True
2011-09-16 14:45:00,EV_014,0.0,0.0,0.0,0.0,True
2011-09-16 14:45:00,EV_015,0.0,0.0,0.0,0.0,True
2011-09-16 14:45:00,EV_016,0.0,0.0,0.0,0.0,True
2011-09-16 14:45:00,EV_017,0.0,0.0,0.0,0.0,True
2011-09-16 14:45:00,EV_018,0.0,0.0,0.0,0.0,True
2011-09-16 14:45:00,EV_019,0.0,0.0,0.0,0.0,True
2011-09-16 14:45:00,EV_020,0.0,0.0,0.0,0.0,True
2011-09-16 15:00:00,EV_001,0.0,0.0,0.0,0.0,True
2011-09-16 15:00:00,EV_002,0.0,0.0,0.0,0.0,True
2011-09-16 15:00:00,EV_003,0.0,0.0,0.0,0.0,True
2011-09-16 15:00:00,EV_004,0.0,0.0,0.0,0.0,True
2011-09-16 15:00:00,EV_005,0.0,0.0,0.0,0.0,True
2011-09-16 15:00:00,EV_006,0.0,0.0,0.0,0.0,True
2011-09-16 15:00:00,EV_007,0.0,0.0,0.0,0.0,True
2011-09-16 15:00:00,EV_008,0.0,0.0,0.0,0.0,True
2011-09-16 15:00:00,EV_009,0.0,0.0,0.0,0.0,True
2011-09-16 15:00:00,EV_010,0.0,0.0,0.0,0.0,True
2011-09-16 15:00:00,EV_011,0.0,0.0,0.0,0.0,True
2011-09-16 15:00:00,EV_012,0.0,0.0,0.0,0.0,True
2011-09-16 15:00:00,EV_013,0.0,0.0,0.0,0.0,True
2011-09-16 15:00:00,EV_014,0.0,0.0,0.0,0.0,True
2011-09-16 15:00:00,EV_015,0.0,0.0,0.0,0.0,True
2011-09-16 15:00:00,EV_016,0.0,0.0,0.0,0.0,True
2011-09-16 15:00:00,EV_017,0.0,0.0,0.0,0.0,True
2011-09-16 15:00:00,EV_018,0.0,0.0,0.0,0.0,True
2011-09-16 15:00:00,EV_019,0.0,0.0,0.0,0.0,True
2011-09-16 15:00:00,EV_020,0.0,0.0,0.0,0.0,True
2011-09-16 15:15:00,EV_001,0.0,0.0,0.0,0.0,True
2011-09-16 15:15:00,EV_002,0.0,0.0,0.0,0.0,True
2011-09-16 15:15:00,EV_003,0.0,0.0,0.0,0.0,True
2011-09-16 15:15:00,EV_004,0.0,0.0,0.0,0.0,True
2011-09-16 15:15:00,EV_005,0.0,0.0,0.0,0.0,True
2011-09-16 15:15:00,EV_006,0.0,0.0,0.0,0.0,True
2011-09-16 15:15:00,EV_007,0.0,0.0,0.0,0.0,True
2011-09-16 15:15:00,EV_008,0.0,0.0,0.0,0.0,True
2011-09-16 15:15:00,EV_009,0.0,0.0,0.0,0.0,True
2011-09-16 15:15:00,EV_010,0.0,0.0,0.0,0.0,True
2011-09-16 15:15:00,EV_011,0.0,0.0,0.0,0.0,True
2011-09-16 15:15:00,EV_012,0.0,0.0,0.0,0.0,True
2011-09-16 15:15:00,EV_013,0.0,0.0,0.0,0.0,True
2011-09-16 15:15:00,EV_014,0.0,0.0,0.0,0.0,True
2011-09-16 15:15:00,EV_015,0.0,0.0,0.0,0.0,True
2011-09-16 15:15:00,EV_016,0.0,0.0,0.0,0.0,True
2011-09-16 15:15:00,EV_017,0.0,0.0,0.0,0.0,True
2011-09-16 15:15:00,EV_018,0.0,0.0,0.0,0.0,True
2011-09-16 15:15:00,EV_019,0.0,0.0,0.0,0.0,True
2011-09-16 15:15:00,EV_020,0.0,0.0,0.0,0.0,True
2011-09-16 15:30:00,EV_001,0.0,0.0,0.0,0.0,True
2011-09-16 15:30:00,EV_002,0.0,0.0,0.0,0.0,True
2011-09-16 15:30:00,EV_003,0.0,0.0,0.0,0.0,True
2011-09-16 15:30:00,EV_004,0.0,0.0,0.0,0.0,True
2011-09-16 15:30:00,EV_005,0.0,0.0,0.0,0.0,True
2011-09-16 15:30:00,EV_006,0.0,0.0,0.0,0.0,True
2011-09-16 15:30:00,EV_007,0.0,0.0,0.0,0.0,True
2011-09-16 15:30:00,EV_008,0.0,0.0,0.0,0.0,True
2011-09-16 15:30:00,EV_009,0.0,0.0,0.0,0.0,True
2011-09-16 15:30:00,EV_010,0.0,0.0,0.0,0.0,True
2011-09-16 15:30:00,EV_011,0.0,0.0,0.0,0.0,True
2011-09-16 15:30:00,EV_012,0.0,0.0,0.0,0.0,True
2011-09-16 15:30:00,EV_013,0.0,0.0,0.0,0.0,True
2011-09-16 15:30:00,EV_014,0.0,0.0,0.0,0.0,True
2011-09-16 15:30:00,EV_015,0.0,0.0,0.0,0.0,True
2011-09-16 15:30:00,EV_016,0.0,0.0,0.0,0.0,True
2011-09-16 15:30:00,EV_017,0.0,0.0,0.0,0.0,True
2011-09-16 15:30:00,EV_018,0.0,0.0,0.0,0.0,True
2011-09-16 15:30:00,EV_019,0.0,0.0,0.0,0.0,True
2011-09-16 15:30:00,EV_020,0.0,0.0,0.0,0.0,True
2011-09-16 15:45:00,EV_001,0.0,0.0,0.0,0.0,True
2011-09-16 15:45:00,EV_002,0.0,0.0,0.0,0.0,True
2011-09-16 15:45:00,EV_003,0.0,0.0,0.0,0.0,True
2011-09-16 15:45:00,EV_004,0.0,0.0,0.0,0.0,True
2011-09-16 15:45:00,EV_005,0.0,0.0,0.0,0.0,True
2011-09-16 15:45:00,EV_006,0.0,0.0,0.0,0.0,True
2011-09-16 15:45:00,EV_007,0.0,0.0,0.0,0.0,True
2011-09-16 15:45:00,EV_008,0.0,0.0,0.0,0.0,True
2011-09-16 15:45:00,EV_009,0.0,0.0,0.0,0.0,True
2011-09-16 15:45:00,EV_010,0.0,0.0,0.0,0.0,True
2011-09-16 15:45:00,EV_011,0.0,0.0,0.0,0.0,True
2011-09-16 15:45:00,EV_012,0.0,0.0,0.0,0.0,True
2011-09-16 15:45:00,EV_013,0.0,0.0,0.0,0.0,True
2011-09-16 15:45:00,EV_014,0.0,0.0,0.0,0.0,True
2011-09-16 15:45:00,EV_015,0.0,0.0,0.0,0.0,True
2011-09-16 15:45:00,EV_016,0.0,0.0,0.0,0.0,True
2011-09-16 15:45:00,EV_017,0.0,0.0,0.0,0.0,True
2011-09-16 15:45:00,EV_018,0.0,0.0,0.0,0.0,True
2011-09-16 15:45:00,EV_019,0.0,0.0,0.0,0.0,True
2011-09-16 15:45:00,EV_020,0.0,0.0,0.0,0.0,True
2011-09-16 16:00:00,EV_001,0.0,0.0,0.0,0.0,True
2011-09-16 16:00:00,EV_002,0.0,0.0,0.0,0.0,True
2011-09-16 16:00:00,EV_003,0.0,0.0,0.0,0.0,True
2011-09-16 16:00:00,EV_004,0.0,0.0,0.0,0.0,True
2011-09-16 16:00:00,EV_005,0.0,0.0,0.0,0.0,True
2011-09-16 16:00:00,EV_006,0.0,0.0,0.0,0.0,True
2011-09-16 16:00:00,EV_007,0.0,0.0,0.0,0.0,True
2011-09-16 16:00:00,EV_008,0.0,0.0,0.0,0.0,True
2011-09-16 16:00:00,EV_009,0.0,0.0,0.0,0.0,True
2011-09-16 16:00:00,EV_010,0.0,0.0,0.0,0.0,True
2011-09-16 16:00:00,EV_011,0.0,0.0,0.0,0.0,True
2011-09-16 16:00:00,EV_012,0.0,0.0,0.0,0.0,True
2011-09-16 16:00:00,EV_013,0.0,0.0,0.0,0.0,True
2011-09-16 16:00:00,EV_014,0.0,0.0,0.0,0.0,True
2011-09-16 16:00:00,EV_015,0.0,0.0,0.0,0.0,True
2011-09-16 16:00:00,EV_016,0.0,0.0,0.0,0.0,True
2011-09-16 16:00:00,EV_017,0.0,0.0,0.0,0.0,True
2011-09-16 16:00:00,EV_018,0.0,0.0,0.0,0.0,True
2011-09-16 16:00:00,EV_019,0.0,0.0,0.0,0.0,True
2011-09-16 16:00:00,EV_020,0.0,0.0,0.0,0.0,True
2011-09-16 16:15:00,EV_001,0.0,0.0,0.0,0.0,True
2011-09-16 16:15:00,EV_002,0.0,0.0,0.0,0.0,True
2011-09-16 16:15:00,EV_003,0.0,0.0,0.0,0.0,True
2011-09-16 16:15:00,EV_004,0.0,0.0,0.0,0.0,True
2011-09-16 16:15:00,EV_005,0.0,0.0,0.0,0.0,True
2011-09-16 16:15:00,EV_006,0.0,0.0,0.0,0.0,True
2011-09-16 16:15:00,EV_007,0.0,0.0,0.0,0.0,True
2011-09-16 16:15:00,EV_008,0.0,0.0,0.0,0.0,True
2011-09-16 16:15:00,EV_009,0.0,0.0,0.0,0.0,True
2011-09-16 16:15:00,EV_010,0.0,0.0,0.0,0.0,True
2011-09-16 16:15:00,EV_011,0.0,0.0,0.0,0.0,True
2011-09-16 16:15:00,EV_012,0.0,0.0,0.0,0.0,True
2011-09-16 16:15:00,EV_013,0.0,0.0,0.0,0.0,True
2011-09-16 16:15:00,EV_014,0.0,0.0,0.0,0.0,True
2011-09-16 16:15:00,EV_015,0.0,0.0,0.0,0.0,True
2011-09-16 16:15:00,EV_016,0.0,0.0,0.0,0.0,True
2011-09-16 16:15:00,EV_017,0.0,0.0,0.0,0.0,True
2011-09-16 16:15:00,EV_018,0.0,0.0,0.0,0.0,True
2011-09-16 16:15:00,EV_019,0.0,0.0,0.0,0.0,True
2011-09-16 16:15:00,EV_020,0.0,0.0,0.0,0.0,True
2011-09-16 16:30:00,EV_001,0.0,0.0,0.0,0.0,True
2011-09-16 16:30:00,EV_002,0.0,0.0,0.0,0.0,True
2011-09-16 16:30:00,EV_003,0.0,0.0,0.0,0.0,True
2011-09-16 16:30:00,EV_004,0.0,0.0,0.0,0.0,True
2011-09-16 16:30:00,EV_005,0.0,0.0,0.0,0.0,True
2011-09-16 16:30:00,EV_006,0.0,0.0,0.0,0.0,True
2011-09-16 16:30:00,EV_007,0.0,0.0,0.0,0.0,True
2011-09-16 16:30:00,EV_008,0.0,0.0,0.0,0.0,True
2011-09-16 16:30:00,EV_009,0.0,0.0,0.0,0.0,True
2011-09-16 16:30:00,EV_010,0.0,0.0,0.0,0.0,True
2011-09-16 16:30:00,EV_011,0.0,0.0,0.0,0.0,True
2011-09-16 16:30:00,EV_012,0.0,0.0,0.0,0.0,True
2011-09-16 16:30:00,EV_013,0.0,0.0,0.0,0.0,True
2011-09-16 16:30:00,EV_014,0.0,0.0,1.44,0.0,True
2011-09-16 16:30:00,EV_015,0.0,0.0,0.0,0.0,True
2011-09-16 16:30:00,EV_016,0.0,0.0,0.0,0.0,True
2011-09-16 16:30:00,EV_017,0.0,0.0,0.0,0.0,True
2011-09-16 16:30:00,EV_018,0.0,0.0,0.0,0.0,True
2011-09-16 16:30:00,EV_019,0.0,0.0,0.0,0.0,True
2011-09-16 16:30:00,EV_020,0.0,0.0,0.0,0.0,True
2011-09-16 16:45:00,EV_001,0.0,0.0,0.0,0.0,True
2011-09-16 16:45:00,EV_002,0.0,0.0,0.0,0.0,True
2011-09-16 16:45:00,EV_003,0.0,0.0,0.0,0.0,True
2011-09-16 16:45:00,EV_004,0.0,0.0,0.0,0.0,True
2011-09-16 16:45:00,EV_005,0.0,0.0,0.0,0.0,True
2011-09-16 16:45:00,EV_006,0.0,0.0,0.0,0.0,True
2011-09-16 16:45:00,EV_007,0.0,0.0,0.0,0.0,True
2011-09-16 16:45:00,EV_008,0.0,0.0,0.0,0.0,True
2011-09-16 16:45:00,EV_009,0.0,0.0,0.0,0.0,True
2011-09-16 16:45:00,EV_010,0.0,0.0,0.0,0.0,True
2011-09-16 16:45:00,EV_011,0.0,0.0,0.0,0.0,True
2011-09-16 16:45:00,EV_012,0.0,0.0,0.0,0.0,True
2011-09-16 16:45:00,EV_013,0.0,0.0,0.0,0.0,True
2011-09-16 16:45:00,EV_014,0.0,0.0,3.2,0.0,True
2011-09-16 16:45:00,EV_015,0.0,0.0,0.0,0.0,True
2011-09-16 16:45:00,EV_016,0.0,0.0,0.0,0.0,True
2011-09-16 16:45:00,EV_017,0.0,0.0,0.0,0.0,True
2011-09-16 16:45:00,EV_018,0.0,0.0,0.0,0.0,True
2011-09-16 16:45:00,EV_019,0.0,0.0,0.0,0.0,True
2011-09-16 16:45:00,EV_020,0.0,0.0,0.0,0.0,True
2011-09-16 17:00:00,EV_001,0.0,0.0,0.0,0.0,True
2011-09-16 17:00:00,EV_002,0.0,0.0,0.0,0.0,True
2011-09-16 17:00:00,EV_003,0.0,0.0,0.0,0.0,True
2011-09-16 17:00:00,EV_004,0.0,0.0,0.0,0.0,True
2011-09-16 17:00:00,EV_005,0.0,0.0,7.4,0.0,True
2011-09-16 17:00:00,EV_006,0.0,0.0,0.0,0.0,True
2011-09-16 17:00:00,EV_007,0.0,0.0,0.0,0.0,True
2011-09-16 17:00:00,EV_008,0.0,0.0,0.0,0.0,True
2011-09-16 17:00:00,EV_009,0.0,0.0,0.0,0.0,True
2011-09-16 17:00:00,EV_010,0.0,0.0,0.0,0.0,True
2011-09-16 17:00:00,EV_011,0.0,0.0,0.0,0.0,True
2011-09-16 17:00:00,EV_012,0.0,0.0,0.0,0.0,True
2011-09-16 17:00:00,EV_013,0.0,0.0,7.4,0.0,True
2011-09-16 17:00:00,EV_014,0.0,0.0,0.0,0.0,True
2011-09-16 17:00:00,EV_015,0.0,0.0,0.0,0.0,True
2011-09-16 17:00:00,EV_016,0.0,0.0,2.96,0.0,True
2011-09-16 17:00:00,EV_017,0.0,0.0,0.0,0.0,True
2011-09-16 17:00:00,EV_018,0.0,0.0,0.0,0.0,True
2011-09-16 17:00:00,EV_019,0.0,0.0,0.0,0.0,True
2011-09-16 17:00:00,EV_020,0.0,0.0,0.0,0.0,True
2011-09-16 17:15:00,EV_001,0.0,0.0,0.0,0.0,True
2011-09-16 17:15:00,EV_002,0.0,0.0,0.0,0.0,True
2011-09-16 17:15:00,EV_003,0.0,0.0,6.32,0.0,True
2011-09-16 17:15:00,EV_004,0.0,0.0,0.0,0.0,True
2011-09-16 17:15:00,EV_005,0.0,0.0,0.0,0.0,True
2011-09-16 17:15:00,EV_006,0.0,0.0,0.0,0.0,True
2011-09-16 17:15:00,EV_007,0.0,0.0,7.4,0.0,True
2011-09-16 17:15:00,EV_008,0.0,0.0,0.0,0.0,True
2011-09-16 17:15:00,EV_009,0.0,0.0,0.0,0.0,True
2011-09-16 17:15:00,EV_010,0.0,0.0,0.0,0.0,True
2011-09-16 17:15:00,EV_011,0.0,0.0,0.0,0.0,True
2011-09-16 17:15:00,EV_012,0.0,0.0,7.4,0.0,True
2011-09-16 17:15:00,EV_013,0.0,0.0,0.0,0.0,True
2011-09-16 17:15:00,EV_014,0.0,0.0,0.0,0.0,True
2011-09-16 17:15:00,EV_015,0.0,0.0,0.0,0.0,True
2011-09-16 17:15:00,EV_016,0.0,0.0,0.0,0.0,True
2011-09-16 17:15:00,EV_017,0.0,0.0,0.0,0.0,True
2011-09-16 17:15:00,EV_018,0.0,0.0,0.0,0.0,True
2011-09-16 17:15:00,EV_019,0.0,0.0,0.0,0.0,True
2011-09-16 17:15:00,EV_020,0.0,0.0,0.0,0.0,True
