timestamp,technical_flexibility_kw,available_flexibility_kw,committed_flexibility_kw,reserved_flexibility_kw,remaining_flexibility_kw,dispatched_flexibility_kw
2011-09-16 13:30:00,39.0,39.0,14.34,12.7,11.96,0.0
2011-09-16 13:45:00,39.0,39.0,15.09,15.0,8.91,0.0
2011-09-16 14:00:00,39.0,39.0,5.19,16.78,17.03,0.0
2011-09-16 14:15:00,39.0,39.0,1.8,18.18,19.02,0.0
2011-09-16 14:30:00,39.0,39.0,0.0,19.8,19.2,0.0
2011-09-16 14:45:00,35.0,35.0,0.0,20.37,14.63,0.0
2011-09-16 15:00:00,35.0,35.0,0.0,21.45,13.55,0.0
2011-09-16 15:15:00,35.0,35.0,0.0,23.11,11.89,0.0
2011-09-16 15:30:00,35.0,35.0,0.0,24.78,10.22,0.0
2011-09-16 15:45:00,35.0,35.0,0.0,25.65,9.35,0.0
2011-09-16 16:00:00,35.0,35.0,0.0,21.74,13.26,0.0
2011-09-16 16:15:00,35.0,35.0,0.0,20.93,14.07,0.0
2011-09-16 16:30:00,72.0,57.2,0.0,20.03,37.17,1.44
2011-09-16 16:45:00,109.0,86.8,0.0,19.02,67.78,3.2
2011-09-16 17:00:00,146.0,123.8,19.85,20.63,83.32,17.76
2011-09-16 17:15:00,183.0,153.4,22.98,19.91,110.51,21.12
