timestamp,upward_flexibility_requirement_kw,downward_flexibility_requirement_kw,shiftable_energy_requirement_kwh,reserve_requirement_kw,constraint_type,affected_feeder_section
2011-09-16 13:30:00,0.0,14.34,0.0,12.7,REVERSE_POWER_FLOW,feeder_trunk_1
2011-09-16 13:45:00,0.0,15.09,0.0,15.0,REVERSE_POWER_FLOW,feeder_trunk_1
2011-09-16 14:00:00,0.0,5.19,0.0,16.78,REVERSE_POWER_FLOW,feeder_trunk_1
2011-09-16 14:15:00,0.0,1.8,0.0,18.18,REVERSE_POWER_FLOW,feeder_trunk_1
2011-09-16 14:30:00,0.0,0.0,0.0,19.8,NONE,NONE
2011-09-16 14:45:00,0.0,0.0,0.0,20.37,NONE,NONE
2011-09-16 15:00:00,0.0,0.0,0.0,21.45,NONE,NONE
2011-09-16 15:15:00,0.0,0.0,0.0,23.11,NONE,NONE
2011-09-16 15:30:00,0.0,0.0,0.0,24.78,NONE,NONE
2011-09-16 15:45:00,0.0,0.0,0.0,25.65,NONE,NONE
2011-09-16 16:00:00,0.0,0.0,0.0,21.74,NONE,NONE
2011-09-16 16:15:00,0.0,0.0,0.0,20.93,NONE,NONE
2011-09-16 16:30:00,0.0,0.0,0.0,20.03,NONE,NONE
2011-09-16 16:45:00,0.0,0.0,0.0,19.02,NONE,NONE
2011-09-16 17:00:00,19.85,0.0,4.96,20.63,EV_CONGESTION,feeder_ev
2011-09-16 17:15:00,22.98,0.0,5.75,19.91,EV_CONGESTION,feeder_ev
