timestamp,target,forecast_mean,forecast_lower,forecast_upper,forecast_uncertainty,forecast_risk,pv_uncertainty_kw,load_uncertainty_kw
2011-09-16 13:30:00,net_load,-39.34,-52.03,-26.64,25.39,WATCH,11.62,22.57
2011-09-16 13:45:00,net_load,-40.09,-55.09,-25.1,29.99,WATCH,16.07,25.32
2011-09-16 14:00:00,net_load,-30.19,-46.97,-13.41,33.56,WATCH,17.64,28.55
2011-09-16 14:15:00,net_load,-26.8,-44.97,-8.62,36.35,WATCH,21.7,29.17
2011-09-16 14:30:00,net_load,-15.81,-35.61,3.99,39.6,NORMAL,24.71,30.94
2011-09-16 14:45:00,net_load,-16.5,-36.87,3.87,40.74,NORMAL,26.81,30.68
2011-09-16 15:00:00,net_load,4.81,-16.64,26.26,42.9,NORMAL,29.72,30.93
2011-09-16 15:15:00,net_load,4.1,-19.01,27.21,46.21,NORMAL,34.55,30.69
2011-09-16 15:30:00,net_load,26.78,2.0,51.56,49.56,NORMAL,38.16,31.62
2011-09-16 15:45:00,net_load,20.44,-5.21,46.08,51.29,NORMAL,40.19,31.87
2011-09-16 16:00:00,net_load,53.04,31.3,74.78,43.47,NORMAL,29.83,31.62
2011-09-16 16:15:00,net_load,57.99,37.06,78.92,41.87,NORMAL,28.23,30.92
2011-09-16 16:30:00,net_load,70.16,50.13,90.2,40.07,NORMAL,25.62,30.81
2011-09-16 16:45:00,net_load,71.77,52.74,90.79,38.05,NORMAL,24.02,29.51
2011-09-16 17:00:00,net_load,84.85,64.22,105.48,41.25,NORMAL,28.17,30.14
2011-09-16 17:15:00,net_load,87.98,68.08,107.89,39.81,NORMAL,27.3,28.98
