timestamp,forecast_origin,horizon_minutes,actual,forecast,lower_bound,upper_bound,model,target
2011-09-16 13:30:00,2011-09-16 13:15:00,15,45.034,49.68852267766397,38.40114978308347,60.97589557224447,HistGradientBoosting,load
2011-09-16 13:45:00,2011-09-16 13:15:00,30,45.034,49.53991095958465,36.87784666386098,62.20197525530833,HistGradientBoosting,load
2011-09-16 14:00:00,2011-09-16 13:15:00,45,51.172,51.659188528013,37.385634081204,65.93274297482199,HistGradientBoosting,load
2011-09-16 14:15:00,2011-09-16 13:15:00,60,51.172,50.94083871326031,36.356619740624,65.52505768589663,HistGradientBoosting,load
2011-09-16 14:30:00,2011-09-16 13:15:00,75,54.468,50.48365727656886,35.01264348899895,65.95467106413878,HistGradientBoosting,load
2011-09-16 14:45:00,2011-09-16 13:15:00,90,54.468,51.71955560933964,36.379919090382,67.05919212829728,HistGradientBoosting,load
2011-09-16 15:00:00,2011-09-16 13:15:00,105,48.468,51.835791135459345,36.371963623913025,67.29961864700567,HistGradientBoosting,load
2011-09-16 15:15:00,2011-09-16 13:15:00,120,48.468,53.41168045160498,38.06498634605461,68.75837455715535,HistGradientBoosting,load
2011-09-16 15:30:00,2011-09-16 13:15:00,135,56.35,56.50375219052022,40.695158329733104,72.31234605130733,HistGradientBoosting,load
2011-09-16 15:45:00,2011-09-16 13:15:00,150,56.35,54.29552455918272,38.359843334683205,70.23120578368223,HistGradientBoosting,load
2011-09-16 16:00:00,2011-09-16 13:15:00,165,56.738,61.00566907999383,45.19364626587405,76.81769189411361,HistGradientBoosting,load
2011-09-16 16:15:00,2011-09-16 13:15:00,180,56.738,63.20985455503721,47.74951523460448,78.67019387546995,HistGradientBoosting,load
2011-09-16 16:30:00,2011-09-16 13:15:00,195,62.442,71.52040388692595,56.11676000226708,86.92404777158481,HistGradientBoosting,load
2011-09-16 16:45:00,2011-09-16 13:15:00,210,62.442,71.76698362267821,57.01161781449052,86.5223494308659,HistGradientBoosting,load
2011-09-16 17:00:00,2011-09-16 13:15:00,225,78.28,84.8505229659658,69.7808425979142,99.92020333401739,HistGradientBoosting,load
2011-09-16 17:15:00,2011-09-16 13:15:00,240,78.28,87.98284840084952,73.49504368722582,102.47065311447322,HistGradientBoosting,load
