timestamp,pv_down_kw,battery_up_kw,battery_down_kw,ev_down_kw,flexible_load_down_kw,total_up_kw,total_down_kw,total_shiftable_kw,participating_der_count,available_der_count
2026-01-15 00:00,0.0,25.0,25.0,0.0,0.0,25.0,25.0,0.0,1,1
2026-01-15 00:15,0.0,25.0,25.0,0.0,0.0,25.0,25.0,0.0,1,1
2026-01-15 00:30,0.0,25.0,25.0,0.0,0.0,25.0,25.0,0.0,1,1
2026-01-15 00:45,0.0,25.0,25.0,0.0,0.0,25.0,25.0,0.0,1,1
2026-01-15 01:00,0.0,25.0,25.0,0.0,0.0,25.0,25.0,0.0,1,1
2026-01-15 01:15,0.0,25.0,25.0,0.0,0.0,25.0,25.0,0.0,1,1
2026-01-15 01:30,0.0,25.0,25.0,0.0,0.0,25.0,25.0,0.0,1,1
2026-01-15 01:45,0.0,25.0,25.0,0.0,0.0,25.0,25.0,0.0,1,1
2026-01-15 02:00,0.0,25.0,25.0,0.0,0.0,25.0,25.0,0.0,1,1
2026-01-15 02:15,0.0,25.0,25.0,0.0,0.0,25.0,25.0,0.0,1,1
2026-01-15 02:30,0.0,25.0,25.0,0.0,0.0,25.0,25.0,0.0,1,1
2026-01-15 02:45,0.0,25.0,25.0,0.0,0.0,25.0,25.0,0.0,1,1
2026-01-15 03:00,0.0,25.0,25.0,0.0,0.0,25.0,25.0,0.0,1,1
2026-01-15 03:15,0.0,25.0,25.0,0.0,0.0,25.0,25.0,0.0,1,1
2026-01-15 03:30,0.0,25.0,25.0,0.0,0.0,25.0,25.0,0.0,1,1
2026-01-15 03:45,0.0,25.0,25.0,0.0,0.0,25.0,25.0,0.0,1,1
2026-01-15 04:00,0.0,25.0,25.0,0.0,0.0,25.0,25.0,0.0,1,1
2026-01-15 04:15,0.0,25.0,25.0,0.0,0.0,25.0,25.0,0.0,1,1
2026-01-15 04:30,0.0,25.0,25.0,0.0,0.0,25.0,25.0,0.0,1,1
2026-01-15 04:45,0.0,25.0,25.0,0.0,0.0,25.0,25.0,0.0,1,1
2026-01-15 05:00,0.0,25.0,25.0,0.0,0.0,25.0,25.0,0.0,1,1
2026-01-15 05:15,0.0,25.0,25.0,0.0,0.0,25.0,25.0,0.0,1,1
2026-01-15 05:30,0.0,25.0,25.0,0.0,0.0,25.0,25.0,0.0,1,2
2026-01-15 05:45,0.0,25.0,25.0,0.0,0.0,25.0,25.0,0.0,1,2
2026-01-15 06:00,0.0,25.0,25.0,0.0,0.0,25.0,25.0,0.0,1,2
2026-01-15 06:15,5.337,25.0,25.0,0.0,0.0,25.0,30.337,0.0,37,62
2026-01-15 06:30,11.742,25.0,25.0,0.0,0.0,25.0,36.742,0.0,37,62
2026-01-15 06:45,18.783,25.0,25.0,0.0,0.0,25.0,43.782,0.0,37,62
2026-01-15 07:00,25.933,25.0,25.0,0.0,0.0,25.0,50.933,0.0,37,62
2026-01-15 07:15,33.228,25.0,25.0,0.0,0.0,25.0,58.228,0.0,37,62
2026-01-15 07:30,40.553,25.0,25.0,0.0,0.0,25.0,65.553,0.0,37,62
2026-01-15 07:45,48.044,25.0,25.0,0.0,0.0,25.0,73.044,0.0,37,62
2026-01-15 08:00,55.311,25.0,25.0,0.0,0.0,25.0,80.311,0.0,37,61
2026-01-15 08:15,62.411,25.0,25.0,0.0,0.0,25.0,87.411,0.0,37,61
2026-01-15 08:30,69.663,25.0,25.0,0.0,0.0,25.0,94.663,0.0,37,61
2026-01-15 08:45,76.252,25.0,25.0,0.0,0.0,25.0,101.252,0.0,37,61
2026-01-15 09:00,82.783,25.0,25.0,0.0,10.0,25.0,117.783,10.0,38,62
2026-01-15 09:15,88.26,25.0,25.0,0.0,10.0,25.0,123.26,10.0,38,62
2026-01-15 09:30,94.481,25.0,25.0,0.0,10.0,25.0,129.481,10.0,38,62
2026-01-15 09:45,100.215,25.0,25.0,0.0,10.0,25.0,135.215,10.0,38,62
2026-01-15 10:00,104.506,25.0,25.0,0.0,10.0,25.0,139.506,10.0,38,62
2026-01-15 10:15,109.22,25.0,25.0,0.0,10.0,25.0,144.22,10.0,38,62
2026-01-15 10:30,113.076,25.0,25.0,0.0,10.0,25.0,148.076,10.0,38,62
2026-01-15 10:45,116.531,25.0,25.0,0.0,10.0,25.0,151.531,10.0,38,62
2026-01-15 11:00,118.845,25.0,25.0,0.0,14.0,25.0,157.845,14.0,39,63
2026-01-15 11:15,121.037,25.0,25.0,0.0,14.0,25.0,160.037,14.0,39,63
2026-01-15 11:30,122.996,25.0,25.0,0.0,14.0,25.0,161.996,14.0,39,63
2026-01-15 11:45,123.875,25.0,25.0,0.0,14.0,25.0,162.875,14.0,39,63
2026-01-15 12:00,123.67,25.0,25.0,0.0,14.0,25.0,162.67,14.0,39,63
2026-01-15 12:15,123.828,25.0,25.0,0.0,14.0,25.0,162.828,14.0,39,63
2026-01-15 12:30,123.241,25.0,25.0,0.0,14.0,25.0,162.241,14.0,39,63
2026-01-15 12:45,123.07,25.0,25.0,0.0,14.0,25.0,162.07,14.0,39,63
2026-01-15 13:00,121.134,25.0,25.0,0.0,14.0,25.0,160.134,14.0,39,63
2026-01-15 13:15,118.785,25.0,25.0,0.0,14.0,25.0,157.785,14.0,39,63
2026-01-15 13:30,116.671,25.0,25.0,0.0,14.0,25.0,155.671,14.0,39,63
2026-01-15 13:45,113.273,25.0,25.0,0.0,14.0,25.0,152.273,14.0,39,63
2026-01-15 14:00,109.732,25.0,25.0,0.0,14.0,25.0,148.732,14.0,39,63
2026-01-15 14:15,104.446,25.0,25.0,0.0,14.0,25.0,143.446,14.0,39,63
2026-01-15 14:30,99.54,25.0,25.0,0.0,10.0,25.0,134.54,10.0,38,62
2026-01-15 14:45,94.44,25.0,25.0,0.0,10.0,25.0,129.44,10.0,38,62
2026-01-15 15:00,88.951,25.0,25.0,0.0,10.0,25.0,123.951,10.0,38,62
2026-01-15 15:15,82.557,25.0,25.0,0.0,10.0,25.0,117.557,10.0,38,62
2026-01-15 15:30,76.262,25.0,25.0,0.0,10.0,25.0,111.262,10.0,38,62
2026-01-15 15:45,69.228,25.0,25.0,0.0,10.0,25.0,104.228,10.0,38,62
2026-01-15 16:00,62.539,25.0,25.0,0.0,10.0,25.0,97.539,10.0,38,62
2026-01-15 16:15,55.404,25.0,25.0,0.0,10.0,25.0,90.404,10.0,38,62
2026-01-15 16:30,47.843,25.0,25.0,7.4,10.0,25.0,90.243,17.4,39,63
2026-01-15 16:45,40.583,25.0,25.0,7.4,10.0,25.0,82.983,17.4,39,63
2026-01-15 17:00,33.188,25.0,25.0,7.4,10.0,25.0,75.588,17.4,39,63
2026-01-15 17:15,25.826,25.0,25.0,14.8,10.0,25.0,75.626,24.8,40,64
2026-01-15 17:30,18.689,25.0,25.0,14.8,0.0,25.0,58.489,14.8,39,64
2026-01-15 17:45,11.752,25.0,25.0,22.2,0.0,25.0,58.952,22.2,40,65
2026-01-15 18:00,5.305,25.0,25.0,22.2,0.0,25.0,52.505,22.2,40,65
2026-01-15 18:15,0.0,25.0,25.0,15.76,0.0,25.0,40.76,15.76,4,7
2026-01-15 18:30,0.0,25.0,25.0,14.8,0.0,25.0,39.8,14.8,3,7
2026-01-15 18:45,0.0,25.0,25.0,22.2,0.0,25.0,47.2,22.2,4,8
2026-01-15 19:00,0.0,25.0,25.0,15.32,0.0,25.0,40.32,15.32,4,8
2026-01-15 19:15,0.0,25.0,25.0,17.96,0.0,25.0,42.96,17.96,4,8
2026-01-15 19:30,0.0,25.0,25.0,14.8,0.0,25.0,39.8,14.8,3,6
2026-01-15 19:45,0.0,25.0,25.0,22.2,0.0,25.0,47.2,22.2,4,7
2026-01-15 20:00,0.0,25.0,25.0,37.0,0.0,25.0,62.0,37.0,6,7
2026-01-15 20:15,0.0,25.0,25.0,37.0,0.0,25.0,62.0,37.0,6,7
2026-01-15 20:30,0.0,25.0,25.0,45.04,0.0,25.0,70.04,45.04,8,9
2026-01-15 20:45,0.0,25.0,25.0,44.4,0.0,25.0,69.4,44.4,7,8
2026-01-15 21:00,0.0,25.0,25.0,48.84,0.0,25.0,73.84,48.84,8,9
2026-01-15 21:15,0.0,25.0,25.0,59.2,0.0,25.0,84.2,59.2,9,9
2026-01-15 21:30,0.0,25.0,25.0,63.44,0.0,25.0,88.44,63.44,10,10
2026-01-15 21:45,0.0,25.0,25.0,59.2,0.0,25.0,84.2,59.2,9,9
2026-01-15 22:00,0.0,25.0,25.0,58.84,0.0,25.0,83.84,58.84,9,10
2026-01-15 22:15,0.0,25.0,25.0,44.6,0.0,25.0,69.6,44.6,8,9
2026-01-15 22:30,0.0,25.0,25.0,48.88,0.0,25.0,73.88,48.88,8,9
2026-01-15 22:45,0.0,25.0,25.0,37.52,0.0,25.0,62.52,37.52,7,8
2026-01-15 23:00,0.0,25.0,25.0,29.6,0.0,25.0,54.6,29.6,5,6
2026-01-15 23:15,0.0,25.0,25.0,25.8,0.0,25.0,50.8,25.8,5,6
2026-01-15 23:30,0.0,25.0,25.0,19.44,0.0,25.0,44.44,19.44,4,5
2026-01-15 23:45,0.0,25.0,25.0,11.2,0.0,25.0,36.2,11.2,3,4
