timestamp,total_load_kw,residential_load_kw,commercial_load_kw,critical_load_kw,ev_load_kw,flexible_load_kw,pv_generation_kw,battery_power_kw,battery_soc,grid_import_kw,grid_export_kw,net_load_kw,transformer_loading_pct,max_line_loading_pct,min_bus_voltage_pu,max_bus_voltage_pu,network_losses_kw,reverse_power_flow
2026-01-15 00:00,26.712,12.542,9.34,4.829,0.0,0.0,0.0,0.0,0.5,27.451,0.0,26.712,11.66,8.42,0.9895,0.9973,0.739,False
2026-01-15 00:15,28.015,12.724,10.55,4.742,0.0,0.0,0.0,0.0,0.5,28.767,0.0,28.015,12.23,8.54,0.9893,0.9972,0.752,False
2026-01-15 00:30,27.408,12.812,9.52,5.075,0.0,0.0,0.0,0.0,0.5,28.154,0.0,27.408,11.96,8.6,0.9892,0.9972,0.747,False
2026-01-15 00:45,29.285,12.687,11.701,4.898,0.0,0.0,0.0,0.0,0.5,30.048,0.0,29.285,12.79,8.52,0.9891,0.997,0.763,False
2026-01-15 01:00,29.338,12.726,11.871,4.741,0.0,0.0,0.0,0.0,0.5,30.101,0.0,29.338,12.81,8.55,0.9892,0.997,0.763,False
2026-01-15 01:15,28.605,13.654,9.864,5.087,0.0,0.0,0.0,0.0,0.5,29.37,0.0,28.605,12.48,9.17,0.9884,0.9971,0.765,False
2026-01-15 01:30,27.835,13.367,9.204,5.263,0.0,0.0,0.0,0.0,0.5,28.588,0.0,27.835,12.14,8.98,0.9889,0.9972,0.753,False
2026-01-15 01:45,28.516,13.089,10.164,5.263,0.0,0.0,0.0,0.0,0.5,29.271,0.0,28.516,12.44,8.79,0.9891,0.9971,0.755,False
2026-01-15 02:00,28.875,13.446,10.285,5.145,0.0,0.0,0.0,0.0,0.5,29.637,0.0,28.875,12.6,9.03,0.9888,0.9971,0.762,False
2026-01-15 02:15,28.651,13.679,9.703,5.269,0.0,0.0,0.0,0.0,0.5,29.412,0.0,28.651,12.49,9.19,0.9887,0.9971,0.762,False
2026-01-15 02:30,30.448,13.534,11.882,5.032,0.0,0.0,0.0,0.0,0.5,31.224,0.0,30.448,13.29,9.09,0.9887,0.9969,0.776,False
2026-01-15 02:45,28.622,13.132,10.367,5.123,0.0,0.0,0.0,0.0,0.5,29.381,0.0,28.622,12.49,8.82,0.9889,0.9971,0.759,False
2026-01-15 03:00,29.889,14.604,9.803,5.482,0.0,0.0,0.0,0.0,0.5,30.669,0.0,29.889,13.02,9.82,0.9878,0.997,0.78,False
2026-01-15 03:15,33.256,15.311,12.632,5.312,0.0,0.0,0.0,0.0,0.5,34.071,0.0,33.256,14.5,10.3,0.9872,0.9966,0.816,False
2026-01-15 03:30,32.271,14.355,12.45,5.466,0.0,0.0,0.0,0.0,0.5,33.07,0.0,32.271,14.07,9.65,0.9878,0.9967,0.799,False
2026-01-15 03:45,33.359,15.814,12.056,5.489,0.0,0.0,0.0,0.0,0.5,34.179,0.0,33.359,14.53,10.64,0.9869,0.9966,0.82,False
2026-01-15 04:00,32.778,17.03,10.149,5.599,0.0,0.0,0.0,0.0,0.5,33.605,0.0,32.778,14.27,11.46,0.9862,0.9967,0.827,False
2026-01-15 04:15,33.528,19.096,8.807,5.625,0.0,0.0,0.0,0.0,0.5,34.391,0.0,33.528,14.58,12.87,0.9846,0.9967,0.863,False
2026-01-15 04:30,39.421,20.822,12.776,5.823,0.0,0.0,0.0,0.0,0.5,40.364,0.0,39.421,17.15,14.05,0.9829,0.996,0.943,False
2026-01-15 04:45,39.783,23.488,10.385,5.91,0.0,0.0,0.0,0.0,0.5,40.777,0.0,39.783,17.3,15.88,0.9811,0.996,0.994,False
2026-01-15 05:00,43.001,27.006,9.763,6.232,0.0,0.0,0.0,0.0,0.5,44.092,0.0,43.001,18.69,18.29,0.9786,0.9957,1.091,False
2026-01-15 05:15,47.379,30.146,10.939,6.294,0.0,0.0,0.0,0.0,0.5,48.585,0.0,47.379,20.6,20.45,0.9762,0.9953,1.206,False
2026-01-15 05:30,55.381,34.322,10.957,6.602,0.0,3.5,0.0,0.0,0.5,56.836,0.0,55.381,23.94,25.52,0.972,0.9947,1.455,False
2026-01-15 05:45,59.031,39.106,9.994,6.431,0.0,3.5,0.0,0.0,0.5,60.692,0.0,59.031,25.56,28.85,0.9686,0.9943,1.661,False
2026-01-15 06:00,66.771,44.435,11.987,6.848,0.0,3.5,0.0,0.0,0.5,68.736,0.0,66.771,28.98,32.6,0.9643,0.9935,1.966,False
2026-01-15 06:15,71.191,49.613,11.294,6.785,0.0,3.5,9.074,0.0,0.5,63.899,0.0,62.117,27.33,30.49,0.967,0.9935,1.781,False
2026-01-15 06:30,77.095,53.756,12.559,7.28,0.0,3.5,20.04,0.0,0.5,58.57,0.0,57.055,25.65,26.66,0.9718,0.9935,1.515,False
2026-01-15 06:45,85.27,59.101,15.633,7.036,0.0,3.5,31.89,0.0,0.5,54.734,0.0,53.381,24.78,23.45,0.976,0.9932,1.353,False
2026-01-15 07:00,86.77,61.732,13.93,7.608,0.0,3.5,44.091,0.0,0.5,43.785,0.0,42.678,21.03,18.83,0.9828,0.9936,1.106,False
2026-01-15 07:15,92.942,65.277,16.546,7.619,0.0,3.5,56.539,0.0,0.5,37.438,0.0,36.403,19.53,15.83,0.9877,0.9936,1.036,False
2026-01-15 07:30,99.806,66.838,21.502,7.966,0.0,3.5,69.099,0.0,0.5,31.79,0.0,30.706,18.63,14.96,0.9881,0.9956,1.083,False
2026-01-15 07:45,102.682,66.239,24.713,8.23,0.0,3.5,81.832,0.0,0.5,22.102,0.0,20.85,16.64,17.2,0.9875,1.0043,1.253,False
2026-01-15 08:00,104.243,64.408,31.21,8.625,0.0,0.0,94.093,0.0,0.5,11.876,0.0,10.15,15.78,22.86,0.986,1.0142,1.726,False
2026-01-15 08:15,109.675,62.275,38.339,9.06,0.0,0.0,106.438,0.0,0.5,5.639,0.0,3.237,16.25,30.3,0.9841,1.0227,2.402,False
2026-01-15 08:30,116.1,59.684,47.084,9.332,0.0,0.0,118.502,0.0,0.5,0.957,0.0,-2.403,17.37,38.32,0.9816,1.0315,3.36,False
2026-01-15 08:45,118.982,55.937,53.43,9.615,0.0,0.0,129.754,0.0,0.5,0.0,6.326,-10.772,18.27,46.7,0.9801,1.0402,4.446,True
2026-01-15 09:00,127.907,51.282,56.63,9.996,0.0,10.0,141.134,0.0,0.5,0.0,7.206,-13.226,18.44,55.72,0.977,1.0498,6.02,True
2026-01-15 09:15,125.979,47.599,58.342,10.037,0.0,10.0,151.007,0.0,0.5,0.0,17.825,-25.028,19.51,63.36,0.977,1.0578,7.203,True
2026-01-15 09:30,128.218,43.145,64.605,10.469,0.0,10.0,160.956,0.0,0.5,0.0,23.914,-32.738,21.17,71.45,0.9755,1.0661,8.824,True
2026-01-15 09:45,130.539,40.435,69.239,10.865,0.0,10.0,170.508,0.0,0.5,0.0,29.676,-39.97,22.86,78.35,0.9743,1.0729,10.294,True
2026-01-15 10:00,128.451,37.95,69.857,10.644,0.0,10.0,178.096,0.0,0.5,0.0,38.168,-49.646,24.74,83.92,0.9746,1.0791,11.478,True
2026-01-15 10:15,125.765,35.853,68.613,11.298,0.0,10.0,186.033,0.0,0.5,0.0,47.641,-60.268,27.09,89.45,0.9754,1.0851,12.628,True
2026-01-15 10:30,124.815,33.417,70.185,11.213,0.0,10.0,192.538,0.0,0.5,0.0,53.91,-67.724,28.98,94.36,0.9753,1.0903,13.813,True
2026-01-15 10:45,127.966,32.538,73.878,11.55,0.0,10.0,198.859,0.0,0.5,0.0,56.0,-70.894,30.05,98.36,0.9742,1.0938,14.894,True
2026-01-15 11:00,134.899,32.155,77.009,11.736,0.0,14.0,203.028,0.0,0.5,0.0,52.989,-68.129,29.5,98.67,0.973,1.0941,15.14,True
2026-01-15 11:15,133.013,32.536,74.794,11.683,0.0,14.0,206.604,0.0,0.5,0.0,58.121,-73.591,30.85,100.41,0.974,1.0961,15.47,True
2026-01-15 11:30,136.424,32.067,78.357,12.0,0.0,14.0,209.36,0.0,0.5,0.0,56.818,-72.936,30.87,102.18,0.9727,1.0978,16.118,True
2026-01-15 11:45,137.46,31.758,79.803,11.899,0.0,14.0,211.155,0.0,0.5,0.0,57.246,-73.695,31.15,103.36,0.9723,1.0987,16.448,True
2026-01-15 12:00,139.806,32.358,81.448,12.0,0.0,14.0,211.082,0.0,0.5,0.0,54.817,-71.277,30.69,103.01,0.9716,1.0982,16.46,True
2026-01-15 12:15,139.181,31.643,81.538,12.0,0.0,14.0,211.276,0.0,0.5,0.0,55.479,-72.095,30.84,103.47,0.9716,1.0989,16.617,True
2026-01-15 12:30,140.287,32.629,81.657,12.0,0.0,14.0,210.083,0.0,0.5,0.0,53.509,-69.796,30.35,102.33,0.9715,1.0974,16.288,True
2026-01-15 12:45,139.858,32.202,81.657,11.999,0.0,14.0,209.587,0.0,0.5,0.0,53.451,-69.729,30.29,102.28,0.9715,1.0974,16.279,True
2026-01-15 13:00,139.758,32.394,81.657,11.707,0.0,14.0,207.053,0.0,0.5,0.0,51.395,-67.295,29.67,100.79,0.9714,1.0959,15.9,True
2026-01-15 13:15,139.963,32.868,81.657,11.438,0.0,14.0,202.625,0.0,0.5,0.0,47.409,-62.662,28.54,98.1,0.9713,1.0932,15.252,True
2026-01-15 13:30,139.93,32.827,81.657,11.445,0.0,14.0,198.623,0.0,0.5,0.0,43.996,-58.694,27.58,95.94,0.9711,1.0907,14.697,True
2026-01-15 13:45,140.769,33.6,81.657,11.511,0.0,14.0,193.072,0.0,0.5,0.0,38.424,-52.303,26.21,92.47,0.9709,1.0871,13.879,True
2026-01-15 14:00,139.46,32.917,81.657,10.886,0.0,14.0,186.922,0.0,0.5,0.0,34.267,-47.461,25.05,89.41,0.9708,1.0841,13.194,True
2026-01-15 14:15,140.381,33.803,81.657,10.921,0.0,14.0,178.373,0.0,0.5,0.0,25.956,-37.992,23.36,84.19,0.9704,1.0784,12.035,True
2026-01-15 14:30,136.321,34.32,81.657,10.344,0.0,10.0,170.148,0.0,0.5,0.0,22.323,-33.827,22.68,81.53,0.9702,1.0755,11.504,True
2026-01-15 14:45,136.391,34.612,81.657,10.122,0.0,10.0,160.71,0.0,0.5,0.0,13.884,-24.318,21.45,76.05,0.9699,1.0698,10.435,True
2026-01-15 15:00,136.56,34.8,81.657,10.104,0.0,10.0,151.574,0.0,0.5,0.0,5.567,-15.014,20.76,70.79,0.9695,1.0641,9.447,True
2026-01-15 15:15,136.38,35.284,81.657,9.439,0.0,10.0,140.976,0.0,0.5,3.792,0.0,-4.596,20.59,64.46,0.9692,1.0574,8.388,False
2026-01-15 15:30,137.928,36.928,81.657,9.343,0.0,10.0,130.094,0.0,0.5,15.148,0.0,7.834,21.53,64.0,0.9686,1.0497,7.314,False
2026-01-15 15:45,138.937,39.34,80.634,8.963,0.0,10.0,117.967,0.0,0.5,27.127,0.0,20.97,23.37,63.3,0.9683,1.0406,6.157,False
2026-01-15 16:00,139.922,40.239,80.924,8.758,0.0,10.0,106.681,0.0,0.5,38.65,0.0,33.242,25.93,63.55,0.9677,1.033,5.409,False
2026-01-15 16:15,141.88,43.177,80.489,8.215,0.0,10.0,94.291,0.0,0.5,52.165,0.0,47.59,29.65,63.28,0.9671,1.0228,4.575,False
2026-01-15 16:30,151.738,46.879,79.384,8.076,7.4,10.0,81.785,0.0,0.5,73.852,0.0,69.953,36.87,62.56,0.966,1.0098,3.899,False
2026-01-15 16:45,153.721,50.787,77.861,7.673,7.4,10.0,69.189,0.0,0.5,88.072,0.0,84.532,41.74,61.5,0.9657,0.9989,3.54,False
2026-01-15 17:00,155.178,54.901,75.366,7.511,7.4,10.0,56.448,0.0,0.5,102.133,0.0,98.729,46.7,59.73,0.9656,0.9875,3.404,False
2026-01-15 17:15,167.337,58.931,76.327,7.279,14.8,10.0,44.16,0.0,0.5,127.209,0.0,123.177,56.39,60.54,0.9636,0.9852,4.032,False
2026-01-15 17:30,163.806,64.123,70.538,6.945,22.2,0.0,31.889,0.0,0.5,136.265,0.0,131.916,59.86,50.14,0.9589,0.9847,4.349,False
2026-01-15 17:45,172.75,69.364,66.792,6.993,29.6,0.0,20.018,0.0,0.5,158.672,0.0,152.732,68.56,55.86,0.9433,0.9833,5.94,False
2026-01-15 18:00,176.949,75.01,65.793,6.546,29.6,0.0,9.047,0.0,0.5,175.41,0.0,167.902,75.15,67.32,0.9308,0.9822,7.508,False
2026-01-15 18:15,189.698,80.012,65.226,6.5,37.96,0.0,0.0,0.0,0.5,199.883,0.0,189.698,85.04,83.39,0.9162,0.9805,10.185,False
2026-01-15 18:30,197.659,85.305,61.952,6.002,44.4,0.0,0.0,0.0,0.5,209.304,0.0,197.659,88.91,92.2,0.9094,0.9797,11.645,False
2026-01-15 18:45,205.648,89.203,58.435,6.21,51.8,0.0,0.0,0.0,0.5,218.822,0.0,205.648,92.81,100.74,0.9036,0.979,13.173,False
2026-01-15 19:00,195.226,93.021,51.123,6.162,44.92,0.0,0.0,0.0,0.5,207.609,0.0,195.226,88.02,98.49,0.9041,0.9801,12.382,False
2026-01-15 19:15,194.7,96.614,45.008,5.719,47.36,0.0,0.0,0.0,0.5,207.765,0.0,194.7,87.96,103.08,0.9008,0.9802,13.064,False
2026-01-15 19:30,179.471,98.124,38.628,5.72,37.0,0.0,0.0,0.0,0.5,190.984,0.0,179.471,80.86,96.44,0.9047,0.9818,11.513,False
2026-01-15 19:45,172.847,100.189,32.643,5.654,34.36,0.0,0.0,0.0,0.5,184.114,0.0,172.847,77.88,96.04,0.9046,0.9825,11.267,False
2026-01-15 20:00,175.523,100.334,25.42,5.369,44.4,0.0,0.0,0.0,0.5,187.98,0.0,175.523,79.27,103.54,0.9011,0.9825,12.457,False
2026-01-15 20:15,170.573,99.337,21.478,5.359,44.4,0.0,0.0,0.0,0.5,182.688,0.0,170.573,76.96,102.68,0.9026,0.983,12.115,False
2026-01-15 20:30,172.228,97.204,17.412,5.172,52.44,0.0,0.0,0.0,0.5,185.056,0.0,172.228,77.78,106.97,0.9016,0.983,12.828,False
2026-01-15 20:45,165.186,93.66,14.567,5.159,51.8,0.0,0.0,0.0,0.5,177.245,0.0,165.186,74.43,103.68,0.9048,0.9838,12.059,False
2026-01-15 21:00,159.537,89.63,13.732,4.974,51.2,0.0,0.0,0.0,0.5,170.774,0.0,159.537,71.67,100.03,0.9086,0.9845,11.238,False
2026-01-15 21:15,162.019,84.723,12.863,5.234,59.2,0.0,0.0,0.0,0.5,173.658,0.0,162.019,72.76,102.2,0.9092,0.9844,11.639,False
2026-01-15 21:30,160.486,79.8,11.927,5.319,63.44,0.0,0.0,0.0,0.5,171.936,0.0,160.486,71.95,101.52,0.9117,0.9846,11.451,False
2026-01-15 21:45,149.785,73.546,11.814,5.225,59.2,0.0,0.0,0.0,0.5,159.626,0.0,149.785,66.78,93.5,0.9185,0.9857,9.84,False
2026-01-15 22:00,150.044,67.683,10.982,5.138,66.24,0.0,0.0,0.0,0.5,160.047,0.0,150.044,66.84,94.24,0.9203,0.9858,10.003,False
2026-01-15 22:15,131.869,61.83,13.067,4.972,52.0,0.0,0.0,0.0,0.5,139.184,0.0,131.869,58.22,79.28,0.931,0.9876,7.315,False
2026-01-15 22:30,129.366,55.985,11.644,5.457,56.28,0.0,0.0,0.0,0.5,136.472,0.0,129.366,56.98,78.0,0.934,0.9879,7.106,False
2026-01-15 22:45,111.651,49.719,11.82,5.192,44.92,0.0,0.0,0.0,0.5,116.811,0.0,111.651,48.81,65.15,0.9439,0.9896,5.161,False
2026-01-15 23:00,99.502,44.875,12.525,5.102,37.0,0.0,0.0,0.0,0.5,103.52,0.0,99.502,43.3,56.02,0.9507,0.9907,4.018,False
2026-01-15 23:15,88.998,40.098,10.605,5.096,33.2,0.0,0.0,0.0,0.5,92.304,0.0,88.998,38.58,49.91,0.9562,0.9917,3.305,False
2026-01-15 23:30,78.268,34.742,11.775,4.912,26.84,0.0,0.0,0.0,0.5,80.809,0.0,78.268,33.83,41.71,0.9624,0.9927,2.541,False
2026-01-15 23:45,64.589,31.208,9.925,4.856,18.6,0.0,0.0,0.0,0.5,66.461,0.0,64.589,27.86,33.59,0.9686,0.9939,1.872,False
