timestamp,scenario,case,transformer_id,loading_percent,p_hv_kw,p_lv_kw,q_hv_kvar,q_lv_kvar
2011-09-16 13:30:00,NORMAL_DAY,CASE_A_BASELINE,DT_11_0.415_250kVA,55.82,-137.24,138.7,21.9,-18.74
2011-09-16 13:45:00,NORMAL_DAY,CASE_A_BASELINE,DT_11_0.415_250kVA,56.36,-138.61,140.08,21.95,-18.74
2011-09-16 14:00:00,NORMAL_DAY,CASE_A_BASELINE,DT_11_0.415_250kVA,49.19,-120.54,121.8,21.39,-18.9
2011-09-16 14:15:00,NORMAL_DAY,CASE_A_BASELINE,DT_11_0.415_250kVA,45.97,-112.47,113.65,20.64,-18.44
2011-09-16 14:30:00,NORMAL_DAY,CASE_A_BASELINE,DT_11_0.415_250kVA,37.81,-91.97,92.96,19.33,-17.79
2011-09-16 14:45:00,NORMAL_DAY,CASE_A_BASELINE,DT_11_0.415_250kVA,39.06,-95.04,96.06,19.91,-18.27
2011-09-16 15:00:00,NORMAL_DAY,CASE_A_BASELINE,DT_11_0.415_250kVA,20.8,-48.23,48.95,18.05,-17.47
2011-09-16 15:15:00,NORMAL_DAY,CASE_A_BASELINE,DT_11_0.415_250kVA,22.27,-51.91,52.65,18.69,-18.04
2011-09-16 15:30:00,NORMAL_DAY,CASE_A_BASELINE,DT_11_0.415_250kVA,7.7,-3.86,4.47,18.87,-18.63
2011-09-16 15:45:00,NORMAL_DAY,CASE_A_BASELINE,DT_11_0.415_250kVA,9.74,-15.74,16.36,18.23,-17.97
2011-09-16 16:00:00,NORMAL_DAY,CASE_A_BASELINE,DT_11_0.415_250kVA,23.01,53.58,-52.84,20.93,-20.25
2011-09-16 16:15:00,NORMAL_DAY,CASE_A_BASELINE,DT_11_0.415_250kVA,26.62,62.84,-62.05,21.91,-21.06
2011-09-16 16:30:00,NORMAL_DAY,CASE_A_BASELINE,DT_11_0.415_250kVA,34.82,83.18,-82.26,25.67,-24.34
2011-09-16 16:45:00,NORMAL_DAY,CASE_A_BASELINE,DT_11_0.415_250kVA,37.08,88.87,-87.9,26.34,-24.85
2011-09-16 17:00:00,NORMAL_DAY,CASE_A_BASELINE,DT_11_0.415_250kVA,49.64,119.02,-117.75,35.11,-32.58
2011-09-16 17:15:00,NORMAL_DAY,CASE_A_BASELINE,DT_11_0.415_250kVA,52.65,126.23,-124.88,37.26,-34.43
2011-09-16 13:30:00,NORMAL_DAY,CASE_B_GRIDFLEX,DT_11_0.415_250kVA,55.82,-137.24,138.7,21.9,-18.74
2011-09-16 13:45:00,NORMAL_DAY,CASE_B_GRIDFLEX,DT_11_0.415_250kVA,56.36,-138.61,140.08,21.95,-18.74
2011-09-16 14:00:00,NORMAL_DAY,CASE_B_GRIDFLEX,DT_11_0.415_250kVA,49.19,-120.54,121.8,21.39,-18.9
2011-09-16 14:15:00,NORMAL_DAY,CASE_B_GRIDFLEX,DT_11_0.415_250kVA,45.97,-112.47,113.65,20.64,-18.44
2011-09-16 14:30:00,NORMAL_DAY,CASE_B_GRIDFLEX,DT_11_0.415_250kVA,37.81,-91.97,92.96,19.33,-17.79
2011-09-16 14:45:00,NORMAL_DAY,CASE_B_GRIDFLEX,DT_11_0.415_250kVA,39.06,-95.04,96.06,19.91,-18.27
2011-09-16 15:00:00,NORMAL_DAY,CASE_B_GRIDFLEX,DT_11_0.415_250kVA,20.8,-48.23,48.95,18.05,-17.47
2011-09-16 15:15:00,NORMAL_DAY,CASE_B_GRIDFLEX,DT_11_0.415_250kVA,22.27,-51.91,52.65,18.69,-18.04
2011-09-16 15:30:00,NORMAL_DAY,CASE_B_GRIDFLEX,DT_11_0.415_250kVA,7.7,-3.86,4.47,18.87,-18.63
2011-09-16 15:45:00,NORMAL_DAY,CASE_B_GRIDFLEX,DT_11_0.415_250kVA,9.74,-15.74,16.36,18.23,-17.97
2011-09-16 16:00:00,NORMAL_DAY,CASE_B_GRIDFLEX,DT_11_0.415_250kVA,23.01,53.58,-52.84,20.93,-20.25
2011-09-16 16:15:00,NORMAL_DAY,CASE_B_GRIDFLEX,DT_11_0.415_250kVA,26.62,62.84,-62.05,21.91,-21.06
2011-09-16 16:30:00,NORMAL_DAY,CASE_B_GRIDFLEX,DT_11_0.415_250kVA,34.2,81.67,-80.75,25.32,-24.03
2011-09-16 16:45:00,NORMAL_DAY,CASE_B_GRIDFLEX,DT_11_0.415_250kVA,35.69,85.49,-84.54,25.56,-24.17
2011-09-16 17:00:00,NORMAL_DAY,CASE_B_GRIDFLEX,DT_11_0.415_250kVA,41.78,99.87,-98.8,30.56,-28.72
2011-09-16 17:15:00,NORMAL_DAY,CASE_B_GRIDFLEX,DT_11_0.415_250kVA,43.25,103.35,-102.24,31.78,-29.82
2011-09-16 13:30:00,PARTICIPATION,GRIDFLEX_100PCT,DT_11_0.415_250kVA,55.82,-137.24,138.7,21.9,-18.74
2011-09-16 13:45:00,PARTICIPATION,GRIDFLEX_100PCT,DT_11_0.415_250kVA,56.36,-138.61,140.08,21.95,-18.74
2011-09-16 14:00:00,PARTICIPATION,GRIDFLEX_100PCT,DT_11_0.415_250kVA,49.19,-120.54,121.8,21.39,-18.9
2011-09-16 14:15:00,PARTICIPATION,GRIDFLEX_100PCT,DT_11_0.415_250kVA,45.97,-112.47,113.65,20.64,-18.44
2011-09-16 14:30:00,PARTICIPATION,GRIDFLEX_100PCT,DT_11_0.415_250kVA,37.81,-91.97,92.96,19.33,-17.79
2011-09-16 14:45:00,PARTICIPATION,GRIDFLEX_100PCT,DT_11_0.415_250kVA,39.06,-95.04,96.06,19.91,-18.27
2011-09-16 15:00:00,PARTICIPATION,GRIDFLEX_100PCT,DT_11_0.415_250kVA,20.8,-48.23,48.95,18.05,-17.47
2011-09-16 15:15:00,PARTICIPATION,GRIDFLEX_100PCT,DT_11_0.415_250kVA,22.27,-51.91,52.65,18.69,-18.04
2011-09-16 15:30:00,PARTICIPATION,GRIDFLEX_100PCT,DT_11_0.415_250kVA,7.7,-3.86,4.47,18.87,-18.63
2011-09-16 15:45:00,PARTICIPATION,GRIDFLEX_100PCT,DT_11_0.415_250kVA,9.74,-15.74,16.36,18.23,-17.97
2011-09-16 16:00:00,PARTICIPATION,GRIDFLEX_100PCT,DT_11_0.415_250kVA,23.01,53.58,-52.84,20.93,-20.25
2011-09-16 16:15:00,PARTICIPATION,GRIDFLEX_100PCT,DT_11_0.415_250kVA,26.62,62.84,-62.05,21.91,-21.06
2011-09-16 16:30:00,PARTICIPATION,GRIDFLEX_100PCT,DT_11_0.415_250kVA,34.2,81.67,-80.75,25.32,-24.03
2011-09-16 16:45:00,PARTICIPATION,GRIDFLEX_100PCT,DT_11_0.415_250kVA,35.69,85.49,-84.54,25.56,-24.17
2011-09-16 17:00:00,PARTICIPATION,GRIDFLEX_100PCT,DT_11_0.415_250kVA,41.78,99.87,-98.8,30.56,-28.72
2011-09-16 17:15:00,PARTICIPATION,GRIDFLEX_100PCT,DT_11_0.415_250kVA,43.25,103.35,-102.24,31.78,-29.82
2011-09-16 13:30:00,PARTICIPATION,GRIDFLEX_70PCT,DT_11_0.415_250kVA,55.82,-137.24,138.7,21.9,-18.74
2011-09-16 13:45:00,PARTICIPATION,GRIDFLEX_70PCT,DT_11_0.415_250kVA,56.36,-138.61,140.08,21.95,-18.74
2011-09-16 14:00:00,PARTICIPATION,GRIDFLEX_70PCT,DT_11_0.415_250kVA,49.19,-120.54,121.8,21.39,-18.9
2011-09-16 14:15:00,PARTICIPATION,GRIDFLEX_70PCT,DT_11_0.415_250kVA,45.97,-112.47,113.65,20.64,-18.44
2011-09-16 14:30:00,PARTICIPATION,GRIDFLEX_70PCT,DT_11_0.415_250kVA,37.81,-91.97,92.96,19.33,-17.79
2011-09-16 14:45:00,PARTICIPATION,GRIDFLEX_70PCT,DT_11_0.415_250kVA,39.06,-95.04,96.06,19.91,-18.27
2011-09-16 15:00:00,PARTICIPATION,GRIDFLEX_70PCT,DT_11_0.415_250kVA,20.8,-48.23,48.95,18.05,-17.47
2011-09-16 15:15:00,PARTICIPATION,GRIDFLEX_70PCT,DT_11_0.415_250kVA,22.27,-51.91,52.65,18.69,-18.04
2011-09-16 15:30:00,PARTICIPATION,GRIDFLEX_70PCT,DT_11_0.415_250kVA,7.7,-3.86,4.47,18.87,-18.63
2011-09-16 15:45:00,PARTICIPATION,GRIDFLEX_70PCT,DT_11_0.415_250kVA,9.74,-15.74,16.36,18.23,-17.97
2011-09-16 16:00:00,PARTICIPATION,GRIDFLEX_70PCT,DT_11_0.415_250kVA,23.01,53.58,-52.84,20.93,-20.25
2011-09-16 16:15:00,PARTICIPATION,GRIDFLEX_70PCT,DT_11_0.415_250kVA,26.62,62.84,-62.05,21.91,-21.06
2011-09-16 16:30:00,PARTICIPATION,GRIDFLEX_70PCT,DT_11_0.415_250kVA,34.2,81.67,-80.75,25.32,-24.03
2011-09-16 16:45:00,PARTICIPATION,GRIDFLEX_70PCT,DT_11_0.415_250kVA,35.69,85.49,-84.54,25.56,-24.17
2011-09-16 17:00:00,PARTICIPATION,GRIDFLEX_70PCT,DT_11_0.415_250kVA,43.07,103.03,-101.93,31.31,-29.36
2011-09-16 17:15:00,PARTICIPATION,GRIDFLEX_70PCT,DT_11_0.415_250kVA,46.03,110.13,-108.96,33.39,-31.19
2011-09-16 13:30:00,PARTICIPATION,GRIDFLEX_40PCT,DT_11_0.415_250kVA,55.82,-137.24,138.7,21.9,-18.74
2011-09-16 13:45:00,PARTICIPATION,GRIDFLEX_40PCT,DT_11_0.415_250kVA,56.36,-138.61,140.08,21.95,-18.74
2011-09-16 14:00:00,PARTICIPATION,GRIDFLEX_40PCT,DT_11_0.415_250kVA,49.19,-120.54,121.8,21.39,-18.9
2011-09-16 14:15:00,PARTICIPATION,GRIDFLEX_40PCT,DT_11_0.415_250kVA,45.97,-112.47,113.65,20.64,-18.44
2011-09-16 14:30:00,PARTICIPATION,GRIDFLEX_40PCT,DT_11_0.415_250kVA,37.81,-91.97,92.96,19.33,-17.79
2011-09-16 14:45:00,PARTICIPATION,GRIDFLEX_40PCT,DT_11_0.415_250kVA,39.06,-95.04,96.06,19.91,-18.27
2011-09-16 15:00:00,PARTICIPATION,GRIDFLEX_40PCT,DT_11_0.415_250kVA,20.8,-48.23,48.95,18.05,-17.47
2011-09-16 15:15:00,PARTICIPATION,GRIDFLEX_40PCT,DT_11_0.415_250kVA,22.27,-51.91,52.65,18.69,-18.04
2011-09-16 15:30:00,PARTICIPATION,GRIDFLEX_40PCT,DT_11_0.415_250kVA,7.7,-3.86,4.47,18.87,-18.63
2011-09-16 15:45:00,PARTICIPATION,GRIDFLEX_40PCT,DT_11_0.415_250kVA,9.74,-15.74,16.36,18.23,-17.97
2011-09-16 16:00:00,PARTICIPATION,GRIDFLEX_40PCT,DT_11_0.415_250kVA,23.01,53.58,-52.84,20.93,-20.25
2011-09-16 16:15:00,PARTICIPATION,GRIDFLEX_40PCT,DT_11_0.415_250kVA,26.62,62.84,-62.05,21.91,-21.06
2011-09-16 16:30:00,PARTICIPATION,GRIDFLEX_40PCT,DT_11_0.415_250kVA,34.2,81.67,-80.75,25.32,-24.03
2011-09-16 16:45:00,PARTICIPATION,GRIDFLEX_40PCT,DT_11_0.415_250kVA,35.69,85.49,-84.54,25.56,-24.17
2011-09-16 17:00:00,PARTICIPATION,GRIDFLEX_40PCT,DT_11_0.415_250kVA,43.07,103.03,-101.93,31.31,-29.36
2011-09-16 17:15:00,PARTICIPATION,GRIDFLEX_40PCT,DT_11_0.415_250kVA,52.65,126.23,-124.88,37.26,-34.43
2011-09-16 13:30:00,CLOUD_EVENT,CASE_A_BASELINE_CLOUD,DT_11_0.415_250kVA,55.82,-137.24,138.7,21.9,-18.74
2011-09-16 13:45:00,CLOUD_EVENT,CASE_A_BASELINE_CLOUD,DT_11_0.415_250kVA,56.36,-138.61,140.08,21.95,-18.74
2011-09-16 14:00:00,CLOUD_EVENT,CASE_A_BASELINE_CLOUD,DT_11_0.415_250kVA,49.19,-120.54,121.8,21.39,-18.9
2011-09-16 14:15:00,CLOUD_EVENT,CASE_A_BASELINE_CLOUD,DT_11_0.415_250kVA,45.97,-112.47,113.65,20.64,-18.44
2011-09-16 14:30:00,CLOUD_EVENT,CASE_A_BASELINE_CLOUD,DT_11_0.415_250kVA,37.81,-91.97,92.96,19.33,-17.79
2011-09-16 14:45:00,CLOUD_EVENT,CASE_A_BASELINE_CLOUD,DT_11_0.415_250kVA,39.06,-95.04,96.06,19.91,-18.27
2011-09-16 15:00:00,CLOUD_EVENT,CASE_A_BASELINE_CLOUD,DT_11_0.415_250kVA,13.5,28.9,-28.25,17.43,-17.09
2011-09-16 15:15:00,CLOUD_EVENT,CASE_A_BASELINE_CLOUD,DT_11_0.415_250kVA,13.58,28.83,-28.18,17.95,-17.6
2011-09-16 15:30:00,CLOUD_EVENT,CASE_A_BASELINE_CLOUD,DT_11_0.415_250kVA,20.14,46.52,-45.82,19.27,-18.71
2011-09-16 15:45:00,CLOUD_EVENT,CASE_A_BASELINE_CLOUD,DT_11_0.415_250kVA,18.03,41.14,-40.45,18.43,-17.95
2011-09-16 16:00:00,CLOUD_EVENT,CASE_A_BASELINE_CLOUD,DT_11_0.415_250kVA,23.01,53.58,-52.84,20.93,-20.25
2011-09-16 16:15:00,CLOUD_EVENT,CASE_A_BASELINE_CLOUD,DT_11_0.415_250kVA,26.62,62.84,-62.05,21.91,-21.06
2011-09-16 16:30:00,CLOUD_EVENT,CASE_A_BASELINE_CLOUD,DT_11_0.415_250kVA,34.82,83.18,-82.26,25.67,-24.34
2011-09-16 16:45:00,CLOUD_EVENT,CASE_A_BASELINE_CLOUD,DT_11_0.415_250kVA,37.08,88.87,-87.9,26.34,-24.85
2011-09-16 17:00:00,CLOUD_EVENT,CASE_A_BASELINE_CLOUD,DT_11_0.415_250kVA,49.64,119.02,-117.75,35.11,-32.58
2011-09-16 17:15:00,CLOUD_EVENT,CASE_A_BASELINE_CLOUD,DT_11_0.415_250kVA,52.65,126.23,-124.88,37.26,-34.43
2011-09-16 13:30:00,CLOUD_EVENT,CASE_B_GRIDFLEX_CLOUD,DT_11_0.415_250kVA,55.82,-137.24,138.7,21.9,-18.74
2011-09-16 13:45:00,CLOUD_EVENT,CASE_B_GRIDFLEX_CLOUD,DT_11_0.415_250kVA,56.36,-138.61,140.08,21.95,-18.74
2011-09-16 14:00:00,CLOUD_EVENT,CASE_B_GRIDFLEX_CLOUD,DT_11_0.415_250kVA,49.19,-120.54,121.8,21.39,-18.9
2011-09-16 14:15:00,CLOUD_EVENT,CASE_B_GRIDFLEX_CLOUD,DT_11_0.415_250kVA,45.97,-112.47,113.65,20.64,-18.44
2011-09-16 14:30:00,CLOUD_EVENT,CASE_B_GRIDFLEX_CLOUD,DT_11_0.415_250kVA,37.81,-91.97,92.96,19.33,-17.79
2011-09-16 14:45:00,CLOUD_EVENT,CASE_B_GRIDFLEX_CLOUD,DT_11_0.415_250kVA,39.06,-95.04,96.06,19.91,-18.27
2011-09-16 15:00:00,CLOUD_EVENT,CASE_B_GRIDFLEX_CLOUD,DT_11_0.415_250kVA,13.5,28.9,-28.25,17.43,-17.09
2011-09-16 15:15:00,CLOUD_EVENT,CASE_B_GRIDFLEX_CLOUD,DT_11_0.415_250kVA,13.58,28.83,-28.18,17.95,-17.6
2011-09-16 15:30:00,CLOUD_EVENT,CASE_B_GRIDFLEX_CLOUD,DT_11_0.415_250kVA,20.14,46.52,-45.82,19.27,-18.71
2011-09-16 15:45:00,CLOUD_EVENT,CASE_B_GRIDFLEX_CLOUD,DT_11_0.415_250kVA,18.03,41.14,-40.45,18.43,-17.95
2011-09-16 16:00:00,CLOUD_EVENT,CASE_B_GRIDFLEX_CLOUD,DT_11_0.415_250kVA,23.01,53.58,-52.84,20.93,-20.25
2011-09-16 16:15:00,CLOUD_EVENT,CASE_B_GRIDFLEX_CLOUD,DT_11_0.415_250kVA,26.62,62.84,-62.05,21.91,-21.06
2011-09-16 16:30:00,CLOUD_EVENT,CASE_B_GRIDFLEX_CLOUD,DT_11_0.415_250kVA,34.2,81.67,-80.75,25.32,-24.03
2011-09-16 16:45:00,CLOUD_EVENT,CASE_B_GRIDFLEX_CLOUD,DT_11_0.415_250kVA,35.69,85.49,-84.54,25.56,-24.17
2011-09-16 17:00:00,CLOUD_EVENT,CASE_B_GRIDFLEX_CLOUD,DT_11_0.415_250kVA,41.78,99.87,-98.8,30.56,-28.72
2011-09-16 17:15:00,CLOUD_EVENT,CASE_B_GRIDFLEX_CLOUD,DT_11_0.415_250kVA,43.25,103.35,-102.24,31.78,-29.82
