timestamp,scenario,case,line_id,loading_percent,p_from_kw,q_from_kvar,p_to_kw,q_to_kvar
2011-09-16 13:30:00,NORMAL_DAY,CASE_A_BASELINE,Line_Trunk_1,94.51,-148.72,18.74,154.7,-17.47
2011-09-16 13:30:00,NORMAL_DAY,CASE_A_BASELINE,Line_Trunk_2,69.88,-114.5,11.75,118.58,-10.88
2011-09-16 13:30:00,NORMAL_DAY,CASE_A_BASELINE,Line_Trunk_3,38.81,-65.94,5.17,67.2,-4.9
2011-09-16 13:30:00,NORMAL_DAY,CASE_A_BASELINE,Line_Commercial,6.32,10.02,0.0,-10.0,-0.0
2011-09-16 13:30:00,NORMAL_DAY,CASE_A_BASELINE,Line_Critical,0.0,0.0,-0.0,0.0,-0.0
2011-09-16 13:30:00,NORMAL_DAY,CASE_A_BASELINE,Line_EV_Hub,0.0,0.0,-0.0,-0.0,0.0
2011-09-16 13:30:00,NORMAL_DAY,CASE_A_BASELINE,Line_BESS,0.0,0.0,-0.0,0.0,0.0
2011-09-16 13:45:00,NORMAL_DAY,CASE_A_BASELINE,Line_Trunk_1,95.37,-150.1,18.73,156.19,-17.44
2011-09-16 13:45:00,NORMAL_DAY,CASE_A_BASELINE,Line_Trunk_2,70.48,-115.55,11.74,119.71,-10.85
2011-09-16 13:45:00,NORMAL_DAY,CASE_A_BASELINE,Line_Trunk_3,39.11,-66.5,5.16,67.78,-4.88
2011-09-16 13:45:00,NORMAL_DAY,CASE_A_BASELINE,Line_Commercial,6.32,10.02,0.0,-10.0,-0.0
2011-09-16 13:45:00,NORMAL_DAY,CASE_A_BASELINE,Line_Critical,0.0,0.0,-0.0,-0.0,-0.0
2011-09-16 13:45:00,NORMAL_DAY,CASE_A_BASELINE,Line_EV_Hub,0.0,0.0,-0.0,-0.0,0.0
2011-09-16 13:45:00,NORMAL_DAY,CASE_A_BASELINE,Line_BESS,0.0,0.0,-0.0,-0.0,-0.0
2011-09-16 14:00:00,NORMAL_DAY,CASE_A_BASELINE,Line_Trunk_1,84.03,-131.83,18.9,136.55,-17.89
2011-09-16 14:00:00,NORMAL_DAY,CASE_A_BASELINE,Line_Trunk_2,62.48,-101.7,11.95,104.97,-11.25
2011-09-16 14:00:00,NORMAL_DAY,CASE_A_BASELINE,Line_Trunk_3,35.03,-58.96,5.31,59.98,-5.09
2011-09-16 14:00:00,NORMAL_DAY,CASE_A_BASELINE,Line_Commercial,6.32,10.02,0.0,-10.0,-0.0
2011-09-16 14:00:00,NORMAL_DAY,CASE_A_BASELINE,Line_Critical,0.0,0.0,-0.0,-0.0,-0.0
2011-09-16 14:00:00,NORMAL_DAY,CASE_A_BASELINE,Line_EV_Hub,0.0,0.0,-0.0,-0.0,0.0
2011-09-16 14:00:00,NORMAL_DAY,CASE_A_BASELINE,Line_BESS,0.0,0.0,-0.0,-0.0,-0.0
2011-09-16 14:15:00,NORMAL_DAY,CASE_A_BASELINE,Line_Trunk_1,78.92,-123.67,18.44,127.84,-17.55
2011-09-16 14:15:00,NORMAL_DAY,CASE_A_BASELINE,Line_Trunk_2,58.78,-95.4,11.69,98.29,-11.08
2011-09-16 14:15:00,NORMAL_DAY,CASE_A_BASELINE,Line_Trunk_3,33.13,-55.5,5.22,56.42,-5.02
2011-09-16 14:15:00,NORMAL_DAY,CASE_A_BASELINE,Line_Commercial,6.33,10.02,0.0,-10.0,-0.0
2011-09-16 14:15:00,NORMAL_DAY,CASE_A_BASELINE,Line_Critical,0.0,0.0,-0.0,0.0,0.0
2011-09-16 14:15:00,NORMAL_DAY,CASE_A_BASELINE,Line_EV_Hub,0.0,0.0,-0.0,-0.0,0.0
2011-09-16 14:15:00,NORMAL_DAY,CASE_A_BASELINE,Line_BESS,0.0,0.0,-0.0,0.0,0.0
2011-09-16 14:30:00,NORMAL_DAY,CASE_A_BASELINE,Line_Trunk_1,66.01,-102.98,17.79,105.9,-17.17
2011-09-16 14:30:00,NORMAL_DAY,CASE_A_BASELINE,Line_Trunk_2,50.15,-80.7,11.36,82.81,-10.92
2011-09-16 14:30:00,NORMAL_DAY,CASE_A_BASELINE,Line_Trunk_3,27.4,-45.36,5.11,45.98,-4.98
2011-09-16 14:30:00,NORMAL_DAY,CASE_A_BASELINE,Line_Commercial,6.33,10.02,0.0,-10.0,-0.0
2011-09-16 14:30:00,NORMAL_DAY,CASE_A_BASELINE,Line_Critical,0.0,0.0,-0.0,0.0,-0.0
2011-09-16 14:30:00,NORMAL_DAY,CASE_A_BASELINE,Line_EV_Hub,0.0,0.0,-0.0,-0.0,0.0
2011-09-16 14:30:00,NORMAL_DAY,CASE_A_BASELINE,Line_BESS,0.0,0.0,-0.0,-0.0,-0.0
2011-09-16 14:45:00,NORMAL_DAY,CASE_A_BASELINE,Line_Trunk_1,67.99,-106.08,18.27,109.18,-17.61
2011-09-16 14:45:00,NORMAL_DAY,CASE_A_BASELINE,Line_Trunk_2,51.62,-83.16,11.66,85.39,-11.19
2011-09-16 14:45:00,NORMAL_DAY,CASE_A_BASELINE,Line_Trunk_3,28.2,-46.75,5.24,47.41,-5.1
2011-09-16 14:45:00,NORMAL_DAY,CASE_A_BASELINE,Line_Commercial,6.33,10.02,0.0,-10.0,-0.0
2011-09-16 14:45:00,NORMAL_DAY,CASE_A_BASELINE,Line_Critical,0.0,0.0,-0.0,-0.0,-0.0
2011-09-16 14:45:00,NORMAL_DAY,CASE_A_BASELINE,Line_EV_Hub,0.0,0.0,-0.0,0.0,0.0
2011-09-16 14:45:00,NORMAL_DAY,CASE_A_BASELINE,Line_BESS,0.0,0.0,-0.0,0.0,0.0
2011-09-16 15:00:00,NORMAL_DAY,CASE_A_BASELINE,Line_Trunk_1,38.92,-58.97,17.47,59.98,-17.25
2011-09-16 15:00:00,NORMAL_DAY,CASE_A_BASELINE,Line_Trunk_2,30.57,-47.72,11.29,48.5,-11.13
2011-09-16 15:00:00,NORMAL_DAY,CASE_A_BASELINE,Line_Trunk_3,17.22,-27.55,5.16,27.8,-5.11
2011-09-16 15:00:00,NORMAL_DAY,CASE_A_BASELINE,Line_Commercial,6.34,10.02,0.0,-10.0,0.0
2011-09-16 15:00:00,NORMAL_DAY,CASE_A_BASELINE,Line_Critical,0.0,0.0,-0.0,0.0,0.0
2011-09-16 15:00:00,NORMAL_DAY,CASE_A_BASELINE,Line_EV_Hub,0.0,0.0,-0.0,-0.0,0.0
2011-09-16 15:00:00,NORMAL_DAY,CASE_A_BASELINE,Line_BESS,0.0,0.0,-0.0,-0.0,-0.0
2011-09-16 15:15:00,NORMAL_DAY,CASE_A_BASELINE,Line_Trunk_1,41.26,-62.67,18.04,63.81,-17.8
2011-09-16 15:15:00,NORMAL_DAY,CASE_A_BASELINE,Line_Trunk_2,32.35,-50.61,11.65,51.49,-11.47
2011-09-16 15:15:00,NORMAL_DAY,CASE_A_BASELINE,Line_Trunk_3,18.18,-29.17,5.32,29.45,-5.27
2011-09-16 15:15:00,NORMAL_DAY,CASE_A_BASELINE,Line_Commercial,6.34,10.02,0.0,-10.0,-0.0
2011-09-16 15:15:00,NORMAL_DAY,CASE_A_BASELINE,Line_Critical,0.0,0.0,-0.0,-0.0,0.0
2011-09-16 15:15:00,NORMAL_DAY,CASE_A_BASELINE,Line_EV_Hub,0.0,0.0,-0.0,-0.0,-0.0
2011-09-16 15:15:00,NORMAL_DAY,CASE_A_BASELINE,Line_BESS,0.0,0.0,-0.0,-0.0,0.0
2011-09-16 15:30:00,NORMAL_DAY,CASE_A_BASELINE,Line_Trunk_1,14.97,-14.49,18.63,14.64,-18.6
2011-09-16 15:30:00,NORMAL_DAY,CASE_A_BASELINE,Line_Trunk_2,12.28,-15.19,12.1,15.32,-12.08
2011-09-16 15:30:00,NORMAL_DAY,CASE_A_BASELINE,Line_Trunk_3,7.43,-10.4,5.58,10.45,-5.57
2011-09-16 15:30:00,NORMAL_DAY,CASE_A_BASELINE,Line_Commercial,6.36,10.02,0.0,-10.0,-0.0
2011-09-16 15:30:00,NORMAL_DAY,CASE_A_BASELINE,Line_Critical,0.0,0.0,-0.0,-0.0,0.0
2011-09-16 15:30:00,NORMAL_DAY,CASE_A_BASELINE,Line_EV_Hub,0.0,0.0,-0.0,-0.0,0.0
2011-09-16 15:30:00,NORMAL_DAY,CASE_A_BASELINE,Line_BESS,0.0,0.0,-0.0,0.0,0.0
2011-09-16 15:45:00,NORMAL_DAY,CASE_A_BASELINE,Line_Trunk_1,20.23,-26.39,17.96,26.66,-17.91
2011-09-16 15:45:00,NORMAL_DAY,CASE_A_BASELINE,Line_Trunk_2,16.68,-23.77,11.66,24.01,-11.62
2011-09-16 15:45:00,NORMAL_DAY,CASE_A_BASELINE,Line_Trunk_3,9.88,-14.85,5.37,14.93,-5.35
2011-09-16 15:45:00,NORMAL_DAY,CASE_A_BASELINE,Line_Commercial,6.35,10.02,0.0,-10.0,0.0
2011-09-16 15:45:00,NORMAL_DAY,CASE_A_BASELINE,Line_Critical,0.0,0.0,-0.0,0.0,-0.0
2011-09-16 15:45:00,NORMAL_DAY,CASE_A_BASELINE,Line_EV_Hub,0.0,0.0,-0.0,-0.0,-0.0
2011-09-16 15:45:00,NORMAL_DAY,CASE_A_BASELINE,Line_BESS,0.0,0.0,-0.0,0.0,0.0
2011-09-16 16:00:00,NORMAL_DAY,CASE_A_BASELINE,Line_Trunk_1,30.12,42.81,20.25,-42.21,-20.12
2011-09-16 16:00:00,NORMAL_DAY,CASE_A_BASELINE,Line_Trunk_2,18.76,26.01,13.1,-25.72,-13.04
2011-09-16 16:00:00,NORMAL_DAY,CASE_A_BASELINE,Line_Trunk_3,8.17,11.02,6.03,-10.96,-6.02
2011-09-16 16:00:00,NORMAL_DAY,CASE_A_BASELINE,Line_Commercial,6.37,10.02,0.0,-10.0,0.0
2011-09-16 16:00:00,NORMAL_DAY,CASE_A_BASELINE,Line_Critical,0.0,0.0,-0.0,-0.0,-0.0
2011-09-16 16:00:00,NORMAL_DAY,CASE_A_BASELINE,Line_EV_Hub,0.0,0.0,-0.0,0.0,0.0
2011-09-16 16:00:00,NORMAL_DAY,CASE_A_BASELINE,Line_BESS,0.0,0.0,-0.0,0.0,-0.0
2011-09-16 16:15:00,NORMAL_DAY,CASE_A_BASELINE,Line_Trunk_1,35.71,52.03,21.06,-51.18,-20.88
2011-09-16 16:15:00,NORMAL_DAY,CASE_A_BASELINE,Line_Trunk_2,22.73,32.44,13.61,-32.01,-13.52
2011-09-16 16:15:00,NORMAL_DAY,CASE_A_BASELINE,Line_Trunk_3,10.16,14.22,6.25,-14.13,-6.23
2011-09-16 16:15:00,NORMAL_DAY,CASE_A_BASELINE,Line_Commercial,6.38,10.02,0.0,-10.0,0.0
2011-09-16 16:15:00,NORMAL_DAY,CASE_A_BASELINE,Line_Critical,0.0,0.0,-0.0,0.0,0.0
2011-09-16 16:15:00,NORMAL_DAY,CASE_A_BASELINE,Line_EV_Hub,0.0,0.0,-0.0,-0.0,-0.0
2011-09-16 16:15:00,NORMAL_DAY,CASE_A_BASELINE,Line_BESS,0.0,0.0,-0.0,0.0,0.0
2011-09-16 16:30:00,NORMAL_DAY,CASE_A_BASELINE,Line_Trunk_1,48.57,72.23,24.34,-70.66,-24.0
2011-09-16 16:30:00,NORMAL_DAY,CASE_A_BASELINE,Line_Trunk_2,31.02,45.07,15.48,-44.27,-15.31
2011-09-16 16:30:00,NORMAL_DAY,CASE_A_BASELINE,Line_Trunk_3,14.28,20.37,7.09,-20.2,-7.05
2011-09-16 16:30:00,NORMAL_DAY,CASE_A_BASELINE,Line_Commercial,6.39,10.02,0.0,-10.0,0.0
2011-09-16 16:30:00,NORMAL_DAY,CASE_A_BASELINE,Line_Critical,0.0,0.0,-0.0,-0.0,-0.0
2011-09-16 16:30:00,NORMAL_DAY,CASE_A_BASELINE,Line_EV_Hub,0.96,1.44,0.29,-1.44,-0.29
2011-09-16 16:30:00,NORMAL_DAY,CASE_A_BASELINE,Line_BESS,0.0,0.0,-0.0,0.0,0.0
2011-09-16 16:45:00,NORMAL_DAY,CASE_A_BASELINE,Line_Trunk_1,52.1,77.88,24.85,-76.06,-24.47
2011-09-16 16:45:00,NORMAL_DAY,CASE_A_BASELINE,Line_Trunk_2,32.74,47.74,15.56,-46.84,-15.37
2011-09-16 16:45:00,NORMAL_DAY,CASE_A_BASELINE,Line_Trunk_3,15.18,21.72,7.12,-21.53,-7.08
2011-09-16 16:45:00,NORMAL_DAY,CASE_A_BASELINE,Line_Commercial,6.39,10.02,0.0,-10.0,0.0
2011-09-16 16:45:00,NORMAL_DAY,CASE_A_BASELINE,Line_Critical,0.0,0.0,-0.0,0.0,-0.0
2011-09-16 16:45:00,NORMAL_DAY,CASE_A_BASELINE,Line_EV_Hub,2.13,3.2,0.65,-3.2,-0.65
2011-09-16 16:45:00,NORMAL_DAY,CASE_A_BASELINE,Line_BESS,0.0,0.0,-0.0,-0.0,0.0
2011-09-16 17:00:00,NORMAL_DAY,CASE_A_BASELINE,Line_Trunk_1,71.92,107.73,32.58,-104.27,-31.84
2011-09-16 17:00:00,NORMAL_DAY,CASE_A_BASELINE,Line_Trunk_2,39.36,56.73,18.46,-55.43,-18.19
2011-09-16 17:00:00,NORMAL_DAY,CASE_A_BASELINE,Line_Trunk_3,18.27,25.73,8.42,-25.46,-8.37
2011-09-16 17:00:00,NORMAL_DAY,CASE_A_BASELINE,Line_Commercial,6.41,10.02,0.0,-10.0,-0.0
2011-09-16 17:00:00,NORMAL_DAY,CASE_A_BASELINE,Line_Critical,0.0,0.0,-0.0,0.0,0.0
2011-09-16 17:00:00,NORMAL_DAY,CASE_A_BASELINE,Line_EV_Hub,12.01,17.84,3.62,-17.76,-3.61
2011-09-16 17:00:00,NORMAL_DAY,CASE_A_BASELINE,Line_BESS,0.0,0.0,-0.0,0.0,0.0
2011-09-16 17:15:00,NORMAL_DAY,CASE_A_BASELINE,Line_Trunk_1,76.68,114.86,34.43,-110.92,-33.59
2011-09-16 17:15:00,NORMAL_DAY,CASE_A_BASELINE,Line_Trunk_2,40.97,58.9,19.16,-57.49,-18.86
2011-09-16 17:15:00,NORMAL_DAY,CASE_A_BASELINE,Line_Trunk_3,19.02,26.7,8.74,-26.39,-8.68
2011-09-16 17:15:00,NORMAL_DAY,CASE_A_BASELINE,Line_Commercial,6.41,10.02,0.0,-10.0,-0.0
2011-09-16 17:15:00,NORMAL_DAY,CASE_A_BASELINE,Line_Critical,0.0,0.0,-0.0,0.0,0.0
2011-09-16 17:15:00,NORMAL_DAY,CASE_A_BASELINE,Line_EV_Hub,14.34,21.23,4.31,-21.12,-4.29
2011-09-16 17:15:00,NORMAL_DAY,CASE_A_BASELINE,Line_BESS,0.0,0.0,-0.0,-0.0,-0.0
2011-09-16 13:30:00,NORMAL_DAY,CASE_B_GRIDFLEX,Line_Trunk_1,94.51,-148.72,18.74,154.7,-17.47
2011-09-16 13:30:00,NORMAL_DAY,CASE_B_GRIDFLEX,Line_Trunk_2,69.88,-114.5,11.75,118.58,-10.88
2011-09-16 13:30:00,NORMAL_DAY,CASE_B_GRIDFLEX,Line_Trunk_3,38.81,-65.94,5.17,67.2,-4.9
2011-09-16 13:30:00,NORMAL_DAY,CASE_B_GRIDFLEX,Line_Commercial,6.32,10.02,0.0,-10.0,-0.0
2011-09-16 13:30:00,NORMAL_DAY,CASE_B_GRIDFLEX,Line_Critical,0.0,0.0,-0.0,0.0,-0.0
2011-09-16 13:30:00,NORMAL_DAY,CASE_B_GRIDFLEX,Line_EV_Hub,0.0,0.0,-0.0,-0.0,0.0
2011-09-16 13:30:00,NORMAL_DAY,CASE_B_GRIDFLEX,Line_BESS,0.0,0.0,-0.0,0.0,0.0
2011-09-16 13:45:00,NORMAL_DAY,CASE_B_GRIDFLEX,Line_Trunk_1,95.37,-150.1,18.73,156.19,-17.44
2011-09-16 13:45:00,NORMAL_DAY,CASE_B_GRIDFLEX,Line_Trunk_2,70.48,-115.55,11.74,119.71,-10.85
2011-09-16 13:45:00,NORMAL_DAY,CASE_B_GRIDFLEX,Line_Trunk_3,39.11,-66.5,5.16,67.78,-4.88
2011-09-16 13:45:00,NORMAL_DAY,CASE_B_GRIDFLEX,Line_Commercial,6.32,10.02,0.0,-10.0,-0.0
2011-09-16 13:45:00,NORMAL_DAY,CASE_B_GRIDFLEX,Line_Critical,0.0,0.0,-0.0,-0.0,-0.0
2011-09-16 13:45:00,NORMAL_DAY,CASE_B_GRIDFLEX,Line_EV_Hub,0.0,0.0,-0.0,-0.0,0.0
2011-09-16 13:45:00,NORMAL_DAY,CASE_B_GRIDFLEX,Line_BESS,0.0,0.0,-0.0,-0.0,-0.0
2011-09-16 14:00:00,NORMAL_DAY,CASE_B_GRIDFLEX,Line_Trunk_1,84.03,-131.83,18.9,136.55,-17.89
2011-09-16 14:00:00,NORMAL_DAY,CASE_B_GRIDFLEX,Line_Trunk_2,62.48,-101.7,11.95,104.97,-11.25
2011-09-16 14:00:00,NORMAL_DAY,CASE_B_GRIDFLEX,Line_Trunk_3,35.03,-58.96,5.31,59.98,-5.09
2011-09-16 14:00:00,NORMAL_DAY,CASE_B_GRIDFLEX,Line_Commercial,6.32,10.02,0.0,-10.0,-0.0
2011-09-16 14:00:00,NORMAL_DAY,CASE_B_GRIDFLEX,Line_Critical,0.0,0.0,-0.0,-0.0,-0.0
2011-09-16 14:00:00,NORMAL_DAY,CASE_B_GRIDFLEX,Line_EV_Hub,0.0,0.0,-0.0,-0.0,0.0
2011-09-16 14:00:00,NORMAL_DAY,CASE_B_GRIDFLEX,Line_BESS,0.0,0.0,-0.0,-0.0,-0.0
2011-09-16 14:15:00,NORMAL_DAY,CASE_B_GRIDFLEX,Line_Trunk_1,78.92,-123.67,18.44,127.84,-17.55
2011-09-16 14:15:00,NORMAL_DAY,CASE_B_GRIDFLEX,Line_Trunk_2,58.78,-95.4,11.69,98.29,-11.08
2011-09-16 14:15:00,NORMAL_DAY,CASE_B_GRIDFLEX,Line_Trunk_3,33.13,-55.5,5.22,56.42,-5.02
2011-09-16 14:15:00,NORMAL_DAY,CASE_B_GRIDFLEX,Line_Commercial,6.33,10.02,0.0,-10.0,-0.0
2011-09-16 14:15:00,NORMAL_DAY,CASE_B_GRIDFLEX,Line_Critical,0.0,0.0,-0.0,0.0,0.0
2011-09-16 14:15:00,NORMAL_DAY,CASE_B_GRIDFLEX,Line_EV_Hub,0.0,0.0,-0.0,-0.0,0.0
2011-09-16 14:15:00,NORMAL_DAY,CASE_B_GRIDFLEX,Line_BESS,0.0,0.0,-0.0,0.0,0.0
2011-09-16 14:30:00,NORMAL_DAY,CASE_B_GRIDFLEX,Line_Trunk_1,66.01,-102.98,17.79,105.9,-17.17
2011-09-16 14:30:00,NORMAL_DAY,CASE_B_GRIDFLEX,Line_Trunk_2,50.15,-80.7,11.36,82.81,-10.92
2011-09-16 14:30:00,NORMAL_DAY,CASE_B_GRIDFLEX,Line_Trunk_3,27.4,-45.36,5.11,45.98,-4.98
2011-09-16 14:30:00,NORMAL_DAY,CASE_B_GRIDFLEX,Line_Commercial,6.33,10.02,0.0,-10.0,-0.0
2011-09-16 14:30:00,NORMAL_DAY,CASE_B_GRIDFLEX,Line_Critical,0.0,0.0,-0.0,0.0,-0.0
2011-09-16 14:30:00,NORMAL_DAY,CASE_B_GRIDFLEX,Line_EV_Hub,0.0,0.0,-0.0,-0.0,0.0
2011-09-16 14:30:00,NORMAL_DAY,CASE_B_GRIDFLEX,Line_BESS,0.0,0.0,-0.0,-0.0,-0.0
2011-09-16 14:45:00,NORMAL_DAY,CASE_B_GRIDFLEX,Line_Trunk_1,67.99,-106.08,18.27,109.18,-17.61
2011-09-16 14:45:00,NORMAL_DAY,CASE_B_GRIDFLEX,Line_Trunk_2,51.62,-83.16,11.66,85.39,-11.19
2011-09-16 14:45:00,NORMAL_DAY,CASE_B_GRIDFLEX,Line_Trunk_3,28.2,-46.75,5.24,47.41,-5.1
2011-09-16 14:45:00,NORMAL_DAY,CASE_B_GRIDFLEX,Line_Commercial,6.33,10.02,0.0,-10.0,-0.0
2011-09-16 14:45:00,NORMAL_DAY,CASE_B_GRIDFLEX,Line_Critical,0.0,0.0,-0.0,-0.0,-0.0
2011-09-16 14:45:00,NORMAL_DAY,CASE_B_GRIDFLEX,Line_EV_Hub,0.0,0.0,-0.0,0.0,0.0
2011-09-16 14:45:00,NORMAL_DAY,CASE_B_GRIDFLEX,Line_BESS,0.0,0.0,-0.0,0.0,0.0
2011-09-16 15:00:00,NORMAL_DAY,CASE_B_GRIDFLEX,Line_Trunk_1,38.92,-58.97,17.47,59.98,-17.25
2011-09-16 15:00:00,NORMAL_DAY,CASE_B_GRIDFLEX,Line_Trunk_2,30.57,-47.72,11.29,48.5,-11.13
2011-09-16 15:00:00,NORMAL_DAY,CASE_B_GRIDFLEX,Line_Trunk_3,17.22,-27.55,5.16,27.8,-5.11
2011-09-16 15:00:00,NORMAL_DAY,CASE_B_GRIDFLEX,Line_Commercial,6.34,10.02,0.0,-10.0,0.0
2011-09-16 15:00:00,NORMAL_DAY,CASE_B_GRIDFLEX,Line_Critical,0.0,0.0,-0.0,0.0,0.0
2011-09-16 15:00:00,NORMAL_DAY,CASE_B_GRIDFLEX,Line_EV_Hub,0.0,0.0,-0.0,-0.0,0.0
2011-09-16 15:00:00,NORMAL_DAY,CASE_B_GRIDFLEX,Line_BESS,0.0,0.0,-0.0,-0.0,-0.0
2011-09-16 15:15:00,NORMAL_DAY,CASE_B_GRIDFLEX,Line_Trunk_1,41.26,-62.67,18.04,63.81,-17.8
2011-09-16 15:15:00,NORMAL_DAY,CASE_B_GRIDFLEX,Line_Trunk_2,32.35,-50.61,11.65,51.49,-11.47
2011-09-16 15:15:00,NORMAL_DAY,CASE_B_GRIDFLEX,Line_Trunk_3,18.18,-29.17,5.32,29.45,-5.27
2011-09-16 15:15:00,NORMAL_DAY,CASE_B_GRIDFLEX,Line_Commercial,6.34,10.02,0.0,-10.0,-0.0
2011-09-16 15:15:00,NORMAL_DAY,CASE_B_GRIDFLEX,Line_Critical,0.0,0.0,-0.0,-0.0,0.0
2011-09-16 15:15:00,NORMAL_DAY,CASE_B_GRIDFLEX,Line_EV_Hub,0.0,0.0,-0.0,-0.0,-0.0
2011-09-16 15:15:00,NORMAL_DAY,CASE_B_GRIDFLEX,Line_BESS,0.0,0.0,-0.0,-0.0,0.0
2011-09-16 15:30:00,NORMAL_DAY,CASE_B_GRIDFLEX,Line_Trunk_1,14.97,-14.49,18.63,14.64,-18.6
2011-09-16 15:30:00,NORMAL_DAY,CASE_B_GRIDFLEX,Line_Trunk_2,12.28,-15.19,12.1,15.32,-12.08
2011-09-16 15:30:00,NORMAL_DAY,CASE_B_GRIDFLEX,Line_Trunk_3,7.43,-10.4,5.58,10.45,-5.57
2011-09-16 15:30:00,NORMAL_DAY,CASE_B_GRIDFLEX,Line_Commercial,6.36,10.02,0.0,-10.0,-0.0
2011-09-16 15:30:00,NORMAL_DAY,CASE_B_GRIDFLEX,Line_Critical,0.0,0.0,-0.0,-0.0,0.0
2011-09-16 15:30:00,NORMAL_DAY,CASE_B_GRIDFLEX,Line_EV_Hub,0.0,0.0,-0.0,-0.0,0.0
2011-09-16 15:30:00,NORMAL_DAY,CASE_B_GRIDFLEX,Line_BESS,0.0,0.0,-0.0,0.0,0.0
2011-09-16 15:45:00,NORMAL_DAY,CASE_B_GRIDFLEX,Line_Trunk_1,20.23,-26.39,17.96,26.66,-17.91
2011-09-16 15:45:00,NORMAL_DAY,CASE_B_GRIDFLEX,Line_Trunk_2,16.68,-23.77,11.66,24.01,-11.62
2011-09-16 15:45:00,NORMAL_DAY,CASE_B_GRIDFLEX,Line_Trunk_3,9.88,-14.85,5.37,14.93,-5.35
2011-09-16 15:45:00,NORMAL_DAY,CASE_B_GRIDFLEX,Line_Commercial,6.35,10.02,0.0,-10.0,0.0
2011-09-16 15:45:00,NORMAL_DAY,CASE_B_GRIDFLEX,Line_Critical,0.0,0.0,-0.0,0.0,-0.0
2011-09-16 15:45:00,NORMAL_DAY,CASE_B_GRIDFLEX,Line_EV_Hub,0.0,0.0,-0.0,-0.0,-0.0
2011-09-16 15:45:00,NORMAL_DAY,CASE_B_GRIDFLEX,Line_BESS,0.0,0.0,-0.0,0.0,0.0
2011-09-16 16:00:00,NORMAL_DAY,CASE_B_GRIDFLEX,Line_Trunk_1,30.12,42.81,20.25,-42.21,-20.12
2011-09-16 16:00:00,NORMAL_DAY,CASE_B_GRIDFLEX,Line_Trunk_2,18.76,26.01,13.1,-25.72,-13.04
2011-09-16 16:00:00,NORMAL_DAY,CASE_B_GRIDFLEX,Line_Trunk_3,8.17,11.02,6.03,-10.96,-6.02
2011-09-16 16:00:00,NORMAL_DAY,CASE_B_GRIDFLEX,Line_Commercial,6.37,10.02,0.0,-10.0,0.0
2011-09-16 16:00:00,NORMAL_DAY,CASE_B_GRIDFLEX,Line_Critical,0.0,0.0,-0.0,-0.0,-0.0
2011-09-16 16:00:00,NORMAL_DAY,CASE_B_GRIDFLEX,Line_EV_Hub,0.0,0.0,-0.0,0.0,0.0
2011-09-16 16:00:00,NORMAL_DAY,CASE_B_GRIDFLEX,Line_BESS,0.0,0.0,-0.0,0.0,-0.0
2011-09-16 16:15:00,NORMAL_DAY,CASE_B_GRIDFLEX,Line_Trunk_1,35.71,52.03,21.06,-51.18,-20.88
2011-09-16 16:15:00,NORMAL_DAY,CASE_B_GRIDFLEX,Line_Trunk_2,22.73,32.44,13.61,-32.01,-13.52
2011-09-16 16:15:00,NORMAL_DAY,CASE_B_GRIDFLEX,Line_Trunk_3,10.16,14.22,6.25,-14.13,-6.23
2011-09-16 16:15:00,NORMAL_DAY,CASE_B_GRIDFLEX,Line_Commercial,6.38,10.02,0.0,-10.0,0.0
2011-09-16 16:15:00,NORMAL_DAY,CASE_B_GRIDFLEX,Line_Critical,0.0,0.0,-0.0,0.0,0.0
2011-09-16 16:15:00,NORMAL_DAY,CASE_B_GRIDFLEX,Line_EV_Hub,0.0,0.0,-0.0,-0.0,-0.0
2011-09-16 16:15:00,NORMAL_DAY,CASE_B_GRIDFLEX,Line_BESS,0.0,0.0,-0.0,0.0,0.0
2011-09-16 16:30:00,NORMAL_DAY,CASE_B_GRIDFLEX,Line_Trunk_1,47.59,70.73,24.03,-69.21,-23.71
2011-09-16 16:30:00,NORMAL_DAY,CASE_B_GRIDFLEX,Line_Trunk_2,31.0,45.07,15.48,-44.27,-15.31
2011-09-16 16:30:00,NORMAL_DAY,CASE_B_GRIDFLEX,Line_Trunk_3,14.27,20.37,7.09,-20.2,-7.05
2011-09-16 16:30:00,NORMAL_DAY,CASE_B_GRIDFLEX,Line_Commercial,6.39,10.02,0.0,-10.0,0.0
2011-09-16 16:30:00,NORMAL_DAY,CASE_B_GRIDFLEX,Line_Critical,0.0,0.0,-0.0,0.0,0.0
2011-09-16 16:30:00,NORMAL_DAY,CASE_B_GRIDFLEX,Line_EV_Hub,0.0,0.0,-0.0,-0.0,-0.0
2011-09-16 16:30:00,NORMAL_DAY,CASE_B_GRIDFLEX,Line_BESS,0.0,0.0,-0.0,0.0,0.0
2011-09-16 16:45:00,NORMAL_DAY,CASE_B_GRIDFLEX,Line_Trunk_1,49.92,74.52,24.17,-72.85,-23.82
2011-09-16 16:45:00,NORMAL_DAY,CASE_B_GRIDFLEX,Line_Trunk_2,32.7,47.74,15.56,-46.84,-15.37
2011-09-16 16:45:00,NORMAL_DAY,CASE_B_GRIDFLEX,Line_Trunk_3,15.16,21.72,7.12,-21.53,-7.08
2011-09-16 16:45:00,NORMAL_DAY,CASE_B_GRIDFLEX,Line_Commercial,6.39,10.02,0.0,-10.0,0.0
2011-09-16 16:45:00,NORMAL_DAY,CASE_B_GRIDFLEX,Line_Critical,0.0,0.0,-0.0,-0.0,-0.0
2011-09-16 16:45:00,NORMAL_DAY,CASE_B_GRIDFLEX,Line_EV_Hub,0.0,0.0,-0.0,-0.0,-0.0
2011-09-16 16:45:00,NORMAL_DAY,CASE_B_GRIDFLEX,Line_BESS,0.0,0.0,-0.0,-0.0,0.0
2011-09-16 17:00:00,NORMAL_DAY,CASE_B_GRIDFLEX,Line_Trunk_1,59.54,88.77,28.72,-86.4,-28.22
2011-09-16 17:00:00,NORMAL_DAY,CASE_B_GRIDFLEX,Line_Trunk_2,39.06,56.7,18.46,-55.43,-18.18
2011-09-16 17:00:00,NORMAL_DAY,CASE_B_GRIDFLEX,Line_Trunk_3,18.13,25.73,8.42,-25.46,-8.37
2011-09-16 17:00:00,NORMAL_DAY,CASE_B_GRIDFLEX,Line_Commercial,6.4,10.02,0.0,-10.0,0.0
2011-09-16 17:00:00,NORMAL_DAY,CASE_B_GRIDFLEX,Line_Critical,0.0,0.0,-0.0,0.0,0.0
2011-09-16 17:00:00,NORMAL_DAY,CASE_B_GRIDFLEX,Line_EV_Hub,0.0,0.0,-0.0,0.0,-0.0
2011-09-16 17:00:00,NORMAL_DAY,CASE_B_GRIDFLEX,Line_BESS,0.0,0.0,-0.0,0.0,0.0
2011-09-16 17:15:00,NORMAL_DAY,CASE_B_GRIDFLEX,Line_Trunk_1,61.86,92.22,29.82,-89.66,-29.27
2011-09-16 17:15:00,NORMAL_DAY,CASE_B_GRIDFLEX,Line_Trunk_2,40.6,58.86,19.15,-57.49,-18.86
2011-09-16 17:15:00,NORMAL_DAY,CASE_B_GRIDFLEX,Line_Trunk_3,18.85,26.69,8.74,-26.39,-8.68
2011-09-16 17:15:00,NORMAL_DAY,CASE_B_GRIDFLEX,Line_Commercial,6.4,10.02,0.0,-10.0,-0.0
2011-09-16 17:15:00,NORMAL_DAY,CASE_B_GRIDFLEX,Line_Critical,0.0,0.0,-0.0,0.0,-0.0
2011-09-16 17:15:00,NORMAL_DAY,CASE_B_GRIDFLEX,Line_EV_Hub,0.0,0.0,-0.0,0.0,-0.0
2011-09-16 17:15:00,NORMAL_DAY,CASE_B_GRIDFLEX,Line_BESS,0.0,0.0,-0.0,-0.0,0.0
2011-09-16 13:30:00,PARTICIPATION,GRIDFLEX_100PCT,Line_Trunk_1,94.51,-148.72,18.74,154.7,-17.47
2011-09-16 13:30:00,PARTICIPATION,GRIDFLEX_100PCT,Line_Trunk_2,69.88,-114.5,11.75,118.58,-10.88
2011-09-16 13:30:00,PARTICIPATION,GRIDFLEX_100PCT,Line_Trunk_3,38.81,-65.94,5.17,67.2,-4.9
2011-09-16 13:30:00,PARTICIPATION,GRIDFLEX_100PCT,Line_Commercial,6.32,10.02,0.0,-10.0,-0.0
2011-09-16 13:30:00,PARTICIPATION,GRIDFLEX_100PCT,Line_Critical,0.0,0.0,-0.0,0.0,-0.0
2011-09-16 13:30:00,PARTICIPATION,GRIDFLEX_100PCT,Line_EV_Hub,0.0,0.0,-0.0,-0.0,0.0
2011-09-16 13:30:00,PARTICIPATION,GRIDFLEX_100PCT,Line_BESS,0.0,0.0,-0.0,0.0,0.0
2011-09-16 13:45:00,PARTICIPATION,GRIDFLEX_100PCT,Line_Trunk_1,95.37,-150.1,18.73,156.19,-17.44
2011-09-16 13:45:00,PARTICIPATION,GRIDFLEX_100PCT,Line_Trunk_2,70.48,-115.55,11.74,119.71,-10.85
2011-09-16 13:45:00,PARTICIPATION,GRIDFLEX_100PCT,Line_Trunk_3,39.11,-66.5,5.16,67.78,-4.88
2011-09-16 13:45:00,PARTICIPATION,GRIDFLEX_100PCT,Line_Commercial,6.32,10.02,0.0,-10.0,-0.0
2011-09-16 13:45:00,PARTICIPATION,GRIDFLEX_100PCT,Line_Critical,0.0,0.0,-0.0,-0.0,-0.0
2011-09-16 13:45:00,PARTICIPATION,GRIDFLEX_100PCT,Line_EV_Hub,0.0,0.0,-0.0,-0.0,0.0
2011-09-16 13:45:00,PARTICIPATION,GRIDFLEX_100PCT,Line_BESS,0.0,0.0,-0.0,-0.0,-0.0
2011-09-16 14:00:00,PARTICIPATION,GRIDFLEX_100PCT,Line_Trunk_1,84.03,-131.83,18.9,136.55,-17.89
2011-09-16 14:00:00,PARTICIPATION,GRIDFLEX_100PCT,Line_Trunk_2,62.48,-101.7,11.95,104.97,-11.25
2011-09-16 14:00:00,PARTICIPATION,GRIDFLEX_100PCT,Line_Trunk_3,35.03,-58.96,5.31,59.98,-5.09
2011-09-16 14:00:00,PARTICIPATION,GRIDFLEX_100PCT,Line_Commercial,6.32,10.02,0.0,-10.0,-0.0
2011-09-16 14:00:00,PARTICIPATION,GRIDFLEX_100PCT,Line_Critical,0.0,0.0,-0.0,-0.0,-0.0
2011-09-16 14:00:00,PARTICIPATION,GRIDFLEX_100PCT,Line_EV_Hub,0.0,0.0,-0.0,-0.0,0.0
2011-09-16 14:00:00,PARTICIPATION,GRIDFLEX_100PCT,Line_BESS,0.0,0.0,-0.0,-0.0,-0.0
2011-09-16 14:15:00,PARTICIPATION,GRIDFLEX_100PCT,Line_Trunk_1,78.92,-123.67,18.44,127.84,-17.55
2011-09-16 14:15:00,PARTICIPATION,GRIDFLEX_100PCT,Line_Trunk_2,58.78,-95.4,11.69,98.29,-11.08
2011-09-16 14:15:00,PARTICIPATION,GRIDFLEX_100PCT,Line_Trunk_3,33.13,-55.5,5.22,56.42,-5.02
2011-09-16 14:15:00,PARTICIPATION,GRIDFLEX_100PCT,Line_Commercial,6.33,10.02,0.0,-10.0,-0.0
2011-09-16 14:15:00,PARTICIPATION,GRIDFLEX_100PCT,Line_Critical,0.0,0.0,-0.0,0.0,0.0
2011-09-16 14:15:00,PARTICIPATION,GRIDFLEX_100PCT,Line_EV_Hub,0.0,0.0,-0.0,-0.0,0.0
2011-09-16 14:15:00,PARTICIPATION,GRIDFLEX_100PCT,Line_BESS,0.0,0.0,-0.0,0.0,0.0
2011-09-16 14:30:00,PARTICIPATION,GRIDFLEX_100PCT,Line_Trunk_1,66.01,-102.98,17.79,105.9,-17.17
2011-09-16 14:30:00,PARTICIPATION,GRIDFLEX_100PCT,Line_Trunk_2,50.15,-80.7,11.36,82.81,-10.92
2011-09-16 14:30:00,PARTICIPATION,GRIDFLEX_100PCT,Line_Trunk_3,27.4,-45.36,5.11,45.98,-4.98
2011-09-16 14:30:00,PARTICIPATION,GRIDFLEX_100PCT,Line_Commercial,6.33,10.02,0.0,-10.0,-0.0
2011-09-16 14:30:00,PARTICIPATION,GRIDFLEX_100PCT,Line_Critical,0.0,0.0,-0.0,0.0,-0.0
2011-09-16 14:30:00,PARTICIPATION,GRIDFLEX_100PCT,Line_EV_Hub,0.0,0.0,-0.0,-0.0,0.0
2011-09-16 14:30:00,PARTICIPATION,GRIDFLEX_100PCT,Line_BESS,0.0,0.0,-0.0,-0.0,-0.0
2011-09-16 14:45:00,PARTICIPATION,GRIDFLEX_100PCT,Line_Trunk_1,67.99,-106.08,18.27,109.18,-17.61
2011-09-16 14:45:00,PARTICIPATION,GRIDFLEX_100PCT,Line_Trunk_2,51.62,-83.16,11.66,85.39,-11.19
2011-09-16 14:45:00,PARTICIPATION,GRIDFLEX_100PCT,Line_Trunk_3,28.2,-46.75,5.24,47.41,-5.1
2011-09-16 14:45:00,PARTICIPATION,GRIDFLEX_100PCT,Line_Commercial,6.33,10.02,0.0,-10.0,-0.0
2011-09-16 14:45:00,PARTICIPATION,GRIDFLEX_100PCT,Line_Critical,0.0,0.0,-0.0,-0.0,-0.0
2011-09-16 14:45:00,PARTICIPATION,GRIDFLEX_100PCT,Line_EV_Hub,0.0,0.0,-0.0,0.0,0.0
2011-09-16 14:45:00,PARTICIPATION,GRIDFLEX_100PCT,Line_BESS,0.0,0.0,-0.0,0.0,0.0
2011-09-16 15:00:00,PARTICIPATION,GRIDFLEX_100PCT,Line_Trunk_1,38.92,-58.97,17.47,59.98,-17.25
2011-09-16 15:00:00,PARTICIPATION,GRIDFLEX_100PCT,Line_Trunk_2,30.57,-47.72,11.29,48.5,-11.13
2011-09-16 15:00:00,PARTICIPATION,GRIDFLEX_100PCT,Line_Trunk_3,17.22,-27.55,5.16,27.8,-5.11
2011-09-16 15:00:00,PARTICIPATION,GRIDFLEX_100PCT,Line_Commercial,6.34,10.02,0.0,-10.0,0.0
2011-09-16 15:00:00,PARTICIPATION,GRIDFLEX_100PCT,Line_Critical,0.0,0.0,-0.0,0.0,0.0
2011-09-16 15:00:00,PARTICIPATION,GRIDFLEX_100PCT,Line_EV_Hub,0.0,0.0,-0.0,-0.0,0.0
2011-09-16 15:00:00,PARTICIPATION,GRIDFLEX_100PCT,Line_BESS,0.0,0.0,-0.0,-0.0,-0.0
2011-09-16 15:15:00,PARTICIPATION,GRIDFLEX_100PCT,Line_Trunk_1,41.26,-62.67,18.04,63.81,-17.8
2011-09-16 15:15:00,PARTICIPATION,GRIDFLEX_100PCT,Line_Trunk_2,32.35,-50.61,11.65,51.49,-11.47
2011-09-16 15:15:00,PARTICIPATION,GRIDFLEX_100PCT,Line_Trunk_3,18.18,-29.17,5.32,29.45,-5.27
2011-09-16 15:15:00,PARTICIPATION,GRIDFLEX_100PCT,Line_Commercial,6.34,10.02,0.0,-10.0,-0.0
2011-09-16 15:15:00,PARTICIPATION,GRIDFLEX_100PCT,Line_Critical,0.0,0.0,-0.0,-0.0,0.0
2011-09-16 15:15:00,PARTICIPATION,GRIDFLEX_100PCT,Line_EV_Hub,0.0,0.0,-0.0,-0.0,-0.0
2011-09-16 15:15:00,PARTICIPATION,GRIDFLEX_100PCT,Line_BESS,0.0,0.0,-0.0,-0.0,0.0
2011-09-16 15:30:00,PARTICIPATION,GRIDFLEX_100PCT,Line_Trunk_1,14.97,-14.49,18.63,14.64,-18.6
2011-09-16 15:30:00,PARTICIPATION,GRIDFLEX_100PCT,Line_Trunk_2,12.28,-15.19,12.1,15.32,-12.08
2011-09-16 15:30:00,PARTICIPATION,GRIDFLEX_100PCT,Line_Trunk_3,7.43,-10.4,5.58,10.45,-5.57
2011-09-16 15:30:00,PARTICIPATION,GRIDFLEX_100PCT,Line_Commercial,6.36,10.02,0.0,-10.0,-0.0
2011-09-16 15:30:00,PARTICIPATION,GRIDFLEX_100PCT,Line_Critical,0.0,0.0,-0.0,-0.0,0.0
2011-09-16 15:30:00,PARTICIPATION,GRIDFLEX_100PCT,Line_EV_Hub,0.0,0.0,-0.0,-0.0,0.0
2011-09-16 15:30:00,PARTICIPATION,GRIDFLEX_100PCT,Line_BESS,0.0,0.0,-0.0,0.0,0.0
2011-09-16 15:45:00,PARTICIPATION,GRIDFLEX_100PCT,Line_Trunk_1,20.23,-26.39,17.96,26.66,-17.91
2011-09-16 15:45:00,PARTICIPATION,GRIDFLEX_100PCT,Line_Trunk_2,16.68,-23.77,11.66,24.01,-11.62
2011-09-16 15:45:00,PARTICIPATION,GRIDFLEX_100PCT,Line_Trunk_3,9.88,-14.85,5.37,14.93,-5.35
2011-09-16 15:45:00,PARTICIPATION,GRIDFLEX_100PCT,Line_Commercial,6.35,10.02,0.0,-10.0,0.0
2011-09-16 15:45:00,PARTICIPATION,GRIDFLEX_100PCT,Line_Critical,0.0,0.0,-0.0,0.0,-0.0
2011-09-16 15:45:00,PARTICIPATION,GRIDFLEX_100PCT,Line_EV_Hub,0.0,0.0,-0.0,-0.0,-0.0
2011-09-16 15:45:00,PARTICIPATION,GRIDFLEX_100PCT,Line_BESS,0.0,0.0,-0.0,0.0,0.0
2011-09-16 16:00:00,PARTICIPATION,GRIDFLEX_100PCT,Line_Trunk_1,30.12,42.81,20.25,-42.21,-20.12
2011-09-16 16:00:00,PARTICIPATION,GRIDFLEX_100PCT,Line_Trunk_2,18.76,26.01,13.1,-25.72,-13.04
2011-09-16 16:00:00,PARTICIPATION,GRIDFLEX_100PCT,Line_Trunk_3,8.17,11.02,6.03,-10.96,-6.02
2011-09-16 16:00:00,PARTICIPATION,GRIDFLEX_100PCT,Line_Commercial,6.37,10.02,0.0,-10.0,0.0
2011-09-16 16:00:00,PARTICIPATION,GRIDFLEX_100PCT,Line_Critical,0.0,0.0,-0.0,-0.0,-0.0
2011-09-16 16:00:00,PARTICIPATION,GRIDFLEX_100PCT,Line_EV_Hub,0.0,0.0,-0.0,0.0,0.0
2011-09-16 16:00:00,PARTICIPATION,GRIDFLEX_100PCT,Line_BESS,0.0,0.0,-0.0,0.0,-0.0
2011-09-16 16:15:00,PARTICIPATION,GRIDFLEX_100PCT,Line_Trunk_1,35.71,52.03,21.06,-51.18,-20.88
2011-09-16 16:15:00,PARTICIPATION,GRIDFLEX_100PCT,Line_Trunk_2,22.73,32.44,13.61,-32.01,-13.52
2011-09-16 16:15:00,PARTICIPATION,GRIDFLEX_100PCT,Line_Trunk_3,10.16,14.22,6.25,-14.13,-6.23
2011-09-16 16:15:00,PARTICIPATION,GRIDFLEX_100PCT,Line_Commercial,6.38,10.02,0.0,-10.0,0.0
2011-09-16 16:15:00,PARTICIPATION,GRIDFLEX_100PCT,Line_Critical,0.0,0.0,-0.0,0.0,0.0
2011-09-16 16:15:00,PARTICIPATION,GRIDFLEX_100PCT,Line_EV_Hub,0.0,0.0,-0.0,-0.0,-0.0
2011-09-16 16:15:00,PARTICIPATION,GRIDFLEX_100PCT,Line_BESS,0.0,0.0,-0.0,0.0,0.0
2011-09-16 16:30:00,PARTICIPATION,GRIDFLEX_100PCT,Line_Trunk_1,47.59,70.73,24.03,-69.21,-23.71
2011-09-16 16:30:00,PARTICIPATION,GRIDFLEX_100PCT,Line_Trunk_2,31.0,45.07,15.48,-44.27,-15.31
2011-09-16 16:30:00,PARTICIPATION,GRIDFLEX_100PCT,Line_Trunk_3,14.27,20.37,7.09,-20.2,-7.05
2011-09-16 16:30:00,PARTICIPATION,GRIDFLEX_100PCT,Line_Commercial,6.39,10.02,0.0,-10.0,0.0
2011-09-16 16:30:00,PARTICIPATION,GRIDFLEX_100PCT,Line_Critical,0.0,0.0,-0.0,0.0,0.0
2011-09-16 16:30:00,PARTICIPATION,GRIDFLEX_100PCT,Line_EV_Hub,0.0,0.0,-0.0,-0.0,-0.0
2011-09-16 16:30:00,PARTICIPATION,GRIDFLEX_100PCT,Line_BESS,0.0,0.0,-0.0,0.0,0.0
2011-09-16 16:45:00,PARTICIPATION,GRIDFLEX_100PCT,Line_Trunk_1,49.92,74.52,24.17,-72.85,-23.82
2011-09-16 16:45:00,PARTICIPATION,GRIDFLEX_100PCT,Line_Trunk_2,32.7,47.74,15.56,-46.84,-15.37
2011-09-16 16:45:00,PARTICIPATION,GRIDFLEX_100PCT,Line_Trunk_3,15.16,21.72,7.12,-21.53,-7.08
2011-09-16 16:45:00,PARTICIPATION,GRIDFLEX_100PCT,Line_Commercial,6.39,10.02,0.0,-10.0,0.0
2011-09-16 16:45:00,PARTICIPATION,GRIDFLEX_100PCT,Line_Critical,0.0,0.0,-0.0,-0.0,-0.0
2011-09-16 16:45:00,PARTICIPATION,GRIDFLEX_100PCT,Line_EV_Hub,0.0,0.0,-0.0,-0.0,-0.0
2011-09-16 16:45:00,PARTICIPATION,GRIDFLEX_100PCT,Line_BESS,0.0,0.0,-0.0,-0.0,0.0
2011-09-16 17:00:00,PARTICIPATION,GRIDFLEX_100PCT,Line_Trunk_1,59.54,88.77,28.72,-86.4,-28.22
2011-09-16 17:00:00,PARTICIPATION,GRIDFLEX_100PCT,Line_Trunk_2,39.06,56.7,18.46,-55.43,-18.18
2011-09-16 17:00:00,PARTICIPATION,GRIDFLEX_100PCT,Line_Trunk_3,18.13,25.73,8.42,-25.46,-8.37
2011-09-16 17:00:00,PARTICIPATION,GRIDFLEX_100PCT,Line_Commercial,6.4,10.02,0.0,-10.0,0.0
2011-09-16 17:00:00,PARTICIPATION,GRIDFLEX_100PCT,Line_Critical,0.0,0.0,-0.0,0.0,0.0
2011-09-16 17:00:00,PARTICIPATION,GRIDFLEX_100PCT,Line_EV_Hub,0.0,0.0,-0.0,0.0,-0.0
2011-09-16 17:00:00,PARTICIPATION,GRIDFLEX_100PCT,Line_BESS,0.0,0.0,-0.0,0.0,0.0
2011-09-16 17:15:00,PARTICIPATION,GRIDFLEX_100PCT,Line_Trunk_1,61.86,92.22,29.82,-89.66,-29.27
2011-09-16 17:15:00,PARTICIPATION,GRIDFLEX_100PCT,Line_Trunk_2,40.6,58.86,19.15,-57.49,-18.86
2011-09-16 17:15:00,PARTICIPATION,GRIDFLEX_100PCT,Line_Trunk_3,18.85,26.69,8.74,-26.39,-8.68
2011-09-16 17:15:00,PARTICIPATION,GRIDFLEX_100PCT,Line_Commercial,6.4,10.02,0.0,-10.0,-0.0
2011-09-16 17:15:00,PARTICIPATION,GRIDFLEX_100PCT,Line_Critical,0.0,0.0,-0.0,0.0,-0.0
2011-09-16 17:15:00,PARTICIPATION,GRIDFLEX_100PCT,Line_EV_Hub,0.0,0.0,-0.0,0.0,-0.0
2011-09-16 17:15:00,PARTICIPATION,GRIDFLEX_100PCT,Line_BESS,0.0,0.0,-0.0,-0.0,0.0
2011-09-16 13:30:00,PARTICIPATION,GRIDFLEX_70PCT,Line_Trunk_1,94.51,-148.72,18.74,154.7,-17.47
2011-09-16 13:30:00,PARTICIPATION,GRIDFLEX_70PCT,Line_Trunk_2,69.88,-114.5,11.75,118.58,-10.88
2011-09-16 13:30:00,PARTICIPATION,GRIDFLEX_70PCT,Line_Trunk_3,38.81,-65.94,5.17,67.2,-4.9
2011-09-16 13:30:00,PARTICIPATION,GRIDFLEX_70PCT,Line_Commercial,6.32,10.02,0.0,-10.0,-0.0
2011-09-16 13:30:00,PARTICIPATION,GRIDFLEX_70PCT,Line_Critical,0.0,0.0,-0.0,0.0,-0.0
2011-09-16 13:30:00,PARTICIPATION,GRIDFLEX_70PCT,Line_EV_Hub,0.0,0.0,-0.0,-0.0,0.0
2011-09-16 13:30:00,PARTICIPATION,GRIDFLEX_70PCT,Line_BESS,0.0,0.0,-0.0,0.0,0.0
2011-09-16 13:45:00,PARTICIPATION,GRIDFLEX_70PCT,Line_Trunk_1,95.37,-150.1,18.73,156.19,-17.44
2011-09-16 13:45:00,PARTICIPATION,GRIDFLEX_70PCT,Line_Trunk_2,70.48,-115.55,11.74,119.71,-10.85
2011-09-16 13:45:00,PARTICIPATION,GRIDFLEX_70PCT,Line_Trunk_3,39.11,-66.5,5.16,67.78,-4.88
2011-09-16 13:45:00,PARTICIPATION,GRIDFLEX_70PCT,Line_Commercial,6.32,10.02,0.0,-10.0,-0.0
2011-09-16 13:45:00,PARTICIPATION,GRIDFLEX_70PCT,Line_Critical,0.0,0.0,-0.0,-0.0,-0.0
2011-09-16 13:45:00,PARTICIPATION,GRIDFLEX_70PCT,Line_EV_Hub,0.0,0.0,-0.0,-0.0,0.0
2011-09-16 13:45:00,PARTICIPATION,GRIDFLEX_70PCT,Line_BESS,0.0,0.0,-0.0,-0.0,-0.0
2011-09-16 14:00:00,PARTICIPATION,GRIDFLEX_70PCT,Line_Trunk_1,84.03,-131.83,18.9,136.55,-17.89
2011-09-16 14:00:00,PARTICIPATION,GRIDFLEX_70PCT,Line_Trunk_2,62.48,-101.7,11.95,104.97,-11.25
2011-09-16 14:00:00,PARTICIPATION,GRIDFLEX_70PCT,Line_Trunk_3,35.03,-58.96,5.31,59.98,-5.09
2011-09-16 14:00:00,PARTICIPATION,GRIDFLEX_70PCT,Line_Commercial,6.32,10.02,0.0,-10.0,-0.0
2011-09-16 14:00:00,PARTICIPATION,GRIDFLEX_70PCT,Line_Critical,0.0,0.0,-0.0,-0.0,-0.0
2011-09-16 14:00:00,PARTICIPATION,GRIDFLEX_70PCT,Line_EV_Hub,0.0,0.0,-0.0,-0.0,0.0
2011-09-16 14:00:00,PARTICIPATION,GRIDFLEX_70PCT,Line_BESS,0.0,0.0,-0.0,-0.0,-0.0
2011-09-16 14:15:00,PARTICIPATION,GRIDFLEX_70PCT,Line_Trunk_1,78.92,-123.67,18.44,127.84,-17.55
2011-09-16 14:15:00,PARTICIPATION,GRIDFLEX_70PCT,Line_Trunk_2,58.78,-95.4,11.69,98.29,-11.08
2011-09-16 14:15:00,PARTICIPATION,GRIDFLEX_70PCT,Line_Trunk_3,33.13,-55.5,5.22,56.42,-5.02
2011-09-16 14:15:00,PARTICIPATION,GRIDFLEX_70PCT,Line_Commercial,6.33,10.02,0.0,-10.0,-0.0
2011-09-16 14:15:00,PARTICIPATION,GRIDFLEX_70PCT,Line_Critical,0.0,0.0,-0.0,0.0,0.0
2011-09-16 14:15:00,PARTICIPATION,GRIDFLEX_70PCT,Line_EV_Hub,0.0,0.0,-0.0,-0.0,0.0
2011-09-16 14:15:00,PARTICIPATION,GRIDFLEX_70PCT,Line_BESS,0.0,0.0,-0.0,0.0,0.0
2011-09-16 14:30:00,PARTICIPATION,GRIDFLEX_70PCT,Line_Trunk_1,66.01,-102.98,17.79,105.9,-17.17
2011-09-16 14:30:00,PARTICIPATION,GRIDFLEX_70PCT,Line_Trunk_2,50.15,-80.7,11.36,82.81,-10.92
2011-09-16 14:30:00,PARTICIPATION,GRIDFLEX_70PCT,Line_Trunk_3,27.4,-45.36,5.11,45.98,-4.98
2011-09-16 14:30:00,PARTICIPATION,GRIDFLEX_70PCT,Line_Commercial,6.33,10.02,0.0,-10.0,-0.0
2011-09-16 14:30:00,PARTICIPATION,GRIDFLEX_70PCT,Line_Critical,0.0,0.0,-0.0,0.0,-0.0
2011-09-16 14:30:00,PARTICIPATION,GRIDFLEX_70PCT,Line_EV_Hub,0.0,0.0,-0.0,-0.0,0.0
2011-09-16 14:30:00,PARTICIPATION,GRIDFLEX_70PCT,Line_BESS,0.0,0.0,-0.0,-0.0,-0.0
2011-09-16 14:45:00,PARTICIPATION,GRIDFLEX_70PCT,Line_Trunk_1,67.99,-106.08,18.27,109.18,-17.61
2011-09-16 14:45:00,PARTICIPATION,GRIDFLEX_70PCT,Line_Trunk_2,51.62,-83.16,11.66,85.39,-11.19
2011-09-16 14:45:00,PARTICIPATION,GRIDFLEX_70PCT,Line_Trunk_3,28.2,-46.75,5.24,47.41,-5.1
2011-09-16 14:45:00,PARTICIPATION,GRIDFLEX_70PCT,Line_Commercial,6.33,10.02,0.0,-10.0,-0.0
2011-09-16 14:45:00,PARTICIPATION,GRIDFLEX_70PCT,Line_Critical,0.0,0.0,-0.0,-0.0,-0.0
2011-09-16 14:45:00,PARTICIPATION,GRIDFLEX_70PCT,Line_EV_Hub,0.0,0.0,-0.0,0.0,0.0
2011-09-16 14:45:00,PARTICIPATION,GRIDFLEX_70PCT,Line_BESS,0.0,0.0,-0.0,0.0,0.0
2011-09-16 15:00:00,PARTICIPATION,GRIDFLEX_70PCT,Line_Trunk_1,38.92,-58.97,17.47,59.98,-17.25
2011-09-16 15:00:00,PARTICIPATION,GRIDFLEX_70PCT,Line_Trunk_2,30.57,-47.72,11.29,48.5,-11.13
2011-09-16 15:00:00,PARTICIPATION,GRIDFLEX_70PCT,Line_Trunk_3,17.22,-27.55,5.16,27.8,-5.11
2011-09-16 15:00:00,PARTICIPATION,GRIDFLEX_70PCT,Line_Commercial,6.34,10.02,0.0,-10.0,0.0
2011-09-16 15:00:00,PARTICIPATION,GRIDFLEX_70PCT,Line_Critical,0.0,0.0,-0.0,0.0,0.0
2011-09-16 15:00:00,PARTICIPATION,GRIDFLEX_70PCT,Line_EV_Hub,0.0,0.0,-0.0,-0.0,0.0
2011-09-16 15:00:00,PARTICIPATION,GRIDFLEX_70PCT,Line_BESS,0.0,0.0,-0.0,-0.0,-0.0
2011-09-16 15:15:00,PARTICIPATION,GRIDFLEX_70PCT,Line_Trunk_1,41.26,-62.67,18.04,63.81,-17.8
2011-09-16 15:15:00,PARTICIPATION,GRIDFLEX_70PCT,Line_Trunk_2,32.35,-50.61,11.65,51.49,-11.47
2011-09-16 15:15:00,PARTICIPATION,GRIDFLEX_70PCT,Line_Trunk_3,18.18,-29.17,5.32,29.45,-5.27
2011-09-16 15:15:00,PARTICIPATION,GRIDFLEX_70PCT,Line_Commercial,6.34,10.02,0.0,-10.0,-0.0
2011-09-16 15:15:00,PARTICIPATION,GRIDFLEX_70PCT,Line_Critical,0.0,0.0,-0.0,-0.0,0.0
2011-09-16 15:15:00,PARTICIPATION,GRIDFLEX_70PCT,Line_EV_Hub,0.0,0.0,-0.0,-0.0,-0.0
2011-09-16 15:15:00,PARTICIPATION,GRIDFLEX_70PCT,Line_BESS,0.0,0.0,-0.0,-0.0,0.0
2011-09-16 15:30:00,PARTICIPATION,GRIDFLEX_70PCT,Line_Trunk_1,14.97,-14.49,18.63,14.64,-18.6
2011-09-16 15:30:00,PARTICIPATION,GRIDFLEX_70PCT,Line_Trunk_2,12.28,-15.19,12.1,15.32,-12.08
2011-09-16 15:30:00,PARTICIPATION,GRIDFLEX_70PCT,Line_Trunk_3,7.43,-10.4,5.58,10.45,-5.57
2011-09-16 15:30:00,PARTICIPATION,GRIDFLEX_70PCT,Line_Commercial,6.36,10.02,0.0,-10.0,-0.0
2011-09-16 15:30:00,PARTICIPATION,GRIDFLEX_70PCT,Line_Critical,0.0,0.0,-0.0,-0.0,0.0
2011-09-16 15:30:00,PARTICIPATION,GRIDFLEX_70PCT,Line_EV_Hub,0.0,0.0,-0.0,-0.0,0.0
2011-09-16 15:30:00,PARTICIPATION,GRIDFLEX_70PCT,Line_BESS,0.0,0.0,-0.0,0.0,0.0
2011-09-16 15:45:00,PARTICIPATION,GRIDFLEX_70PCT,Line_Trunk_1,20.23,-26.39,17.96,26.66,-17.91
2011-09-16 15:45:00,PARTICIPATION,GRIDFLEX_70PCT,Line_Trunk_2,16.68,-23.77,11.66,24.01,-11.62
2011-09-16 15:45:00,PARTICIPATION,GRIDFLEX_70PCT,Line_Trunk_3,9.88,-14.85,5.37,14.93,-5.35
2011-09-16 15:45:00,PARTICIPATION,GRIDFLEX_70PCT,Line_Commercial,6.35,10.02,0.0,-10.0,0.0
2011-09-16 15:45:00,PARTICIPATION,GRIDFLEX_70PCT,Line_Critical,0.0,0.0,-0.0,0.0,-0.0
2011-09-16 15:45:00,PARTICIPATION,GRIDFLEX_70PCT,Line_EV_Hub,0.0,0.0,-0.0,-0.0,-0.0
2011-09-16 15:45:00,PARTICIPATION,GRIDFLEX_70PCT,Line_BESS,0.0,0.0,-0.0,0.0,0.0
2011-09-16 16:00:00,PARTICIPATION,GRIDFLEX_70PCT,Line_Trunk_1,30.12,42.81,20.25,-42.21,-20.12
2011-09-16 16:00:00,PARTICIPATION,GRIDFLEX_70PCT,Line_Trunk_2,18.76,26.01,13.1,-25.72,-13.04
2011-09-16 16:00:00,PARTICIPATION,GRIDFLEX_70PCT,Line_Trunk_3,8.17,11.02,6.03,-10.96,-6.02
2011-09-16 16:00:00,PARTICIPATION,GRIDFLEX_70PCT,Line_Commercial,6.37,10.02,0.0,-10.0,0.0
2011-09-16 16:00:00,PARTICIPATION,GRIDFLEX_70PCT,Line_Critical,0.0,0.0,-0.0,-0.0,-0.0
2011-09-16 16:00:00,PARTICIPATION,GRIDFLEX_70PCT,Line_EV_Hub,0.0,0.0,-0.0,0.0,0.0
2011-09-16 16:00:00,PARTICIPATION,GRIDFLEX_70PCT,Line_BESS,0.0,0.0,-0.0,0.0,-0.0
2011-09-16 16:15:00,PARTICIPATION,GRIDFLEX_70PCT,Line_Trunk_1,35.71,52.03,21.06,-51.18,-20.88
2011-09-16 16:15:00,PARTICIPATION,GRIDFLEX_70PCT,Line_Trunk_2,22.73,32.44,13.61,-32.01,-13.52
2011-09-16 16:15:00,PARTICIPATION,GRIDFLEX_70PCT,Line_Trunk_3,10.16,14.22,6.25,-14.13,-6.23
2011-09-16 16:15:00,PARTICIPATION,GRIDFLEX_70PCT,Line_Commercial,6.38,10.02,0.0,-10.0,0.0
2011-09-16 16:15:00,PARTICIPATION,GRIDFLEX_70PCT,Line_Critical,0.0,0.0,-0.0,0.0,0.0
2011-09-16 16:15:00,PARTICIPATION,GRIDFLEX_70PCT,Line_EV_Hub,0.0,0.0,-0.0,-0.0,-0.0
2011-09-16 16:15:00,PARTICIPATION,GRIDFLEX_70PCT,Line_BESS,0.0,0.0,-0.0,0.0,0.0
2011-09-16 16:30:00,PARTICIPATION,GRIDFLEX_70PCT,Line_Trunk_1,47.59,70.73,24.03,-69.21,-23.71
2011-09-16 16:30:00,PARTICIPATION,GRIDFLEX_70PCT,Line_Trunk_2,31.0,45.07,15.48,-44.27,-15.31
2011-09-16 16:30:00,PARTICIPATION,GRIDFLEX_70PCT,Line_Trunk_3,14.27,20.37,7.09,-20.2,-7.05
2011-09-16 16:30:00,PARTICIPATION,GRIDFLEX_70PCT,Line_Commercial,6.39,10.02,0.0,-10.0,0.0
2011-09-16 16:30:00,PARTICIPATION,GRIDFLEX_70PCT,Line_Critical,0.0,0.0,-0.0,0.0,0.0
2011-09-16 16:30:00,PARTICIPATION,GRIDFLEX_70PCT,Line_EV_Hub,0.0,0.0,-0.0,-0.0,-0.0
2011-09-16 16:30:00,PARTICIPATION,GRIDFLEX_70PCT,Line_BESS,0.0,0.0,-0.0,0.0,0.0
2011-09-16 16:45:00,PARTICIPATION,GRIDFLEX_70PCT,Line_Trunk_1,49.92,74.52,24.17,-72.85,-23.82
2011-09-16 16:45:00,PARTICIPATION,GRIDFLEX_70PCT,Line_Trunk_2,32.7,47.74,15.56,-46.84,-15.37
2011-09-16 16:45:00,PARTICIPATION,GRIDFLEX_70PCT,Line_Trunk_3,15.16,21.72,7.12,-21.53,-7.08
2011-09-16 16:45:00,PARTICIPATION,GRIDFLEX_70PCT,Line_Commercial,6.39,10.02,0.0,-10.0,0.0
2011-09-16 16:45:00,PARTICIPATION,GRIDFLEX_70PCT,Line_Critical,0.0,0.0,-0.0,-0.0,-0.0
2011-09-16 16:45:00,PARTICIPATION,GRIDFLEX_70PCT,Line_EV_Hub,0.0,0.0,-0.0,-0.0,-0.0
2011-09-16 16:45:00,PARTICIPATION,GRIDFLEX_70PCT,Line_BESS,0.0,0.0,-0.0,-0.0,0.0
2011-09-16 17:00:00,PARTICIPATION,GRIDFLEX_70PCT,Line_Trunk_1,61.58,91.9,29.36,-89.37,-28.82
2011-09-16 17:00:00,PARTICIPATION,GRIDFLEX_70PCT,Line_Trunk_2,39.11,56.71,18.46,-55.43,-18.18
2011-09-16 17:00:00,PARTICIPATION,GRIDFLEX_70PCT,Line_Trunk_3,18.15,25.73,8.42,-25.46,-8.37
2011-09-16 17:00:00,PARTICIPATION,GRIDFLEX_70PCT,Line_Commercial,6.4,10.02,0.0,-10.0,0.0
2011-09-16 17:00:00,PARTICIPATION,GRIDFLEX_70PCT,Line_Critical,0.0,0.0,-0.0,-0.0,0.0
2011-09-16 17:00:00,PARTICIPATION,GRIDFLEX_70PCT,Line_EV_Hub,1.98,2.96,0.6,-2.96,-0.6
2011-09-16 17:00:00,PARTICIPATION,GRIDFLEX_70PCT,Line_BESS,0.0,0.0,-0.0,-0.0,-0.0
2011-09-16 17:15:00,PARTICIPATION,GRIDFLEX_70PCT,Line_Trunk_1,66.25,98.93,31.18,-96.0,-30.56
2011-09-16 17:15:00,PARTICIPATION,GRIDFLEX_70PCT,Line_Trunk_2,40.71,58.87,19.15,-57.49,-18.86
2011-09-16 17:15:00,PARTICIPATION,GRIDFLEX_70PCT,Line_Trunk_3,18.9,26.69,8.74,-26.39,-8.68
2011-09-16 17:15:00,PARTICIPATION,GRIDFLEX_70PCT,Line_Commercial,6.4,10.02,0.0,-10.0,-0.0
2011-09-16 17:15:00,PARTICIPATION,GRIDFLEX_70PCT,Line_Critical,0.0,0.0,-0.0,-0.0,-0.0
2011-09-16 17:15:00,PARTICIPATION,GRIDFLEX_70PCT,Line_EV_Hub,4.25,6.33,1.28,-6.32,-1.28
2011-09-16 17:15:00,PARTICIPATION,GRIDFLEX_70PCT,Line_BESS,0.0,0.0,-0.0,-0.0,-0.0
2011-09-16 13:30:00,PARTICIPATION,GRIDFLEX_40PCT,Line_Trunk_1,94.51,-148.72,18.74,154.7,-17.47
2011-09-16 13:30:00,PARTICIPATION,GRIDFLEX_40PCT,Line_Trunk_2,69.88,-114.5,11.75,118.58,-10.88
2011-09-16 13:30:00,PARTICIPATION,GRIDFLEX_40PCT,Line_Trunk_3,38.81,-65.94,5.17,67.2,-4.9
2011-09-16 13:30:00,PARTICIPATION,GRIDFLEX_40PCT,Line_Commercial,6.32,10.02,0.0,-10.0,-0.0
2011-09-16 13:30:00,PARTICIPATION,GRIDFLEX_40PCT,Line_Critical,0.0,0.0,-0.0,0.0,-0.0
2011-09-16 13:30:00,PARTICIPATION,GRIDFLEX_40PCT,Line_EV_Hub,0.0,0.0,-0.0,-0.0,0.0
2011-09-16 13:30:00,PARTICIPATION,GRIDFLEX_40PCT,Line_BESS,0.0,0.0,-0.0,0.0,0.0
2011-09-16 13:45:00,PARTICIPATION,GRIDFLEX_40PCT,Line_Trunk_1,95.37,-150.1,18.73,156.19,-17.44
2011-09-16 13:45:00,PARTICIPATION,GRIDFLEX_40PCT,Line_Trunk_2,70.48,-115.55,11.74,119.71,-10.85
2011-09-16 13:45:00,PARTICIPATION,GRIDFLEX_40PCT,Line_Trunk_3,39.11,-66.5,5.16,67.78,-4.88
2011-09-16 13:45:00,PARTICIPATION,GRIDFLEX_40PCT,Line_Commercial,6.32,10.02,0.0,-10.0,-0.0
2011-09-16 13:45:00,PARTICIPATION,GRIDFLEX_40PCT,Line_Critical,0.0,0.0,-0.0,-0.0,-0.0
2011-09-16 13:45:00,PARTICIPATION,GRIDFLEX_40PCT,Line_EV_Hub,0.0,0.0,-0.0,-0.0,0.0
2011-09-16 13:45:00,PARTICIPATION,GRIDFLEX_40PCT,Line_BESS,0.0,0.0,-0.0,-0.0,-0.0
2011-09-16 14:00:00,PARTICIPATION,GRIDFLEX_40PCT,Line_Trunk_1,84.03,-131.83,18.9,136.55,-17.89
2011-09-16 14:00:00,PARTICIPATION,GRIDFLEX_40PCT,Line_Trunk_2,62.48,-101.7,11.95,104.97,-11.25
2011-09-16 14:00:00,PARTICIPATION,GRIDFLEX_40PCT,Line_Trunk_3,35.03,-58.96,5.31,59.98,-5.09
2011-09-16 14:00:00,PARTICIPATION,GRIDFLEX_40PCT,Line_Commercial,6.32,10.02,0.0,-10.0,-0.0
2011-09-16 14:00:00,PARTICIPATION,GRIDFLEX_40PCT,Line_Critical,0.0,0.0,-0.0,-0.0,-0.0
2011-09-16 14:00:00,PARTICIPATION,GRIDFLEX_40PCT,Line_EV_Hub,0.0,0.0,-0.0,-0.0,0.0
2011-09-16 14:00:00,PARTICIPATION,GRIDFLEX_40PCT,Line_BESS,0.0,0.0,-0.0,-0.0,-0.0
2011-09-16 14:15:00,PARTICIPATION,GRIDFLEX_40PCT,Line_Trunk_1,78.92,-123.67,18.44,127.84,-17.55
2011-09-16 14:15:00,PARTICIPATION,GRIDFLEX_40PCT,Line_Trunk_2,58.78,-95.4,11.69,98.29,-11.08
2011-09-16 14:15:00,PARTICIPATION,GRIDFLEX_40PCT,Line_Trunk_3,33.13,-55.5,5.22,56.42,-5.02
2011-09-16 14:15:00,PARTICIPATION,GRIDFLEX_40PCT,Line_Commercial,6.33,10.02,0.0,-10.0,-0.0
2011-09-16 14:15:00,PARTICIPATION,GRIDFLEX_40PCT,Line_Critical,0.0,0.0,-0.0,0.0,0.0
2011-09-16 14:15:00,PARTICIPATION,GRIDFLEX_40PCT,Line_EV_Hub,0.0,0.0,-0.0,-0.0,0.0
2011-09-16 14:15:00,PARTICIPATION,GRIDFLEX_40PCT,Line_BESS,0.0,0.0,-0.0,0.0,0.0
2011-09-16 14:30:00,PARTICIPATION,GRIDFLEX_40PCT,Line_Trunk_1,66.01,-102.98,17.79,105.9,-17.17
2011-09-16 14:30:00,PARTICIPATION,GRIDFLEX_40PCT,Line_Trunk_2,50.15,-80.7,11.36,82.81,-10.92
2011-09-16 14:30:00,PARTICIPATION,GRIDFLEX_40PCT,Line_Trunk_3,27.4,-45.36,5.11,45.98,-4.98
2011-09-16 14:30:00,PARTICIPATION,GRIDFLEX_40PCT,Line_Commercial,6.33,10.02,0.0,-10.0,-0.0
2011-09-16 14:30:00,PARTICIPATION,GRIDFLEX_40PCT,Line_Critical,0.0,0.0,-0.0,0.0,-0.0
2011-09-16 14:30:00,PARTICIPATION,GRIDFLEX_40PCT,Line_EV_Hub,0.0,0.0,-0.0,-0.0,0.0
2011-09-16 14:30:00,PARTICIPATION,GRIDFLEX_40PCT,Line_BESS,0.0,0.0,-0.0,-0.0,-0.0
2011-09-16 14:45:00,PARTICIPATION,GRIDFLEX_40PCT,Line_Trunk_1,67.99,-106.08,18.27,109.18,-17.61
2011-09-16 14:45:00,PARTICIPATION,GRIDFLEX_40PCT,Line_Trunk_2,51.62,-83.16,11.66,85.39,-11.19
2011-09-16 14:45:00,PARTICIPATION,GRIDFLEX_40PCT,Line_Trunk_3,28.2,-46.75,5.24,47.41,-5.1
2011-09-16 14:45:00,PARTICIPATION,GRIDFLEX_40PCT,Line_Commercial,6.33,10.02,0.0,-10.0,-0.0
2011-09-16 14:45:00,PARTICIPATION,GRIDFLEX_40PCT,Line_Critical,0.0,0.0,-0.0,-0.0,-0.0
2011-09-16 14:45:00,PARTICIPATION,GRIDFLEX_40PCT,Line_EV_Hub,0.0,0.0,-0.0,0.0,0.0
2011-09-16 14:45:00,PARTICIPATION,GRIDFLEX_40PCT,Line_BESS,0.0,0.0,-0.0,0.0,0.0
2011-09-16 15:00:00,PARTICIPATION,GRIDFLEX_40PCT,Line_Trunk_1,38.92,-58.97,17.47,59.98,-17.25
2011-09-16 15:00:00,PARTICIPATION,GRIDFLEX_40PCT,Line_Trunk_2,30.57,-47.72,11.29,48.5,-11.13
2011-09-16 15:00:00,PARTICIPATION,GRIDFLEX_40PCT,Line_Trunk_3,17.22,-27.55,5.16,27.8,-5.11
2011-09-16 15:00:00,PARTICIPATION,GRIDFLEX_40PCT,Line_Commercial,6.34,10.02,0.0,-10.0,0.0
2011-09-16 15:00:00,PARTICIPATION,GRIDFLEX_40PCT,Line_Critical,0.0,0.0,-0.0,0.0,0.0
2011-09-16 15:00:00,PARTICIPATION,GRIDFLEX_40PCT,Line_EV_Hub,0.0,0.0,-0.0,-0.0,0.0
2011-09-16 15:00:00,PARTICIPATION,GRIDFLEX_40PCT,Line_BESS,0.0,0.0,-0.0,-0.0,-0.0
2011-09-16 15:15:00,PARTICIPATION,GRIDFLEX_40PCT,Line_Trunk_1,41.26,-62.67,18.04,63.81,-17.8
2011-09-16 15:15:00,PARTICIPATION,GRIDFLEX_40PCT,Line_Trunk_2,32.35,-50.61,11.65,51.49,-11.47
2011-09-16 15:15:00,PARTICIPATION,GRIDFLEX_40PCT,Line_Trunk_3,18.18,-29.17,5.32,29.45,-5.27
2011-09-16 15:15:00,PARTICIPATION,GRIDFLEX_40PCT,Line_Commercial,6.34,10.02,0.0,-10.0,-0.0
2011-09-16 15:15:00,PARTICIPATION,GRIDFLEX_40PCT,Line_Critical,0.0,0.0,-0.0,-0.0,0.0
2011-09-16 15:15:00,PARTICIPATION,GRIDFLEX_40PCT,Line_EV_Hub,0.0,0.0,-0.0,-0.0,-0.0
2011-09-16 15:15:00,PARTICIPATION,GRIDFLEX_40PCT,Line_BESS,0.0,0.0,-0.0,-0.0,0.0
2011-09-16 15:30:00,PARTICIPATION,GRIDFLEX_40PCT,Line_Trunk_1,14.97,-14.49,18.63,14.64,-18.6
2011-09-16 15:30:00,PARTICIPATION,GRIDFLEX_40PCT,Line_Trunk_2,12.28,-15.19,12.1,15.32,-12.08
2011-09-16 15:30:00,PARTICIPATION,GRIDFLEX_40PCT,Line_Trunk_3,7.43,-10.4,5.58,10.45,-5.57
2011-09-16 15:30:00,PARTICIPATION,GRIDFLEX_40PCT,Line_Commercial,6.36,10.02,0.0,-10.0,-0.0
2011-09-16 15:30:00,PARTICIPATION,GRIDFLEX_40PCT,Line_Critical,0.0,0.0,-0.0,-0.0,0.0
2011-09-16 15:30:00,PARTICIPATION,GRIDFLEX_40PCT,Line_EV_Hub,0.0,0.0,-0.0,-0.0,0.0
2011-09-16 15:30:00,PARTICIPATION,GRIDFLEX_40PCT,Line_BESS,0.0,0.0,-0.0,0.0,0.0
2011-09-16 15:45:00,PARTICIPATION,GRIDFLEX_40PCT,Line_Trunk_1,20.23,-26.39,17.96,26.66,-17.91
2011-09-16 15:45:00,PARTICIPATION,GRIDFLEX_40PCT,Line_Trunk_2,16.68,-23.77,11.66,24.01,-11.62
2011-09-16 15:45:00,PARTICIPATION,GRIDFLEX_40PCT,Line_Trunk_3,9.88,-14.85,5.37,14.93,-5.35
2011-09-16 15:45:00,PARTICIPATION,GRIDFLEX_40PCT,Line_Commercial,6.35,10.02,0.0,-10.0,0.0
2011-09-16 15:45:00,PARTICIPATION,GRIDFLEX_40PCT,Line_Critical,0.0,0.0,-0.0,0.0,-0.0
2011-09-16 15:45:00,PARTICIPATION,GRIDFLEX_40PCT,Line_EV_Hub,0.0,0.0,-0.0,-0.0,-0.0
2011-09-16 15:45:00,PARTICIPATION,GRIDFLEX_40PCT,Line_BESS,0.0,0.0,-0.0,0.0,0.0
2011-09-16 16:00:00,PARTICIPATION,GRIDFLEX_40PCT,Line_Trunk_1,30.12,42.81,20.25,-42.21,-20.12
2011-09-16 16:00:00,PARTICIPATION,GRIDFLEX_40PCT,Line_Trunk_2,18.76,26.01,13.1,-25.72,-13.04
2011-09-16 16:00:00,PARTICIPATION,GRIDFLEX_40PCT,Line_Trunk_3,8.17,11.02,6.03,-10.96,-6.02
2011-09-16 16:00:00,PARTICIPATION,GRIDFLEX_40PCT,Line_Commercial,6.37,10.02,0.0,-10.0,0.0
2011-09-16 16:00:00,PARTICIPATION,GRIDFLEX_40PCT,Line_Critical,0.0,0.0,-0.0,-0.0,-0.0
2011-09-16 16:00:00,PARTICIPATION,GRIDFLEX_40PCT,Line_EV_Hub,0.0,0.0,-0.0,0.0,0.0
2011-09-16 16:00:00,PARTICIPATION,GRIDFLEX_40PCT,Line_BESS,0.0,0.0,-0.0,0.0,-0.0
2011-09-16 16:15:00,PARTICIPATION,GRIDFLEX_40PCT,Line_Trunk_1,35.71,52.03,21.06,-51.18,-20.88
2011-09-16 16:15:00,PARTICIPATION,GRIDFLEX_40PCT,Line_Trunk_2,22.73,32.44,13.61,-32.01,-13.52
2011-09-16 16:15:00,PARTICIPATION,GRIDFLEX_40PCT,Line_Trunk_3,10.16,14.22,6.25,-14.13,-6.23
2011-09-16 16:15:00,PARTICIPATION,GRIDFLEX_40PCT,Line_Commercial,6.38,10.02,0.0,-10.0,0.0
2011-09-16 16:15:00,PARTICIPATION,GRIDFLEX_40PCT,Line_Critical,0.0,0.0,-0.0,0.0,0.0
2011-09-16 16:15:00,PARTICIPATION,GRIDFLEX_40PCT,Line_EV_Hub,0.0,0.0,-0.0,-0.0,-0.0
2011-09-16 16:15:00,PARTICIPATION,GRIDFLEX_40PCT,Line_BESS,0.0,0.0,-0.0,0.0,0.0
2011-09-16 16:30:00,PARTICIPATION,GRIDFLEX_40PCT,Line_Trunk_1,47.59,70.73,24.03,-69.21,-23.71
2011-09-16 16:30:00,PARTICIPATION,GRIDFLEX_40PCT,Line_Trunk_2,31.0,45.07,15.48,-44.27,-15.31
2011-09-16 16:30:00,PARTICIPATION,GRIDFLEX_40PCT,Line_Trunk_3,14.27,20.37,7.09,-20.2,-7.05
2011-09-16 16:30:00,PARTICIPATION,GRIDFLEX_40PCT,Line_Commercial,6.39,10.02,0.0,-10.0,0.0
2011-09-16 16:30:00,PARTICIPATION,GRIDFLEX_40PCT,Line_Critical,0.0,0.0,-0.0,0.0,0.0
2011-09-16 16:30:00,PARTICIPATION,GRIDFLEX_40PCT,Line_EV_Hub,0.0,0.0,-0.0,-0.0,-0.0
2011-09-16 16:30:00,PARTICIPATION,GRIDFLEX_40PCT,Line_BESS,0.0,0.0,-0.0,0.0,0.0
2011-09-16 16:45:00,PARTICIPATION,GRIDFLEX_40PCT,Line_Trunk_1,49.92,74.52,24.17,-72.85,-23.82
2011-09-16 16:45:00,PARTICIPATION,GRIDFLEX_40PCT,Line_Trunk_2,32.7,47.74,15.56,-46.84,-15.37
2011-09-16 16:45:00,PARTICIPATION,GRIDFLEX_40PCT,Line_Trunk_3,15.16,21.72,7.12,-21.53,-7.08
2011-09-16 16:45:00,PARTICIPATION,GRIDFLEX_40PCT,Line_Commercial,6.39,10.02,0.0,-10.0,0.0
2011-09-16 16:45:00,PARTICIPATION,GRIDFLEX_40PCT,Line_Critical,0.0,0.0,-0.0,-0.0,-0.0
2011-09-16 16:45:00,PARTICIPATION,GRIDFLEX_40PCT,Line_EV_Hub,0.0,0.0,-0.0,-0.0,-0.0
2011-09-16 16:45:00,PARTICIPATION,GRIDFLEX_40PCT,Line_BESS,0.0,0.0,-0.0,-0.0,0.0
2011-09-16 17:00:00,PARTICIPATION,GRIDFLEX_40PCT,Line_Trunk_1,61.58,91.9,29.36,-89.37,-28.82
2011-09-16 17:00:00,PARTICIPATION,GRIDFLEX_40PCT,Line_Trunk_2,39.11,56.71,18.46,-55.43,-18.18
2011-09-16 17:00:00,PARTICIPATION,GRIDFLEX_40PCT,Line_Trunk_3,18.15,25.73,8.42,-25.46,-8.37
2011-09-16 17:00:00,PARTICIPATION,GRIDFLEX_40PCT,Line_Commercial,6.4,10.02,0.0,-10.0,0.0
2011-09-16 17:00:00,PARTICIPATION,GRIDFLEX_40PCT,Line_Critical,0.0,0.0,-0.0,-0.0,0.0
2011-09-16 17:00:00,PARTICIPATION,GRIDFLEX_40PCT,Line_EV_Hub,1.98,2.96,0.6,-2.96,-0.6
2011-09-16 17:00:00,PARTICIPATION,GRIDFLEX_40PCT,Line_BESS,0.0,0.0,-0.0,-0.0,-0.0
2011-09-16 17:15:00,PARTICIPATION,GRIDFLEX_40PCT,Line_Trunk_1,76.68,114.86,34.43,-110.92,-33.59
2011-09-16 17:15:00,PARTICIPATION,GRIDFLEX_40PCT,Line_Trunk_2,40.97,58.9,19.16,-57.49,-18.86
2011-09-16 17:15:00,PARTICIPATION,GRIDFLEX_40PCT,Line_Trunk_3,19.02,26.7,8.74,-26.39,-8.68
2011-09-16 17:15:00,PARTICIPATION,GRIDFLEX_40PCT,Line_Commercial,6.41,10.02,0.0,-10.0,-0.0
2011-09-16 17:15:00,PARTICIPATION,GRIDFLEX_40PCT,Line_Critical,0.0,0.0,-0.0,0.0,0.0
2011-09-16 17:15:00,PARTICIPATION,GRIDFLEX_40PCT,Line_EV_Hub,14.34,21.23,4.31,-21.12,-4.29
2011-09-16 17:15:00,PARTICIPATION,GRIDFLEX_40PCT,Line_BESS,0.0,0.0,-0.0,-0.0,-0.0
2011-09-16 13:30:00,CLOUD_EVENT,CASE_A_BASELINE_CLOUD,Line_Trunk_1,94.51,-148.72,18.74,154.7,-17.47
2011-09-16 13:30:00,CLOUD_EVENT,CASE_A_BASELINE_CLOUD,Line_Trunk_2,69.88,-114.5,11.75,118.58,-10.88
2011-09-16 13:30:00,CLOUD_EVENT,CASE_A_BASELINE_CLOUD,Line_Trunk_3,38.81,-65.94,5.17,67.2,-4.9
2011-09-16 13:30:00,CLOUD_EVENT,CASE_A_BASELINE_CLOUD,Line_Commercial,6.32,10.02,0.0,-10.0,-0.0
2011-09-16 13:30:00,CLOUD_EVENT,CASE_A_BASELINE_CLOUD,Line_Critical,0.0,0.0,-0.0,0.0,-0.0
2011-09-16 13:30:00,CLOUD_EVENT,CASE_A_BASELINE_CLOUD,Line_EV_Hub,0.0,0.0,-0.0,-0.0,0.0
2011-09-16 13:30:00,CLOUD_EVENT,CASE_A_BASELINE_CLOUD,Line_BESS,0.0,0.0,-0.0,0.0,0.0
2011-09-16 13:45:00,CLOUD_EVENT,CASE_A_BASELINE_CLOUD,Line_Trunk_1,95.37,-150.1,18.73,156.19,-17.44
2011-09-16 13:45:00,CLOUD_EVENT,CASE_A_BASELINE_CLOUD,Line_Trunk_2,70.48,-115.55,11.74,119.71,-10.85
2011-09-16 13:45:00,CLOUD_EVENT,CASE_A_BASELINE_CLOUD,Line_Trunk_3,39.11,-66.5,5.16,67.78,-4.88
2011-09-16 13:45:00,CLOUD_EVENT,CASE_A_BASELINE_CLOUD,Line_Commercial,6.32,10.02,0.0,-10.0,-0.0
2011-09-16 13:45:00,CLOUD_EVENT,CASE_A_BASELINE_CLOUD,Line_Critical,0.0,0.0,-0.0,-0.0,-0.0
2011-09-16 13:45:00,CLOUD_EVENT,CASE_A_BASELINE_CLOUD,Line_EV_Hub,0.0,0.0,-0.0,-0.0,0.0
2011-09-16 13:45:00,CLOUD_EVENT,CASE_A_BASELINE_CLOUD,Line_BESS,0.0,0.0,-0.0,-0.0,-0.0
2011-09-16 14:00:00,CLOUD_EVENT,CASE_A_BASELINE_CLOUD,Line_Trunk_1,84.03,-131.83,18.9,136.55,-17.89
2011-09-16 14:00:00,CLOUD_EVENT,CASE_A_BASELINE_CLOUD,Line_Trunk_2,62.48,-101.7,11.95,104.97,-11.25
2011-09-16 14:00:00,CLOUD_EVENT,CASE_A_BASELINE_CLOUD,Line_Trunk_3,35.03,-58.96,5.31,59.98,-5.09
2011-09-16 14:00:00,CLOUD_EVENT,CASE_A_BASELINE_CLOUD,Line_Commercial,6.32,10.02,0.0,-10.0,-0.0
2011-09-16 14:00:00,CLOUD_EVENT,CASE_A_BASELINE_CLOUD,Line_Critical,0.0,0.0,-0.0,-0.0,-0.0
2011-09-16 14:00:00,CLOUD_EVENT,CASE_A_BASELINE_CLOUD,Line_EV_Hub,0.0,0.0,-0.0,-0.0,0.0
2011-09-16 14:00:00,CLOUD_EVENT,CASE_A_BASELINE_CLOUD,Line_BESS,0.0,0.0,-0.0,-0.0,-0.0
2011-09-16 14:15:00,CLOUD_EVENT,CASE_A_BASELINE_CLOUD,Line_Trunk_1,78.92,-123.67,18.44,127.84,-17.55
2011-09-16 14:15:00,CLOUD_EVENT,CASE_A_BASELINE_CLOUD,Line_Trunk_2,58.78,-95.4,11.69,98.29,-11.08
2011-09-16 14:15:00,CLOUD_EVENT,CASE_A_BASELINE_CLOUD,Line_Trunk_3,33.13,-55.5,5.22,56.42,-5.02
2011-09-16 14:15:00,CLOUD_EVENT,CASE_A_BASELINE_CLOUD,Line_Commercial,6.33,10.02,0.0,-10.0,-0.0
2011-09-16 14:15:00,CLOUD_EVENT,CASE_A_BASELINE_CLOUD,Line_Critical,0.0,0.0,-0.0,0.0,0.0
2011-09-16 14:15:00,CLOUD_EVENT,CASE_A_BASELINE_CLOUD,Line_EV_Hub,0.0,0.0,-0.0,-0.0,0.0
2011-09-16 14:15:00,CLOUD_EVENT,CASE_A_BASELINE_CLOUD,Line_BESS,0.0,0.0,-0.0,0.0,0.0
2011-09-16 14:30:00,CLOUD_EVENT,CASE_A_BASELINE_CLOUD,Line_Trunk_1,66.01,-102.98,17.79,105.9,-17.17
2011-09-16 14:30:00,CLOUD_EVENT,CASE_A_BASELINE_CLOUD,Line_Trunk_2,50.15,-80.7,11.36,82.81,-10.92
2011-09-16 14:30:00,CLOUD_EVENT,CASE_A_BASELINE_CLOUD,Line_Trunk_3,27.4,-45.36,5.11,45.98,-4.98
2011-09-16 14:30:00,CLOUD_EVENT,CASE_A_BASELINE_CLOUD,Line_Commercial,6.33,10.02,0.0,-10.0,-0.0
2011-09-16 14:30:00,CLOUD_EVENT,CASE_A_BASELINE_CLOUD,Line_Critical,0.0,0.0,-0.0,0.0,-0.0
2011-09-16 14:30:00,CLOUD_EVENT,CASE_A_BASELINE_CLOUD,Line_EV_Hub,0.0,0.0,-0.0,-0.0,0.0
2011-09-16 14:30:00,CLOUD_EVENT,CASE_A_BASELINE_CLOUD,Line_BESS,0.0,0.0,-0.0,-0.0,-0.0
2011-09-16 14:45:00,CLOUD_EVENT,CASE_A_BASELINE_CLOUD,Line_Trunk_1,67.99,-106.08,18.27,109.18,-17.61
2011-09-16 14:45:00,CLOUD_EVENT,CASE_A_BASELINE_CLOUD,Line_Trunk_2,51.62,-83.16,11.66,85.39,-11.19
2011-09-16 14:45:00,CLOUD_EVENT,CASE_A_BASELINE_CLOUD,Line_Trunk_3,28.2,-46.75,5.24,47.41,-5.1
2011-09-16 14:45:00,CLOUD_EVENT,CASE_A_BASELINE_CLOUD,Line_Commercial,6.33,10.02,0.0,-10.0,-0.0
2011-09-16 14:45:00,CLOUD_EVENT,CASE_A_BASELINE_CLOUD,Line_Critical,0.0,0.0,-0.0,-0.0,-0.0
2011-09-16 14:45:00,CLOUD_EVENT,CASE_A_BASELINE_CLOUD,Line_EV_Hub,0.0,0.0,-0.0,0.0,0.0
2011-09-16 14:45:00,CLOUD_EVENT,CASE_A_BASELINE_CLOUD,Line_BESS,0.0,0.0,-0.0,0.0,0.0
2011-09-16 15:00:00,CLOUD_EVENT,CASE_A_BASELINE_CLOUD,Line_Trunk_1,15.86,18.23,17.08,-18.06,-17.05
2011-09-16 15:00:00,CLOUD_EVENT,CASE_A_BASELINE_CLOUD,Line_Trunk_2,9.14,9.04,11.09,-8.97,-11.07
2011-09-16 15:00:00,CLOUD_EVENT,CASE_A_BASELINE_CLOUD,Line_Trunk_3,3.67,2.56,5.11,-2.55,-5.11
2011-09-16 15:00:00,CLOUD_EVENT,CASE_A_BASELINE_CLOUD,Line_Commercial,6.36,10.02,0.0,-10.0,-0.0
2011-09-16 15:00:00,CLOUD_EVENT,CASE_A_BASELINE_CLOUD,Line_Critical,0.0,0.0,-0.0,0.0,0.0
2011-09-16 15:00:00,CLOUD_EVENT,CASE_A_BASELINE_CLOUD,Line_EV_Hub,0.0,0.0,-0.0,0.0,0.0
2011-09-16 15:00:00,CLOUD_EVENT,CASE_A_BASELINE_CLOUD,Line_BESS,0.0,0.0,-0.0,-0.0,-0.0
2011-09-16 15:15:00,CLOUD_EVENT,CASE_A_BASELINE_CLOUD,Line_Trunk_1,16.06,18.16,17.6,-17.98,-17.57
2011-09-16 15:15:00,CLOUD_EVENT,CASE_A_BASELINE_CLOUD,Line_Trunk_2,9.23,8.86,11.42,-8.79,-11.41
2011-09-16 15:15:00,CLOUD_EVENT,CASE_A_BASELINE_CLOUD,Line_Trunk_3,3.71,2.39,5.27,-2.38,-5.27
2011-09-16 15:15:00,CLOUD_EVENT,CASE_A_BASELINE_CLOUD,Line_Commercial,6.36,10.02,0.0,-10.0,-0.0
2011-09-16 15:15:00,CLOUD_EVENT,CASE_A_BASELINE_CLOUD,Line_Critical,0.0,0.0,-0.0,-0.0,-0.0
2011-09-16 15:15:00,CLOUD_EVENT,CASE_A_BASELINE_CLOUD,Line_EV_Hub,0.0,0.0,-0.0,0.0,0.0
2011-09-16 15:15:00,CLOUD_EVENT,CASE_A_BASELINE_CLOUD,Line_BESS,0.0,0.0,-0.0,-0.0,-0.0
2011-09-16 15:30:00,CLOUD_EVENT,CASE_A_BASELINE_CLOUD,Line_Trunk_1,25.67,35.79,18.71,-35.35,-18.62
2011-09-16 15:30:00,CLOUD_EVENT,CASE_A_BASELINE_CLOUD,Line_Trunk_2,15.77,21.35,12.12,-21.14,-12.08
2011-09-16 15:30:00,CLOUD_EVENT,CASE_A_BASELINE_CLOUD,Line_Trunk_3,6.73,8.77,5.58,-8.73,-5.57
2011-09-16 15:30:00,CLOUD_EVENT,CASE_A_BASELINE_CLOUD,Line_Commercial,6.37,10.02,0.0,-10.0,0.0
2011-09-16 15:30:00,CLOUD_EVENT,CASE_A_BASELINE_CLOUD,Line_Critical,0.0,0.0,-0.0,0.0,0.0
2011-09-16 15:30:00,CLOUD_EVENT,CASE_A_BASELINE_CLOUD,Line_EV_Hub,0.0,0.0,-0.0,0.0,0.0
2011-09-16 15:30:00,CLOUD_EVENT,CASE_A_BASELINE_CLOUD,Line_BESS,0.0,0.0,-0.0,0.0,0.0
2011-09-16 15:45:00,CLOUD_EVENT,CASE_A_BASELINE_CLOUD,Line_Trunk_1,22.45,30.43,17.95,-30.1,-17.88
2011-09-16 15:45:00,CLOUD_EVENT,CASE_A_BASELINE_CLOUD,Line_Trunk_2,13.56,17.66,11.63,-17.5,-11.6
2011-09-16 15:45:00,CLOUD_EVENT,CASE_A_BASELINE_CLOUD,Line_Trunk_3,5.67,6.95,5.36,-6.92,-5.35
2011-09-16 15:45:00,CLOUD_EVENT,CASE_A_BASELINE_CLOUD,Line_Commercial,6.37,10.02,0.0,-10.0,0.0
2011-09-16 15:45:00,CLOUD_EVENT,CASE_A_BASELINE_CLOUD,Line_Critical,0.0,0.0,-0.0,0.0,0.0
2011-09-16 15:45:00,CLOUD_EVENT,CASE_A_BASELINE_CLOUD,Line_EV_Hub,0.0,0.0,-0.0,0.0,0.0
2011-09-16 15:45:00,CLOUD_EVENT,CASE_A_BASELINE_CLOUD,Line_BESS,0.0,0.0,-0.0,0.0,0.0
2011-09-16 16:00:00,CLOUD_EVENT,CASE_A_BASELINE_CLOUD,Line_Trunk_1,30.12,42.81,20.25,-42.21,-20.12
2011-09-16 16:00:00,CLOUD_EVENT,CASE_A_BASELINE_CLOUD,Line_Trunk_2,18.76,26.01,13.1,-25.72,-13.04
2011-09-16 16:00:00,CLOUD_EVENT,CASE_A_BASELINE_CLOUD,Line_Trunk_3,8.17,11.02,6.03,-10.96,-6.02
2011-09-16 16:00:00,CLOUD_EVENT,CASE_A_BASELINE_CLOUD,Line_Commercial,6.37,10.02,0.0,-10.0,0.0
2011-09-16 16:00:00,CLOUD_EVENT,CASE_A_BASELINE_CLOUD,Line_Critical,0.0,0.0,-0.0,-0.0,-0.0
2011-09-16 16:00:00,CLOUD_EVENT,CASE_A_BASELINE_CLOUD,Line_EV_Hub,0.0,0.0,-0.0,0.0,0.0
2011-09-16 16:00:00,CLOUD_EVENT,CASE_A_BASELINE_CLOUD,Line_BESS,0.0,0.0,-0.0,0.0,-0.0
2011-09-16 16:15:00,CLOUD_EVENT,CASE_A_BASELINE_CLOUD,Line_Trunk_1,35.71,52.03,21.06,-51.18,-20.88
2011-09-16 16:15:00,CLOUD_EVENT,CASE_A_BASELINE_CLOUD,Line_Trunk_2,22.73,32.44,13.61,-32.01,-13.52
2011-09-16 16:15:00,CLOUD_EVENT,CASE_A_BASELINE_CLOUD,Line_Trunk_3,10.16,14.22,6.25,-14.13,-6.23
2011-09-16 16:15:00,CLOUD_EVENT,CASE_A_BASELINE_CLOUD,Line_Commercial,6.38,10.02,0.0,-10.0,0.0
2011-09-16 16:15:00,CLOUD_EVENT,CASE_A_BASELINE_CLOUD,Line_Critical,0.0,0.0,-0.0,0.0,0.0
2011-09-16 16:15:00,CLOUD_EVENT,CASE_A_BASELINE_CLOUD,Line_EV_Hub,0.0,0.0,-0.0,-0.0,-0.0
2011-09-16 16:15:00,CLOUD_EVENT,CASE_A_BASELINE_CLOUD,Line_BESS,0.0,0.0,-0.0,0.0,0.0
2011-09-16 16:30:00,CLOUD_EVENT,CASE_A_BASELINE_CLOUD,Line_Trunk_1,48.57,72.23,24.34,-70.66,-24.0
2011-09-16 16:30:00,CLOUD_EVENT,CASE_A_BASELINE_CLOUD,Line_Trunk_2,31.02,45.07,15.48,-44.27,-15.31
2011-09-16 16:30:00,CLOUD_EVENT,CASE_A_BASELINE_CLOUD,Line_Trunk_3,14.28,20.37,7.09,-20.2,-7.05
2011-09-16 16:30:00,CLOUD_EVENT,CASE_A_BASELINE_CLOUD,Line_Commercial,6.39,10.02,0.0,-10.0,0.0
2011-09-16 16:30:00,CLOUD_EVENT,CASE_A_BASELINE_CLOUD,Line_Critical,0.0,0.0,-0.0,-0.0,-0.0
2011-09-16 16:30:00,CLOUD_EVENT,CASE_A_BASELINE_CLOUD,Line_EV_Hub,0.96,1.44,0.29,-1.44,-0.29
2011-09-16 16:30:00,CLOUD_EVENT,CASE_A_BASELINE_CLOUD,Line_BESS,0.0,0.0,-0.0,0.0,0.0
2011-09-16 16:45:00,CLOUD_EVENT,CASE_A_BASELINE_CLOUD,Line_Trunk_1,52.1,77.88,24.85,-76.06,-24.47
2011-09-16 16:45:00,CLOUD_EVENT,CASE_A_BASELINE_CLOUD,Line_Trunk_2,32.74,47.74,15.56,-46.84,-15.37
2011-09-16 16:45:00,CLOUD_EVENT,CASE_A_BASELINE_CLOUD,Line_Trunk_3,15.18,21.72,7.12,-21.53,-7.08
2011-09-16 16:45:00,CLOUD_EVENT,CASE_A_BASELINE_CLOUD,Line_Commercial,6.39,10.02,0.0,-10.0,0.0
2011-09-16 16:45:00,CLOUD_EVENT,CASE_A_BASELINE_CLOUD,Line_Critical,0.0,0.0,-0.0,0.0,-0.0
2011-09-16 16:45:00,CLOUD_EVENT,CASE_A_BASELINE_CLOUD,Line_EV_Hub,2.13,3.2,0.65,-3.2,-0.65
2011-09-16 16:45:00,CLOUD_EVENT,CASE_A_BASELINE_CLOUD,Line_BESS,0.0,0.0,-0.0,-0.0,0.0
2011-09-16 17:00:00,CLOUD_EVENT,CASE_A_BASELINE_CLOUD,Line_Trunk_1,71.92,107.73,32.58,-104.27,-31.84
2011-09-16 17:00:00,CLOUD_EVENT,CASE_A_BASELINE_CLOUD,Line_Trunk_2,39.36,56.73,18.46,-55.43,-18.19
2011-09-16 17:00:00,CLOUD_EVENT,CASE_A_BASELINE_CLOUD,Line_Trunk_3,18.27,25.73,8.42,-25.46,-8.37
2011-09-16 17:00:00,CLOUD_EVENT,CASE_A_BASELINE_CLOUD,Line_Commercial,6.41,10.02,0.0,-10.0,-0.0
2011-09-16 17:00:00,CLOUD_EVENT,CASE_A_BASELINE_CLOUD,Line_Critical,0.0,0.0,-0.0,0.0,0.0
2011-09-16 17:00:00,CLOUD_EVENT,CASE_A_BASELINE_CLOUD,Line_EV_Hub,12.01,17.84,3.62,-17.76,-3.61
2011-09-16 17:00:00,CLOUD_EVENT,CASE_A_BASELINE_CLOUD,Line_BESS,0.0,0.0,-0.0,0.0,0.0
2011-09-16 17:15:00,CLOUD_EVENT,CASE_A_BASELINE_CLOUD,Line_Trunk_1,76.68,114.86,34.43,-110.92,-33.59
2011-09-16 17:15:00,CLOUD_EVENT,CASE_A_BASELINE_CLOUD,Line_Trunk_2,40.97,58.9,19.16,-57.49,-18.86
2011-09-16 17:15:00,CLOUD_EVENT,CASE_A_BASELINE_CLOUD,Line_Trunk_3,19.02,26.7,8.74,-26.39,-8.68
2011-09-16 17:15:00,CLOUD_EVENT,CASE_A_BASELINE_CLOUD,Line_Commercial,6.41,10.02,0.0,-10.0,-0.0
2011-09-16 17:15:00,CLOUD_EVENT,CASE_A_BASELINE_CLOUD,Line_Critical,0.0,0.0,-0.0,0.0,0.0
2011-09-16 17:15:00,CLOUD_EVENT,CASE_A_BASELINE_CLOUD,Line_EV_Hub,14.34,21.23,4.31,-21.12,-4.29
2011-09-16 17:15:00,CLOUD_EVENT,CASE_A_BASELINE_CLOUD,Line_BESS,0.0,0.0,-0.0,-0.0,-0.0
2011-09-16 13:30:00,CLOUD_EVENT,CASE_B_GRIDFLEX_CLOUD,Line_Trunk_1,94.51,-148.72,18.74,154.7,-17.47
2011-09-16 13:30:00,CLOUD_EVENT,CASE_B_GRIDFLEX_CLOUD,Line_Trunk_2,69.88,-114.5,11.75,118.58,-10.88
2011-09-16 13:30:00,CLOUD_EVENT,CASE_B_GRIDFLEX_CLOUD,Line_Trunk_3,38.81,-65.94,5.17,67.2,-4.9
2011-09-16 13:30:00,CLOUD_EVENT,CASE_B_GRIDFLEX_CLOUD,Line_Commercial,6.32,10.02,0.0,-10.0,-0.0
2011-09-16 13:30:00,CLOUD_EVENT,CASE_B_GRIDFLEX_CLOUD,Line_Critical,0.0,0.0,-0.0,0.0,-0.0
2011-09-16 13:30:00,CLOUD_EVENT,CASE_B_GRIDFLEX_CLOUD,Line_EV_Hub,0.0,0.0,-0.0,-0.0,0.0
2011-09-16 13:30:00,CLOUD_EVENT,CASE_B_GRIDFLEX_CLOUD,Line_BESS,0.0,0.0,-0.0,0.0,0.0
2011-09-16 13:45:00,CLOUD_EVENT,CASE_B_GRIDFLEX_CLOUD,Line_Trunk_1,95.37,-150.1,18.73,156.19,-17.44
2011-09-16 13:45:00,CLOUD_EVENT,CASE_B_GRIDFLEX_CLOUD,Line_Trunk_2,70.48,-115.55,11.74,119.71,-10.85
2011-09-16 13:45:00,CLOUD_EVENT,CASE_B_GRIDFLEX_CLOUD,Line_Trunk_3,39.11,-66.5,5.16,67.78,-4.88
2011-09-16 13:45:00,CLOUD_EVENT,CASE_B_GRIDFLEX_CLOUD,Line_Commercial,6.32,10.02,0.0,-10.0,-0.0
2011-09-16 13:45:00,CLOUD_EVENT,CASE_B_GRIDFLEX_CLOUD,Line_Critical,0.0,0.0,-0.0,-0.0,-0.0
2011-09-16 13:45:00,CLOUD_EVENT,CASE_B_GRIDFLEX_CLOUD,Line_EV_Hub,0.0,0.0,-0.0,-0.0,0.0
2011-09-16 13:45:00,CLOUD_EVENT,CASE_B_GRIDFLEX_CLOUD,Line_BESS,0.0,0.0,-0.0,-0.0,-0.0
2011-09-16 14:00:00,CLOUD_EVENT,CASE_B_GRIDFLEX_CLOUD,Line_Trunk_1,84.03,-131.83,18.9,136.55,-17.89
2011-09-16 14:00:00,CLOUD_EVENT,CASE_B_GRIDFLEX_CLOUD,Line_Trunk_2,62.48,-101.7,11.95,104.97,-11.25
2011-09-16 14:00:00,CLOUD_EVENT,CASE_B_GRIDFLEX_CLOUD,Line_Trunk_3,35.03,-58.96,5.31,59.98,-5.09
2011-09-16 14:00:00,CLOUD_EVENT,CASE_B_GRIDFLEX_CLOUD,Line_Commercial,6.32,10.02,0.0,-10.0,-0.0
2011-09-16 14:00:00,CLOUD_EVENT,CASE_B_GRIDFLEX_CLOUD,Line_Critical,0.0,0.0,-0.0,-0.0,-0.0
2011-09-16 14:00:00,CLOUD_EVENT,CASE_B_GRIDFLEX_CLOUD,Line_EV_Hub,0.0,0.0,-0.0,-0.0,0.0
2011-09-16 14:00:00,CLOUD_EVENT,CASE_B_GRIDFLEX_CLOUD,Line_BESS,0.0,0.0,-0.0,-0.0,-0.0
2011-09-16 14:15:00,CLOUD_EVENT,CASE_B_GRIDFLEX_CLOUD,Line_Trunk_1,78.92,-123.67,18.44,127.84,-17.55
2011-09-16 14:15:00,CLOUD_EVENT,CASE_B_GRIDFLEX_CLOUD,Line_Trunk_2,58.78,-95.4,11.69,98.29,-11.08
2011-09-16 14:15:00,CLOUD_EVENT,CASE_B_GRIDFLEX_CLOUD,Line_Trunk_3,33.13,-55.5,5.22,56.42,-5.02
2011-09-16 14:15:00,CLOUD_EVENT,CASE_B_GRIDFLEX_CLOUD,Line_Commercial,6.33,10.02,0.0,-10.0,-0.0
2011-09-16 14:15:00,CLOUD_EVENT,CASE_B_GRIDFLEX_CLOUD,Line_Critical,0.0,0.0,-0.0,0.0,0.0
2011-09-16 14:15:00,CLOUD_EVENT,CASE_B_GRIDFLEX_CLOUD,Line_EV_Hub,0.0,0.0,-0.0,-0.0,0.0
2011-09-16 14:15:00,CLOUD_EVENT,CASE_B_GRIDFLEX_CLOUD,Line_BESS,0.0,0.0,-0.0,0.0,0.0
2011-09-16 14:30:00,CLOUD_EVENT,CASE_B_GRIDFLEX_CLOUD,Line_Trunk_1,66.01,-102.98,17.79,105.9,-17.17
2011-09-16 14:30:00,CLOUD_EVENT,CASE_B_GRIDFLEX_CLOUD,Line_Trunk_2,50.15,-80.7,11.36,82.81,-10.92
2011-09-16 14:30:00,CLOUD_EVENT,CASE_B_GRIDFLEX_CLOUD,Line_Trunk_3,27.4,-45.36,5.11,45.98,-4.98
2011-09-16 14:30:00,CLOUD_EVENT,CASE_B_GRIDFLEX_CLOUD,Line_Commercial,6.33,10.02,0.0,-10.0,-0.0
2011-09-16 14:30:00,CLOUD_EVENT,CASE_B_GRIDFLEX_CLOUD,Line_Critical,0.0,0.0,-0.0,0.0,-0.0
2011-09-16 14:30:00,CLOUD_EVENT,CASE_B_GRIDFLEX_CLOUD,Line_EV_Hub,0.0,0.0,-0.0,-0.0,0.0
2011-09-16 14:30:00,CLOUD_EVENT,CASE_B_GRIDFLEX_CLOUD,Line_BESS,0.0,0.0,-0.0,-0.0,-0.0
2011-09-16 14:45:00,CLOUD_EVENT,CASE_B_GRIDFLEX_CLOUD,Line_Trunk_1,67.99,-106.08,18.27,109.18,-17.61
2011-09-16 14:45:00,CLOUD_EVENT,CASE_B_GRIDFLEX_CLOUD,Line_Trunk_2,51.62,-83.16,11.66,85.39,-11.19
2011-09-16 14:45:00,CLOUD_EVENT,CASE_B_GRIDFLEX_CLOUD,Line_Trunk_3,28.2,-46.75,5.24,47.41,-5.1
2011-09-16 14:45:00,CLOUD_EVENT,CASE_B_GRIDFLEX_CLOUD,Line_Commercial,6.33,10.02,0.0,-10.0,-0.0
2011-09-16 14:45:00,CLOUD_EVENT,CASE_B_GRIDFLEX_CLOUD,Line_Critical,0.0,0.0,-0.0,-0.0,-0.0
2011-09-16 14:45:00,CLOUD_EVENT,CASE_B_GRIDFLEX_CLOUD,Line_EV_Hub,0.0,0.0,-0.0,0.0,0.0
2011-09-16 14:45:00,CLOUD_EVENT,CASE_B_GRIDFLEX_CLOUD,Line_BESS,0.0,0.0,-0.0,0.0,0.0
2011-09-16 15:00:00,CLOUD_EVENT,CASE_B_GRIDFLEX_CLOUD,Line_Trunk_1,15.86,18.23,17.08,-18.06,-17.05
2011-09-16 15:00:00,CLOUD_EVENT,CASE_B_GRIDFLEX_CLOUD,Line_Trunk_2,9.14,9.04,11.09,-8.97,-11.07
2011-09-16 15:00:00,CLOUD_EVENT,CASE_B_GRIDFLEX_CLOUD,Line_Trunk_3,3.67,2.56,5.11,-2.55,-5.11
2011-09-16 15:00:00,CLOUD_EVENT,CASE_B_GRIDFLEX_CLOUD,Line_Commercial,6.36,10.02,0.0,-10.0,-0.0
2011-09-16 15:00:00,CLOUD_EVENT,CASE_B_GRIDFLEX_CLOUD,Line_Critical,0.0,0.0,-0.0,0.0,0.0
2011-09-16 15:00:00,CLOUD_EVENT,CASE_B_GRIDFLEX_CLOUD,Line_EV_Hub,0.0,0.0,-0.0,0.0,0.0
2011-09-16 15:00:00,CLOUD_EVENT,CASE_B_GRIDFLEX_CLOUD,Line_BESS,0.0,0.0,-0.0,-0.0,-0.0
2011-09-16 15:15:00,CLOUD_EVENT,CASE_B_GRIDFLEX_CLOUD,Line_Trunk_1,16.06,18.16,17.6,-17.98,-17.57
2011-09-16 15:15:00,CLOUD_EVENT,CASE_B_GRIDFLEX_CLOUD,Line_Trunk_2,9.23,8.86,11.42,-8.79,-11.41
2011-09-16 15:15:00,CLOUD_EVENT,CASE_B_GRIDFLEX_CLOUD,Line_Trunk_3,3.71,2.39,5.27,-2.38,-5.27
2011-09-16 15:15:00,CLOUD_EVENT,CASE_B_GRIDFLEX_CLOUD,Line_Commercial,6.36,10.02,0.0,-10.0,-0.0
2011-09-16 15:15:00,CLOUD_EVENT,CASE_B_GRIDFLEX_CLOUD,Line_Critical,0.0,0.0,-0.0,-0.0,-0.0
2011-09-16 15:15:00,CLOUD_EVENT,CASE_B_GRIDFLEX_CLOUD,Line_EV_Hub,0.0,0.0,-0.0,0.0,0.0
2011-09-16 15:15:00,CLOUD_EVENT,CASE_B_GRIDFLEX_CLOUD,Line_BESS,0.0,0.0,-0.0,-0.0,-0.0
2011-09-16 15:30:00,CLOUD_EVENT,CASE_B_GRIDFLEX_CLOUD,Line_Trunk_1,25.67,35.79,18.71,-35.35,-18.62
2011-09-16 15:30:00,CLOUD_EVENT,CASE_B_GRIDFLEX_CLOUD,Line_Trunk_2,15.77,21.35,12.12,-21.14,-12.08
2011-09-16 15:30:00,CLOUD_EVENT,CASE_B_GRIDFLEX_CLOUD,Line_Trunk_3,6.73,8.77,5.58,-8.73,-5.57
2011-09-16 15:30:00,CLOUD_EVENT,CASE_B_GRIDFLEX_CLOUD,Line_Commercial,6.37,10.02,0.0,-10.0,0.0
2011-09-16 15:30:00,CLOUD_EVENT,CASE_B_GRIDFLEX_CLOUD,Line_Critical,0.0,0.0,-0.0,0.0,0.0
2011-09-16 15:30:00,CLOUD_EVENT,CASE_B_GRIDFLEX_CLOUD,Line_EV_Hub,0.0,0.0,-0.0,0.0,0.0
2011-09-16 15:30:00,CLOUD_EVENT,CASE_B_GRIDFLEX_CLOUD,Line_BESS,0.0,0.0,-0.0,0.0,0.0
2011-09-16 15:45:00,CLOUD_EVENT,CASE_B_GRIDFLEX_CLOUD,Line_Trunk_1,22.45,30.43,17.95,-30.1,-17.88
2011-09-16 15:45:00,CLOUD_EVENT,CASE_B_GRIDFLEX_CLOUD,Line_Trunk_2,13.56,17.66,11.63,-17.5,-11.6
2011-09-16 15:45:00,CLOUD_EVENT,CASE_B_GRIDFLEX_CLOUD,Line_Trunk_3,5.67,6.95,5.36,-6.92,-5.35
2011-09-16 15:45:00,CLOUD_EVENT,CASE_B_GRIDFLEX_CLOUD,Line_Commercial,6.37,10.02,0.0,-10.0,0.0
2011-09-16 15:45:00,CLOUD_EVENT,CASE_B_GRIDFLEX_CLOUD,Line_Critical,0.0,0.0,-0.0,0.0,0.0
2011-09-16 15:45:00,CLOUD_EVENT,CASE_B_GRIDFLEX_CLOUD,Line_EV_Hub,0.0,0.0,-0.0,0.0,0.0
2011-09-16 15:45:00,CLOUD_EVENT,CASE_B_GRIDFLEX_CLOUD,Line_BESS,0.0,0.0,-0.0,0.0,0.0
2011-09-16 16:00:00,CLOUD_EVENT,CASE_B_GRIDFLEX_CLOUD,Line_Trunk_1,30.12,42.81,20.25,-42.21,-20.12
2011-09-16 16:00:00,CLOUD_EVENT,CASE_B_GRIDFLEX_CLOUD,Line_Trunk_2,18.76,26.01,13.1,-25.72,-13.04
2011-09-16 16:00:00,CLOUD_EVENT,CASE_B_GRIDFLEX_CLOUD,Line_Trunk_3,8.17,11.02,6.03,-10.96,-6.02
2011-09-16 16:00:00,CLOUD_EVENT,CASE_B_GRIDFLEX_CLOUD,Line_Commercial,6.37,10.02,0.0,-10.0,0.0
2011-09-16 16:00:00,CLOUD_EVENT,CASE_B_GRIDFLEX_CLOUD,Line_Critical,0.0,0.0,-0.0,-0.0,-0.0
2011-09-16 16:00:00,CLOUD_EVENT,CASE_B_GRIDFLEX_CLOUD,Line_EV_Hub,0.0,0.0,-0.0,0.0,0.0
2011-09-16 16:00:00,CLOUD_EVENT,CASE_B_GRIDFLEX_CLOUD,Line_BESS,0.0,0.0,-0.0,0.0,-0.0
2011-09-16 16:15:00,CLOUD_EVENT,CASE_B_GRIDFLEX_CLOUD,Line_Trunk_1,35.71,52.03,21.06,-51.18,-20.88
2011-09-16 16:15:00,CLOUD_EVENT,CASE_B_GRIDFLEX_CLOUD,Line_Trunk_2,22.73,32.44,13.61,-32.01,-13.52
2011-09-16 16:15:00,CLOUD_EVENT,CASE_B_GRIDFLEX_CLOUD,Line_Trunk_3,10.16,14.22,6.25,-14.13,-6.23
2011-09-16 16:15:00,CLOUD_EVENT,CASE_B_GRIDFLEX_CLOUD,Line_Commercial,6.38,10.02,0.0,-10.0,0.0
2011-09-16 16:15:00,CLOUD_EVENT,CASE_B_GRIDFLEX_CLOUD,Line_Critical,0.0,0.0,-0.0,0.0,0.0
2011-09-16 16:15:00,CLOUD_EVENT,CASE_B_GRIDFLEX_CLOUD,Line_EV_Hub,0.0,0.0,-0.0,-0.0,-0.0
2011-09-16 16:15:00,CLOUD_EVENT,CASE_B_GRIDFLEX_CLOUD,Line_BESS,0.0,0.0,-0.0,0.0,0.0
2011-09-16 16:30:00,CLOUD_EVENT,CASE_B_GRIDFLEX_CLOUD,Line_Trunk_1,47.59,70.73,24.03,-69.21,-23.71
2011-09-16 16:30:00,CLOUD_EVENT,CASE_B_GRIDFLEX_CLOUD,Line_Trunk_2,31.0,45.07,15.48,-44.27,-15.31
2011-09-16 16:30:00,CLOUD_EVENT,CASE_B_GRIDFLEX_CLOUD,Line_Trunk_3,14.27,20.37,7.09,-20.2,-7.05
2011-09-16 16:30:00,CLOUD_EVENT,CASE_B_GRIDFLEX_CLOUD,Line_Commercial,6.39,10.02,0.0,-10.0,0.0
2011-09-16 16:30:00,CLOUD_EVENT,CASE_B_GRIDFLEX_CLOUD,Line_Critical,0.0,0.0,-0.0,0.0,0.0
2011-09-16 16:30:00,CLOUD_EVENT,CASE_B_GRIDFLEX_CLOUD,Line_EV_Hub,0.0,0.0,-0.0,-0.0,-0.0
2011-09-16 16:30:00,CLOUD_EVENT,CASE_B_GRIDFLEX_CLOUD,Line_BESS,0.0,0.0,-0.0,0.0,0.0
2011-09-16 16:45:00,CLOUD_EVENT,CASE_B_GRIDFLEX_CLOUD,Line_Trunk_1,49.92,74.52,24.17,-72.85,-23.82
2011-09-16 16:45:00,CLOUD_EVENT,CASE_B_GRIDFLEX_CLOUD,Line_Trunk_2,32.7,47.74,15.56,-46.84,-15.37
2011-09-16 16:45:00,CLOUD_EVENT,CASE_B_GRIDFLEX_CLOUD,Line_Trunk_3,15.16,21.72,7.12,-21.53,-7.08
2011-09-16 16:45:00,CLOUD_EVENT,CASE_B_GRIDFLEX_CLOUD,Line_Commercial,6.39,10.02,0.0,-10.0,0.0
2011-09-16 16:45:00,CLOUD_EVENT,CASE_B_GRIDFLEX_CLOUD,Line_Critical,0.0,0.0,-0.0,-0.0,-0.0
2011-09-16 16:45:00,CLOUD_EVENT,CASE_B_GRIDFLEX_CLOUD,Line_EV_Hub,0.0,0.0,-0.0,-0.0,-0.0
2011-09-16 16:45:00,CLOUD_EVENT,CASE_B_GRIDFLEX_CLOUD,Line_BESS,0.0,0.0,-0.0,-0.0,0.0
2011-09-16 17:00:00,CLOUD_EVENT,CASE_B_GRIDFLEX_CLOUD,Line_Trunk_1,59.54,88.77,28.72,-86.4,-28.22
2011-09-16 17:00:00,CLOUD_EVENT,CASE_B_GRIDFLEX_CLOUD,Line_Trunk_2,39.06,56.7,18.46,-55.43,-18.18
2011-09-16 17:00:00,CLOUD_EVENT,CASE_B_GRIDFLEX_CLOUD,Line_Trunk_3,18.13,25.73,8.42,-25.46,-8.37
2011-09-16 17:00:00,CLOUD_EVENT,CASE_B_GRIDFLEX_CLOUD,Line_Commercial,6.4,10.02,0.0,-10.0,0.0
2011-09-16 17:00:00,CLOUD_EVENT,CASE_B_GRIDFLEX_CLOUD,Line_Critical,0.0,0.0,-0.0,0.0,0.0
2011-09-16 17:00:00,CLOUD_EVENT,CASE_B_GRIDFLEX_CLOUD,Line_EV_Hub,0.0,0.0,-0.0,0.0,-0.0
2011-09-16 17:00:00,CLOUD_EVENT,CASE_B_GRIDFLEX_CLOUD,Line_BESS,0.0,0.0,-0.0,0.0,0.0
2011-09-16 17:15:00,CLOUD_EVENT,CASE_B_GRIDFLEX_CLOUD,Line_Trunk_1,61.86,92.22,29.82,-89.66,-29.27
2011-09-16 17:15:00,CLOUD_EVENT,CASE_B_GRIDFLEX_CLOUD,Line_Trunk_2,40.6,58.86,19.15,-57.49,-18.86
2011-09-16 17:15:00,CLOUD_EVENT,CASE_B_GRIDFLEX_CLOUD,Line_Trunk_3,18.85,26.69,8.74,-26.39,-8.68
2011-09-16 17:15:00,CLOUD_EVENT,CASE_B_GRIDFLEX_CLOUD,Line_Commercial,6.4,10.02,0.0,-10.0,-0.0
2011-09-16 17:15:00,CLOUD_EVENT,CASE_B_GRIDFLEX_CLOUD,Line_Critical,0.0,0.0,-0.0,0.0,-0.0
2011-09-16 17:15:00,CLOUD_EVENT,CASE_B_GRIDFLEX_CLOUD,Line_EV_Hub,0.0,0.0,-0.0,0.0,-0.0
2011-09-16 17:15:00,CLOUD_EVENT,CASE_B_GRIDFLEX_CLOUD,Line_BESS,0.0,0.0,-0.0,-0.0,0.0
