timestamp,scenario,case,converged,transformer_loading_percent,overloaded_transformer_flag,max_line_loading_percent,max_line_name,overloaded_line_flag,min_bus_voltage_pu,max_bus_voltage_pu,min_voltage_bus,max_voltage_bus,voltage_violation_magnitude,voltage_violation_count,affected_voltage_bus,affected_voltage_section,grid_import_kw,grid_export_kw,reverse_power_kw,reverse_power_flow_flag,power_balance_error_kw,transformer_violation,line_violation,voltage_violation,total_load_kw,total_generation_kw,losses_kw
2011-09-16 13:30:00,NORMAL_DAY,CASE_A_BASELINE,True,55.82,False,94.51,Line_Trunk_1,True,1.0007,1.0978,Bus_Commercial,Bus_Residential_3,0.0478,2,Bus_Residential_3,feeder_trunk_3,0.0,137.24,137.24,True,4e-06,0.0,14.51,0.0478,63.69,213.73,12.8
2011-09-16 13:45:00,NORMAL_DAY,CASE_A_BASELINE,True,56.36,False,95.37,Line_Trunk_1,True,1.0008,1.0987,Bus_Commercial,Bus_Residential_3,0.0487,2,Bus_Residential_3,feeder_trunk_3,0.0,138.61,138.61,True,4e-06,0.0,15.37,0.0487,63.54,215.16,13.01
2011-09-16 14:00:00,NORMAL_DAY,CASE_A_BASELINE,True,49.19,False,84.03,Line_Trunk_1,True,1.0,1.0866,Bus_Commercial,Bus_Residential_3,0.0366,2,Bus_Residential_3,feeder_trunk_3,0.0,120.54,120.54,True,2e-06,0.0,4.03,0.0366,65.66,196.5,10.3
2011-09-16 14:15:00,NORMAL_DAY,CASE_A_BASELINE,True,45.97,False,78.92,Line_Trunk_1,False,0.9997,1.0812,Bus_Commercial,Bus_Residential_3,0.0312,2,Bus_Residential_3,feeder_trunk_3,0.0,112.47,112.47,True,1e-06,0.0,0.0,0.0312,64.94,186.59,9.18
2011-09-16 14:30:00,NORMAL_DAY,CASE_A_BASELINE,True,37.81,False,66.01,Line_Trunk_1,False,0.999,1.0674,Bus_Commercial,Bus_Residential_3,0.0174,2,Bus_Residential_3,feeder_trunk_3,0.0,91.97,91.97,True,0.0,0.0,0.0,0.0174,60.48,159.11,6.66
2011-09-16 14:45:00,NORMAL_DAY,CASE_A_BASELINE,True,39.06,False,67.99,Line_Trunk_1,False,0.999,1.0694,Bus_Commercial,Bus_Residential_3,0.0194,2,Bus_Residential_3,feeder_trunk_3,0.0,95.04,95.04,True,0.0,0.0,0.0,0.0194,61.72,163.79,7.03
2011-09-16 15:00:00,NORMAL_DAY,CASE_A_BASELINE,True,20.8,False,38.92,Line_Trunk_1,False,0.9972,1.0378,Bus_Commercial,Bus_Residential_3,0.0,0,NONE,NONE,0.0,48.23,48.23,True,0.0,0.0,0.0,0.0,61.84,112.85,2.78
2011-09-16 15:15:00,NORMAL_DAY,CASE_A_BASELINE,True,22.27,False,41.26,Line_Trunk_1,False,0.9972,1.0402,Bus_Commercial,Bus_Residential_3,0.0,0,NONE,NONE,0.0,51.91,51.91,True,0.0,0.0,0.0,0.0,63.41,118.37,3.05
2011-09-16 15:30:00,NORMAL_DAY,CASE_A_BASELINE,True,7.7,False,14.97,Line_Trunk_1,False,0.9951,1.0074,Bus_Commercial,Bus_Residential_3,0.0,0,NONE,NONE,0.0,3.86,3.86,True,0.0,0.0,0.0,0.0,66.5,71.32,0.96
2011-09-16 15:45:00,NORMAL_DAY,CASE_A_BASELINE,True,9.74,False,20.23,Line_Trunk_1,False,0.9957,1.0156,Bus_Commercial,Bus_Residential_3,0.0,0,NONE,NONE,0.0,15.74,15.74,True,0.0,0.0,0.0,0.0,64.3,81.27,1.24
2011-09-16 16:00:00,NORMAL_DAY,CASE_A_BASELINE,True,23.01,False,30.12,Line_Trunk_1,False,0.9678,0.9945,Bus_Residential_3,Bus_Critical,0.0,0,NONE,NONE,53.58,0.0,0.0,False,0.0,0.0,0.0,0.0,71.01,19.15,1.72
2011-09-16 16:15:00,NORMAL_DAY,CASE_A_BASELINE,True,26.62,False,35.71,Line_Trunk_1,False,0.9613,0.9939,Bus_Residential_3,Bus_Critical,0.0,0,NONE,NONE,62.84,0.0,0.0,False,0.0,0.0,0.0,0.0,73.21,12.55,2.18
2011-09-16 16:30:00,NORMAL_DAY,CASE_A_BASELINE,True,34.82,False,48.57,Line_Trunk_1,False,0.9473,0.9925,Bus_Residential_3,Bus_Critical,0.0027,1,Bus_Residential_3,feeder_trunk_3,83.18,0.0,0.0,False,0.0,0.0,0.0,0.0027,82.96,3.28,3.5
2011-09-16 16:45:00,NORMAL_DAY,CASE_A_BASELINE,True,37.08,False,52.1,Line_Trunk_1,False,0.9439,0.9921,Bus_Residential_3,Bus_Critical,0.0061,1,Bus_Residential_3,feeder_trunk_3,88.87,0.0,0.0,False,0.0,0.0,0.0,0.0061,84.97,0.0,3.9
2011-09-16 17:00:00,NORMAL_DAY,CASE_A_BASELINE,True,49.64,False,71.92,Line_Trunk_1,False,0.9275,0.9895,Bus_Residential_3,Bus_Critical,0.0225,2,Bus_Residential_3,feeder_trunk_3,119.02,0.0,0.0,False,1e-06,0.0,0.0,0.0225,112.61,0.0,6.41
2011-09-16 17:15:00,NORMAL_DAY,CASE_A_BASELINE,True,52.65,False,76.68,Line_Trunk_1,False,0.9236,0.9889,Bus_Residential_3,Bus_Critical,0.0264,2,Bus_Residential_3,feeder_trunk_3,126.23,0.0,0.0,False,1e-06,0.0,0.0,0.0264,119.1,0.0,7.13
2011-09-16 13:30:00,NORMAL_DAY,CASE_B_GRIDFLEX,True,55.82,False,94.51,Line_Trunk_1,True,1.0007,1.0978,Bus_Commercial,Bus_Residential_3,0.0478,2,Bus_Residential_3,feeder_trunk_3,0.0,137.24,137.24,True,4e-06,0.0,14.51,0.0478,63.69,213.73,12.8
2011-09-16 13:45:00,NORMAL_DAY,CASE_B_GRIDFLEX,True,56.36,False,95.37,Line_Trunk_1,True,1.0008,1.0987,Bus_Commercial,Bus_Residential_3,0.0487,2,Bus_Residential_3,feeder_trunk_3,0.0,138.61,138.61,True,4e-06,0.0,15.37,0.0487,63.54,215.16,13.01
2011-09-16 14:00:00,NORMAL_DAY,CASE_B_GRIDFLEX,True,49.19,False,84.03,Line_Trunk_1,True,1.0,1.0866,Bus_Commercial,Bus_Residential_3,0.0366,2,Bus_Residential_3,feeder_trunk_3,0.0,120.54,120.54,True,2e-06,0.0,4.03,0.0366,65.66,196.5,10.3
2011-09-16 14:15:00,NORMAL_DAY,CASE_B_GRIDFLEX,True,45.97,False,78.92,Line_Trunk_1,False,0.9997,1.0812,Bus_Commercial,Bus_Residential_3,0.0312,2,Bus_Residential_3,feeder_trunk_3,0.0,112.47,112.47,True,1e-06,0.0,0.0,0.0312,64.94,186.59,9.18
2011-09-16 14:30:00,NORMAL_DAY,CASE_B_GRIDFLEX,True,37.81,False,66.01,Line_Trunk_1,False,0.999,1.0674,Bus_Commercial,Bus_Residential_3,0.0174,2,Bus_Residential_3,feeder_trunk_3,0.0,91.97,91.97,True,0.0,0.0,0.0,0.0174,60.48,159.11,6.66
2011-09-16 14:45:00,NORMAL_DAY,CASE_B_GRIDFLEX,True,39.06,False,67.99,Line_Trunk_1,False,0.999,1.0694,Bus_Commercial,Bus_Residential_3,0.0194,2,Bus_Residential_3,feeder_trunk_3,0.0,95.04,95.04,True,0.0,0.0,0.0,0.0194,61.72,163.79,7.03
2011-09-16 15:00:00,NORMAL_DAY,CASE_B_GRIDFLEX,True,20.8,False,38.92,Line_Trunk_1,False,0.9972,1.0378,Bus_Commercial,Bus_Residential_3,0.0,0,NONE,NONE,0.0,48.23,48.23,True,0.0,0.0,0.0,0.0,61.84,112.85,2.78
2011-09-16 15:15:00,NORMAL_DAY,CASE_B_GRIDFLEX,True,22.27,False,41.26,Line_Trunk_1,False,0.9972,1.0402,Bus_Commercial,Bus_Residential_3,0.0,0,NONE,NONE,0.0,51.91,51.91,True,0.0,0.0,0.0,0.0,63.41,118.37,3.05
2011-09-16 15:30:00,NORMAL_DAY,CASE_B_GRIDFLEX,True,7.7,False,14.97,Line_Trunk_1,False,0.9951,1.0074,Bus_Commercial,Bus_Residential_3,0.0,0,NONE,NONE,0.0,3.86,3.86,True,0.0,0.0,0.0,0.0,66.5,71.32,0.96
2011-09-16 15:45:00,NORMAL_DAY,CASE_B_GRIDFLEX,True,9.74,False,20.23,Line_Trunk_1,False,0.9957,1.0156,Bus_Commercial,Bus_Residential_3,0.0,0,NONE,NONE,0.0,15.74,15.74,True,0.0,0.0,0.0,0.0,64.3,81.27,1.24
2011-09-16 16:00:00,NORMAL_DAY,CASE_B_GRIDFLEX,True,23.01,False,30.12,Line_Trunk_1,False,0.9678,0.9945,Bus_Residential_3,Bus_Critical,0.0,0,NONE,NONE,53.58,0.0,0.0,False,0.0,0.0,0.0,0.0,71.01,19.15,1.72
2011-09-16 16:15:00,NORMAL_DAY,CASE_B_GRIDFLEX,True,26.62,False,35.71,Line_Trunk_1,False,0.9613,0.9939,Bus_Residential_3,Bus_Critical,0.0,0,NONE,NONE,62.84,0.0,0.0,False,0.0,0.0,0.0,0.0,73.21,12.55,2.18
2011-09-16 16:30:00,NORMAL_DAY,CASE_B_GRIDFLEX,True,34.2,False,47.59,Line_Trunk_1,False,0.9479,0.9926,Bus_Residential_3,Bus_Critical,0.0021,1,Bus_Residential_3,feeder_trunk_3,81.67,0.0,0.0,False,0.0,0.0,0.0,0.0021,81.52,3.28,3.43
2011-09-16 16:45:00,NORMAL_DAY,CASE_B_GRIDFLEX,True,35.69,False,49.92,Line_Trunk_1,False,0.9452,0.9924,Bus_Residential_3,Bus_Critical,0.0048,1,Bus_Residential_3,feeder_trunk_3,85.49,0.0,0.0,False,0.0,0.0,0.0,0.0048,81.77,0.0,3.72
2011-09-16 17:00:00,NORMAL_DAY,CASE_B_GRIDFLEX,True,41.78,False,59.54,Line_Trunk_1,False,0.9347,0.991,Bus_Residential_3,Bus_Critical,0.0153,2,Bus_Residential_3,feeder_trunk_3,99.87,0.0,0.0,False,0.0,0.0,0.0,0.0153,94.85,0.0,5.02
2011-09-16 17:15:00,NORMAL_DAY,CASE_B_GRIDFLEX,True,43.25,False,61.86,Line_Trunk_1,False,0.9321,0.9907,Bus_Residential_3,Bus_Critical,0.0179,2,Bus_Residential_3,feeder_trunk_3,103.35,0.0,0.0,False,0.0,0.0,0.0,0.0179,97.98,0.0,5.37
2011-09-16 13:30:00,PARTICIPATION,GRIDFLEX_100PCT,True,55.82,False,94.51,Line_Trunk_1,True,1.0007,1.0978,Bus_Commercial,Bus_Residential_3,0.0478,2,Bus_Residential_3,feeder_trunk_3,0.0,137.24,137.24,True,4e-06,0.0,14.51,0.0478,63.69,213.73,12.8
2011-09-16 13:45:00,PARTICIPATION,GRIDFLEX_100PCT,True,56.36,False,95.37,Line_Trunk_1,True,1.0008,1.0987,Bus_Commercial,Bus_Residential_3,0.0487,2,Bus_Residential_3,feeder_trunk_3,0.0,138.61,138.61,True,4e-06,0.0,15.37,0.0487,63.54,215.16,13.01
2011-09-16 14:00:00,PARTICIPATION,GRIDFLEX_100PCT,True,49.19,False,84.03,Line_Trunk_1,True,1.0,1.0866,Bus_Commercial,Bus_Residential_3,0.0366,2,Bus_Residential_3,feeder_trunk_3,0.0,120.54,120.54,True,2e-06,0.0,4.03,0.0366,65.66,196.5,10.3
2011-09-16 14:15:00,PARTICIPATION,GRIDFLEX_100PCT,True,45.97,False,78.92,Line_Trunk_1,False,0.9997,1.0812,Bus_Commercial,Bus_Residential_3,0.0312,2,Bus_Residential_3,feeder_trunk_3,0.0,112.47,112.47,True,1e-06,0.0,0.0,0.0312,64.94,186.59,9.18
2011-09-16 14:30:00,PARTICIPATION,GRIDFLEX_100PCT,True,37.81,False,66.01,Line_Trunk_1,False,0.999,1.0674,Bus_Commercial,Bus_Residential_3,0.0174,2,Bus_Residential_3,feeder_trunk_3,0.0,91.97,91.97,True,0.0,0.0,0.0,0.0174,60.48,159.11,6.66
2011-09-16 14:45:00,PARTICIPATION,GRIDFLEX_100PCT,True,39.06,False,67.99,Line_Trunk_1,False,0.999,1.0694,Bus_Commercial,Bus_Residential_3,0.0194,2,Bus_Residential_3,feeder_trunk_3,0.0,95.04,95.04,True,0.0,0.0,0.0,0.0194,61.72,163.79,7.03
2011-09-16 15:00:00,PARTICIPATION,GRIDFLEX_100PCT,True,20.8,False,38.92,Line_Trunk_1,False,0.9972,1.0378,Bus_Commercial,Bus_Residential_3,0.0,0,NONE,NONE,0.0,48.23,48.23,True,0.0,0.0,0.0,0.0,61.84,112.85,2.78
2011-09-16 15:15:00,PARTICIPATION,GRIDFLEX_100PCT,True,22.27,False,41.26,Line_Trunk_1,False,0.9972,1.0402,Bus_Commercial,Bus_Residential_3,0.0,0,NONE,NONE,0.0,51.91,51.91,True,0.0,0.0,0.0,0.0,63.41,118.37,3.05
2011-09-16 15:30:00,PARTICIPATION,GRIDFLEX_100PCT,True,7.7,False,14.97,Line_Trunk_1,False,0.9951,1.0074,Bus_Commercial,Bus_Residential_3,0.0,0,NONE,NONE,0.0,3.86,3.86,True,0.0,0.0,0.0,0.0,66.5,71.32,0.96
2011-09-16 15:45:00,PARTICIPATION,GRIDFLEX_100PCT,True,9.74,False,20.23,Line_Trunk_1,False,0.9957,1.0156,Bus_Commercial,Bus_Residential_3,0.0,0,NONE,NONE,0.0,15.74,15.74,True,0.0,0.0,0.0,0.0,64.3,81.27,1.24
2011-09-16 16:00:00,PARTICIPATION,GRIDFLEX_100PCT,True,23.01,False,30.12,Line_Trunk_1,False,0.9678,0.9945,Bus_Residential_3,Bus_Critical,0.0,0,NONE,NONE,53.58,0.0,0.0,False,0.0,0.0,0.0,0.0,71.01,19.15,1.72
2011-09-16 16:15:00,PARTICIPATION,GRIDFLEX_100PCT,True,26.62,False,35.71,Line_Trunk_1,False,0.9613,0.9939,Bus_Residential_3,Bus_Critical,0.0,0,NONE,NONE,62.84,0.0,0.0,False,0.0,0.0,0.0,0.0,73.21,12.55,2.18
2011-09-16 16:30:00,PARTICIPATION,GRIDFLEX_100PCT,True,34.2,False,47.59,Line_Trunk_1,False,0.9479,0.9926,Bus_Residential_3,Bus_Critical,0.0021,1,Bus_Residential_3,feeder_trunk_3,81.67,0.0,0.0,False,0.0,0.0,0.0,0.0021,81.52,3.28,3.43
2011-09-16 16:45:00,PARTICIPATION,GRIDFLEX_100PCT,True,35.69,False,49.92,Line_Trunk_1,False,0.9452,0.9924,Bus_Residential_3,Bus_Critical,0.0048,1,Bus_Residential_3,feeder_trunk_3,85.49,0.0,0.0,False,0.0,0.0,0.0,0.0048,81.77,0.0,3.72
2011-09-16 17:00:00,PARTICIPATION,GRIDFLEX_100PCT,True,41.78,False,59.54,Line_Trunk_1,False,0.9347,0.991,Bus_Residential_3,Bus_Critical,0.0153,2,Bus_Residential_3,feeder_trunk_3,99.87,0.0,0.0,False,0.0,0.0,0.0,0.0153,94.85,0.0,5.02
2011-09-16 17:15:00,PARTICIPATION,GRIDFLEX_100PCT,True,43.25,False,61.86,Line_Trunk_1,False,0.9321,0.9907,Bus_Residential_3,Bus_Critical,0.0179,2,Bus_Residential_3,feeder_trunk_3,103.35,0.0,0.0,False,0.0,0.0,0.0,0.0179,97.98,0.0,5.37
2011-09-16 13:30:00,PARTICIPATION,GRIDFLEX_70PCT,True,55.82,False,94.51,Line_Trunk_1,True,1.0007,1.0978,Bus_Commercial,Bus_Residential_3,0.0478,2,Bus_Residential_3,feeder_trunk_3,0.0,137.24,137.24,True,4e-06,0.0,14.51,0.0478,63.69,213.73,12.8
2011-09-16 13:45:00,PARTICIPATION,GRIDFLEX_70PCT,True,56.36,False,95.37,Line_Trunk_1,True,1.0008,1.0987,Bus_Commercial,Bus_Residential_3,0.0487,2,Bus_Residential_3,feeder_trunk_3,0.0,138.61,138.61,True,4e-06,0.0,15.37,0.0487,63.54,215.16,13.01
2011-09-16 14:00:00,PARTICIPATION,GRIDFLEX_70PCT,True,49.19,False,84.03,Line_Trunk_1,True,1.0,1.0866,Bus_Commercial,Bus_Residential_3,0.0366,2,Bus_Residential_3,feeder_trunk_3,0.0,120.54,120.54,True,2e-06,0.0,4.03,0.0366,65.66,196.5,10.3
2011-09-16 14:15:00,PARTICIPATION,GRIDFLEX_70PCT,True,45.97,False,78.92,Line_Trunk_1,False,0.9997,1.0812,Bus_Commercial,Bus_Residential_3,0.0312,2,Bus_Residential_3,feeder_trunk_3,0.0,112.47,112.47,True,1e-06,0.0,0.0,0.0312,64.94,186.59,9.18
2011-09-16 14:30:00,PARTICIPATION,GRIDFLEX_70PCT,True,37.81,False,66.01,Line_Trunk_1,False,0.999,1.0674,Bus_Commercial,Bus_Residential_3,0.0174,2,Bus_Residential_3,feeder_trunk_3,0.0,91.97,91.97,True,0.0,0.0,0.0,0.0174,60.48,159.11,6.66
2011-09-16 14:45:00,PARTICIPATION,GRIDFLEX_70PCT,True,39.06,False,67.99,Line_Trunk_1,False,0.999,1.0694,Bus_Commercial,Bus_Residential_3,0.0194,2,Bus_Residential_3,feeder_trunk_3,0.0,95.04,95.04,True,0.0,0.0,0.0,0.0194,61.72,163.79,7.03
2011-09-16 15:00:00,PARTICIPATION,GRIDFLEX_70PCT,True,20.8,False,38.92,Line_Trunk_1,False,0.9972,1.0378,Bus_Commercial,Bus_Residential_3,0.0,0,NONE,NONE,0.0,48.23,48.23,True,0.0,0.0,0.0,0.0,61.84,112.85,2.78
2011-09-16 15:15:00,PARTICIPATION,GRIDFLEX_70PCT,True,22.27,False,41.26,Line_Trunk_1,False,0.9972,1.0402,Bus_Commercial,Bus_Residential_3,0.0,0,NONE,NONE,0.0,51.91,51.91,True,0.0,0.0,0.0,0.0,63.41,118.37,3.05
2011-09-16 15:30:00,PARTICIPATION,GRIDFLEX_70PCT,True,7.7,False,14.97,Line_Trunk_1,False,0.9951,1.0074,Bus_Commercial,Bus_Residential_3,0.0,0,NONE,NONE,0.0,3.86,3.86,True,0.0,0.0,0.0,0.0,66.5,71.32,0.96
2011-09-16 15:45:00,PARTICIPATION,GRIDFLEX_70PCT,True,9.74,False,20.23,Line_Trunk_1,False,0.9957,1.0156,Bus_Commercial,Bus_Residential_3,0.0,0,NONE,NONE,0.0,15.74,15.74,True,0.0,0.0,0.0,0.0,64.3,81.27,1.24
2011-09-16 16:00:00,PARTICIPATION,GRIDFLEX_70PCT,True,23.01,False,30.12,Line_Trunk_1,False,0.9678,0.9945,Bus_Residential_3,Bus_Critical,0.0,0,NONE,NONE,53.58,0.0,0.0,False,0.0,0.0,0.0,0.0,71.01,19.15,1.72
2011-09-16 16:15:00,PARTICIPATION,GRIDFLEX_70PCT,True,26.62,False,35.71,Line_Trunk_1,False,0.9613,0.9939,Bus_Residential_3,Bus_Critical,0.0,0,NONE,NONE,62.84,0.0,0.0,False,0.0,0.0,0.0,0.0,73.21,12.55,2.18
2011-09-16 16:30:00,PARTICIPATION,GRIDFLEX_70PCT,True,34.2,False,47.59,Line_Trunk_1,False,0.9479,0.9926,Bus_Residential_3,Bus_Critical,0.0021,1,Bus_Residential_3,feeder_trunk_3,81.67,0.0,0.0,False,0.0,0.0,0.0,0.0021,81.52,3.28,3.43
2011-09-16 16:45:00,PARTICIPATION,GRIDFLEX_70PCT,True,35.69,False,49.92,Line_Trunk_1,False,0.9452,0.9924,Bus_Residential_3,Bus_Critical,0.0048,1,Bus_Residential_3,feeder_trunk_3,85.49,0.0,0.0,False,0.0,0.0,0.0,0.0048,81.77,0.0,3.72
2011-09-16 17:00:00,PARTICIPATION,GRIDFLEX_70PCT,True,43.07,False,61.58,Line_Trunk_1,False,0.9335,0.9908,Bus_Residential_3,Bus_Critical,0.0165,2,Bus_Residential_3,feeder_trunk_3,103.03,0.0,0.0,False,0.0,0.0,0.0,0.0165,97.81,0.0,5.22
2011-09-16 17:15:00,PARTICIPATION,GRIDFLEX_70PCT,True,46.03,False,66.25,Line_Trunk_1,False,0.9296,0.9902,Bus_Residential_3,Bus_Critical,0.0204,2,Bus_Residential_3,feeder_trunk_3,110.13,0.0,0.0,False,0.0,0.0,0.0,0.0204,104.3,0.0,5.83
2011-09-16 13:30:00,PARTICIPATION,GRIDFLEX_40PCT,True,55.82,False,94.51,Line_Trunk_1,True,1.0007,1.0978,Bus_Commercial,Bus_Residential_3,0.0478,2,Bus_Residential_3,feeder_trunk_3,0.0,137.24,137.24,True,4e-06,0.0,14.51,0.0478,63.69,213.73,12.8
2011-09-16 13:45:00,PARTICIPATION,GRIDFLEX_40PCT,True,56.36,False,95.37,Line_Trunk_1,True,1.0008,1.0987,Bus_Commercial,Bus_Residential_3,0.0487,2,Bus_Residential_3,feeder_trunk_3,0.0,138.61,138.61,True,4e-06,0.0,15.37,0.0487,63.54,215.16,13.01
2011-09-16 14:00:00,PARTICIPATION,GRIDFLEX_40PCT,True,49.19,False,84.03,Line_Trunk_1,True,1.0,1.0866,Bus_Commercial,Bus_Residential_3,0.0366,2,Bus_Residential_3,feeder_trunk_3,0.0,120.54,120.54,True,2e-06,0.0,4.03,0.0366,65.66,196.5,10.3
2011-09-16 14:15:00,PARTICIPATION,GRIDFLEX_40PCT,True,45.97,False,78.92,Line_Trunk_1,False,0.9997,1.0812,Bus_Commercial,Bus_Residential_3,0.0312,2,Bus_Residential_3,feeder_trunk_3,0.0,112.47,112.47,True,1e-06,0.0,0.0,0.0312,64.94,186.59,9.18
2011-09-16 14:30:00,PARTICIPATION,GRIDFLEX_40PCT,True,37.81,False,66.01,Line_Trunk_1,False,0.999,1.0674,Bus_Commercial,Bus_Residential_3,0.0174,2,Bus_Residential_3,feeder_trunk_3,0.0,91.97,91.97,True,0.0,0.0,0.0,0.0174,60.48,159.11,6.66
2011-09-16 14:45:00,PARTICIPATION,GRIDFLEX_40PCT,True,39.06,False,67.99,Line_Trunk_1,False,0.999,1.0694,Bus_Commercial,Bus_Residential_3,0.0194,2,Bus_Residential_3,feeder_trunk_3,0.0,95.04,95.04,True,0.0,0.0,0.0,0.0194,61.72,163.79,7.03
2011-09-16 15:00:00,PARTICIPATION,GRIDFLEX_40PCT,True,20.8,False,38.92,Line_Trunk_1,False,0.9972,1.0378,Bus_Commercial,Bus_Residential_3,0.0,0,NONE,NONE,0.0,48.23,48.23,True,0.0,0.0,0.0,0.0,61.84,112.85,2.78
2011-09-16 15:15:00,PARTICIPATION,GRIDFLEX_40PCT,True,22.27,False,41.26,Line_Trunk_1,False,0.9972,1.0402,Bus_Commercial,Bus_Residential_3,0.0,0,NONE,NONE,0.0,51.91,51.91,True,0.0,0.0,0.0,0.0,63.41,118.37,3.05
2011-09-16 15:30:00,PARTICIPATION,GRIDFLEX_40PCT,True,7.7,False,14.97,Line_Trunk_1,False,0.9951,1.0074,Bus_Commercial,Bus_Residential_3,0.0,0,NONE,NONE,0.0,3.86,3.86,True,0.0,0.0,0.0,0.0,66.5,71.32,0.96
2011-09-16 15:45:00,PARTICIPATION,GRIDFLEX_40PCT,True,9.74,False,20.23,Line_Trunk_1,False,0.9957,1.0156,Bus_Commercial,Bus_Residential_3,0.0,0,NONE,NONE,0.0,15.74,15.74,True,0.0,0.0,0.0,0.0,64.3,81.27,1.24
2011-09-16 16:00:00,PARTICIPATION,GRIDFLEX_40PCT,True,23.01,False,30.12,Line_Trunk_1,False,0.9678,0.9945,Bus_Residential_3,Bus_Critical,0.0,0,NONE,NONE,53.58,0.0,0.0,False,0.0,0.0,0.0,0.0,71.01,19.15,1.72
2011-09-16 16:15:00,PARTICIPATION,GRIDFLEX_40PCT,True,26.62,False,35.71,Line_Trunk_1,False,0.9613,0.9939,Bus_Residential_3,Bus_Critical,0.0,0,NONE,NONE,62.84,0.0,0.0,False,0.0,0.0,0.0,0.0,73.21,12.55,2.18
2011-09-16 16:30:00,PARTICIPATION,GRIDFLEX_40PCT,True,34.2,False,47.59,Line_Trunk_1,False,0.9479,0.9926,Bus_Residential_3,Bus_Critical,0.0021,1,Bus_Residential_3,feeder_trunk_3,81.67,0.0,0.0,False,0.0,0.0,0.0,0.0021,81.52,3.28,3.43
2011-09-16 16:45:00,PARTICIPATION,GRIDFLEX_40PCT,True,35.69,False,49.92,Line_Trunk_1,False,0.9452,0.9924,Bus_Residential_3,Bus_Critical,0.0048,1,Bus_Residential_3,feeder_trunk_3,85.49,0.0,0.0,False,0.0,0.0,0.0,0.0048,81.77,0.0,3.72
2011-09-16 17:00:00,PARTICIPATION,GRIDFLEX_40PCT,True,43.07,False,61.58,Line_Trunk_1,False,0.9335,0.9908,Bus_Residential_3,Bus_Critical,0.0165,2,Bus_Residential_3,feeder_trunk_3,103.03,0.0,0.0,False,0.0,0.0,0.0,0.0165,97.81,0.0,5.22
2011-09-16 17:15:00,PARTICIPATION,GRIDFLEX_40PCT,True,52.65,False,76.68,Line_Trunk_1,False,0.9236,0.9889,Bus_Residential_3,Bus_Critical,0.0264,2,Bus_Residential_3,feeder_trunk_3,126.23,0.0,0.0,False,1e-06,0.0,0.0,0.0264,119.1,0.0,7.13
2011-09-16 13:30:00,CLOUD_EVENT,CASE_A_BASELINE_CLOUD,True,55.82,False,94.51,Line_Trunk_1,True,1.0007,1.0978,Bus_Commercial,Bus_Residential_3,0.0478,2,Bus_Residential_3,feeder_trunk_3,0.0,137.24,137.24,True,4e-06,0.0,14.51,0.0478,63.69,213.73,12.8
2011-09-16 13:45:00,CLOUD_EVENT,CASE_A_BASELINE_CLOUD,True,56.36,False,95.37,Line_Trunk_1,True,1.0008,1.0987,Bus_Commercial,Bus_Residential_3,0.0487,2,Bus_Residential_3,feeder_trunk_3,0.0,138.61,138.61,True,4e-06,0.0,15.37,0.0487,63.54,215.16,13.01
2011-09-16 14:00:00,CLOUD_EVENT,CASE_A_BASELINE_CLOUD,True,49.19,False,84.03,Line_Trunk_1,True,1.0,1.0866,Bus_Commercial,Bus_Residential_3,0.0366,2,Bus_Residential_3,feeder_trunk_3,0.0,120.54,120.54,True,2e-06,0.0,4.03,0.0366,65.66,196.5,10.3
2011-09-16 14:15:00,CLOUD_EVENT,CASE_A_BASELINE_CLOUD,True,45.97,False,78.92,Line_Trunk_1,False,0.9997,1.0812,Bus_Commercial,Bus_Residential_3,0.0312,2,Bus_Residential_3,feeder_trunk_3,0.0,112.47,112.47,True,1e-06,0.0,0.0,0.0312,64.94,186.59,9.18
2011-09-16 14:30:00,CLOUD_EVENT,CASE_A_BASELINE_CLOUD,True,37.81,False,66.01,Line_Trunk_1,False,0.999,1.0674,Bus_Commercial,Bus_Residential_3,0.0174,2,Bus_Residential_3,feeder_trunk_3,0.0,91.97,91.97,True,0.0,0.0,0.0,0.0174,60.48,159.11,6.66
2011-09-16 14:45:00,CLOUD_EVENT,CASE_A_BASELINE_CLOUD,True,39.06,False,67.99,Line_Trunk_1,False,0.999,1.0694,Bus_Commercial,Bus_Residential_3,0.0194,2,Bus_Residential_3,feeder_trunk_3,0.0,95.04,95.04,True,0.0,0.0,0.0,0.0194,61.72,163.79,7.03
2011-09-16 15:00:00,CLOUD_EVENT,CASE_A_BASELINE_CLOUD,True,13.5,False,15.86,Line_Trunk_1,False,0.9851,0.9961,Bus_Residential_3,Bus_Critical,0.0,0,NONE,NONE,28.9,0.0,0.0,False,0.0,0.0,0.0,0.0,61.84,33.86,0.92
2011-09-16 15:15:00,CLOUD_EVENT,CASE_A_BASELINE_CLOUD,True,13.58,False,16.06,Line_Trunk_1,False,0.9851,0.996,Bus_Residential_3,Bus_Critical,0.0,0,NONE,NONE,28.83,0.0,0.0,False,0.0,0.0,0.0,0.0,63.41,35.51,0.93
2011-09-16 15:30:00,CLOUD_EVENT,CASE_A_BASELINE_CLOUD,True,20.14,False,25.67,Line_Trunk_1,False,0.9728,0.995,Bus_Residential_3,Bus_Critical,0.0,0,NONE,NONE,46.52,0.0,0.0,False,0.0,0.0,0.0,0.0,66.5,21.4,1.42
2011-09-16 15:45:00,CLOUD_EVENT,CASE_A_BASELINE_CLOUD,True,18.03,False,22.45,Line_Trunk_1,False,0.9766,0.9954,Bus_Residential_3,Bus_Critical,0.0,0,NONE,NONE,41.14,0.0,0.0,False,0.0,0.0,0.0,0.0,64.3,24.38,1.23
2011-09-16 16:00:00,CLOUD_EVENT,CASE_A_BASELINE_CLOUD,True,23.01,False,30.12,Line_Trunk_1,False,0.9678,0.9945,Bus_Residential_3,Bus_Critical,0.0,0,NONE,NONE,53.58,0.0,0.0,False,0.0,0.0,0.0,0.0,71.01,19.15,1.72
2011-09-16 16:15:00,CLOUD_EVENT,CASE_A_BASELINE_CLOUD,True,26.62,False,35.71,Line_Trunk_1,False,0.9613,0.9939,Bus_Residential_3,Bus_Critical,0.0,0,NONE,NONE,62.84,0.0,0.0,False,0.0,0.0,0.0,0.0,73.21,12.55,2.18
2011-09-16 16:30:00,CLOUD_EVENT,CASE_A_BASELINE_CLOUD,True,34.82,False,48.57,Line_Trunk_1,False,0.9473,0.9925,Bus_Residential_3,Bus_Critical,0.0027,1,Bus_Residential_3,feeder_trunk_3,83.18,0.0,0.0,False,0.0,0.0,0.0,0.0027,82.96,3.28,3.5
2011-09-16 16:45:00,CLOUD_EVENT,CASE_A_BASELINE_CLOUD,True,37.08,False,52.1,Line_Trunk_1,False,0.9439,0.9921,Bus_Residential_3,Bus_Critical,0.0061,1,Bus_Residential_3,feeder_trunk_3,88.87,0.0,0.0,False,0.0,0.0,0.0,0.0061,84.97,0.0,3.9
2011-09-16 17:00:00,CLOUD_EVENT,CASE_A_BASELINE_CLOUD,True,49.64,False,71.92,Line_Trunk_1,False,0.9275,0.9895,Bus_Residential_3,Bus_Critical,0.0225,2,Bus_Residential_3,feeder_trunk_3,119.02,0.0,0.0,False,1e-06,0.0,0.0,0.0225,112.61,0.0,6.41
2011-09-16 17:15:00,CLOUD_EVENT,CASE_A_BASELINE_CLOUD,True,52.65,False,76.68,Line_Trunk_1,False,0.9236,0.9889,Bus_Residential_3,Bus_Critical,0.0264,2,Bus_Residential_3,feeder_trunk_3,126.23,0.0,0.0,False,1e-06,0.0,0.0,0.0264,119.1,0.0,7.13
2011-09-16 13:30:00,CLOUD_EVENT,CASE_B_GRIDFLEX_CLOUD,True,55.82,False,94.51,Line_Trunk_1,True,1.0007,1.0978,Bus_Commercial,Bus_Residential_3,0.0478,2,Bus_Residential_3,feeder_trunk_3,0.0,137.24,137.24,True,4e-06,0.0,14.51,0.0478,63.69,213.73,12.8
2011-09-16 13:45:00,CLOUD_EVENT,CASE_B_GRIDFLEX_CLOUD,True,56.36,False,95.37,Line_Trunk_1,True,1.0008,1.0987,Bus_Commercial,Bus_Residential_3,0.0487,2,Bus_Residential_3,feeder_trunk_3,0.0,138.61,138.61,True,4e-06,0.0,15.37,0.0487,63.54,215.16,13.01
2011-09-16 14:00:00,CLOUD_EVENT,CASE_B_GRIDFLEX_CLOUD,True,49.19,False,84.03,Line_Trunk_1,True,1.0,1.0866,Bus_Commercial,Bus_Residential_3,0.0366,2,Bus_Residential_3,feeder_trunk_3,0.0,120.54,120.54,True,2e-06,0.0,4.03,0.0366,65.66,196.5,10.3
2011-09-16 14:15:00,CLOUD_EVENT,CASE_B_GRIDFLEX_CLOUD,True,45.97,False,78.92,Line_Trunk_1,False,0.9997,1.0812,Bus_Commercial,Bus_Residential_3,0.0312,2,Bus_Residential_3,feeder_trunk_3,0.0,112.47,112.47,True,1e-06,0.0,0.0,0.0312,64.94,186.59,9.18
2011-09-16 14:30:00,CLOUD_EVENT,CASE_B_GRIDFLEX_CLOUD,True,37.81,False,66.01,Line_Trunk_1,False,0.999,1.0674,Bus_Commercial,Bus_Residential_3,0.0174,2,Bus_Residential_3,feeder_trunk_3,0.0,91.97,91.97,True,0.0,0.0,0.0,0.0174,60.48,159.11,6.66
2011-09-16 14:45:00,CLOUD_EVENT,CASE_B_GRIDFLEX_CLOUD,True,39.06,False,67.99,Line_Trunk_1,False,0.999,1.0694,Bus_Commercial,Bus_Residential_3,0.0194,2,Bus_Residential_3,feeder_trunk_3,0.0,95.04,95.04,True,0.0,0.0,0.0,0.0194,61.72,163.79,7.03
2011-09-16 15:00:00,CLOUD_EVENT,CASE_B_GRIDFLEX_CLOUD,True,13.5,False,15.86,Line_Trunk_1,False,0.9851,0.9961,Bus_Residential_3,Bus_Critical,0.0,0,NONE,NONE,28.9,0.0,0.0,False,0.0,0.0,0.0,0.0,61.84,33.86,0.92
2011-09-16 15:15:00,CLOUD_EVENT,CASE_B_GRIDFLEX_CLOUD,True,13.58,False,16.06,Line_Trunk_1,False,0.9851,0.996,Bus_Residential_3,Bus_Critical,0.0,0,NONE,NONE,28.83,0.0,0.0,False,0.0,0.0,0.0,0.0,63.41,35.51,0.93
2011-09-16 15:30:00,CLOUD_EVENT,CASE_B_GRIDFLEX_CLOUD,True,20.14,False,25.67,Line_Trunk_1,False,0.9728,0.995,Bus_Residential_3,Bus_Critical,0.0,0,NONE,NONE,46.52,0.0,0.0,False,0.0,0.0,0.0,0.0,66.5,21.4,1.42
2011-09-16 15:45:00,CLOUD_EVENT,CASE_B_GRIDFLEX_CLOUD,True,18.03,False,22.45,Line_Trunk_1,False,0.9766,0.9954,Bus_Residential_3,Bus_Critical,0.0,0,NONE,NONE,41.14,0.0,0.0,False,0.0,0.0,0.0,0.0,64.3,24.38,1.23
2011-09-16 16:00:00,CLOUD_EVENT,CASE_B_GRIDFLEX_CLOUD,True,23.01,False,30.12,Line_Trunk_1,False,0.9678,0.9945,Bus_Residential_3,Bus_Critical,0.0,0,NONE,NONE,53.58,0.0,0.0,False,0.0,0.0,0.0,0.0,71.01,19.15,1.72
2011-09-16 16:15:00,CLOUD_EVENT,CASE_B_GRIDFLEX_CLOUD,True,26.62,False,35.71,Line_Trunk_1,False,0.9613,0.9939,Bus_Residential_3,Bus_Critical,0.0,0,NONE,NONE,62.84,0.0,0.0,False,0.0,0.0,0.0,0.0,73.21,12.55,2.18
2011-09-16 16:30:00,CLOUD_EVENT,CASE_B_GRIDFLEX_CLOUD,True,34.2,False,47.59,Line_Trunk_1,False,0.9479,0.9926,Bus_Residential_3,Bus_Critical,0.0021,1,Bus_Residential_3,feeder_trunk_3,81.67,0.0,0.0,False,0.0,0.0,0.0,0.0021,81.52,3.28,3.43
2011-09-16 16:45:00,CLOUD_EVENT,CASE_B_GRIDFLEX_CLOUD,True,35.69,False,49.92,Line_Trunk_1,False,0.9452,0.9924,Bus_Residential_3,Bus_Critical,0.0048,1,Bus_Residential_3,feeder_trunk_3,85.49,0.0,0.0,False,0.0,0.0,0.0,0.0048,81.77,0.0,3.72
2011-09-16 17:00:00,CLOUD_EVENT,CASE_B_GRIDFLEX_CLOUD,True,41.78,False,59.54,Line_Trunk_1,False,0.9347,0.991,Bus_Residential_3,Bus_Critical,0.0153,2,Bus_Residential_3,feeder_trunk_3,99.87,0.0,0.0,False,0.0,0.0,0.0,0.0153,94.85,0.0,5.02
2011-09-16 17:15:00,CLOUD_EVENT,CASE_B_GRIDFLEX_CLOUD,True,43.25,False,61.86,Line_Trunk_1,False,0.9321,0.9907,Bus_Residential_3,Bus_Critical,0.0179,2,Bus_Residential_3,feeder_trunk_3,103.35,0.0,0.0,False,0.0,0.0,0.0,0.0179,97.98,0.0,5.37
