timestamp,der_id,available_kw,export_kw,curtailed_kw,curtailment_pct
2011-09-16 13:30:00,PV_H002,3.87,3.87,0.0,0.0
2011-09-16 13:30:00,PV_H003,3.12,3.12,0.0,0.0
2011-09-16 13:30:00,PV_H005,3.14,3.14,0.0,0.0
2011-09-16 13:30:00,PV_H006,1.98,1.98,0.0,0.0
2011-09-16 13:30:00,PV_H007,3.89,3.89,0.0,0.0
2011-09-16 13:30:00,PV_H010,2.99,2.99,0.0,0.0
2011-09-16 13:30:00,PV_H016,2.08,2.08,0.0,0.0
2011-09-16 13:30:00,PV_H017,3.58,3.58,0.0,0.0
2011-09-16 13:30:00,PV_H018,2.3,2.3,0.0,0.0
2011-09-16 13:30:00,PV_H021,5.33,5.33,0.0,0.0
2011-09-16 13:30:00,PV_H024,1.98,1.98,0.0,0.0
2011-09-16 13:30:00,PV_H025,3.77,3.77,0.0,0.0
2011-09-16 13:30:00,PV_H026,3.63,3.63,0.0,0.0
2011-09-16 13:30:00,PV_H027,3.5,3.5,0.0,0.0
2011-09-16 13:30:00,PV_H032,3.17,3.17,0.0,0.0
2011-09-16 13:30:00,PV_H033,2.39,2.39,0.0,0.0
2011-09-16 13:30:00,PV_H034,3.92,3.92,0.0,0.0
2011-09-16 13:30:00,PV_H035,2.95,2.95,0.0,0.0
2011-09-16 13:30:00,PV_H036,3.45,3.45,0.0,0.0
2011-09-16 13:30:00,PV_H037,3.32,3.32,0.0,0.0
2011-09-16 13:30:00,PV_H040,4.06,4.06,0.0,0.0
2011-09-16 13:30:00,PV_H042,2.52,2.52,0.0,0.0
2011-09-16 13:30:00,PV_H044,3.3,3.3,0.0,0.0
2011-09-16 13:30:00,PV_H046,4.22,4.22,0.0,0.0
2011-09-16 13:30:00,PV_H048,3.08,3.08,0.0,0.0
2011-09-16 13:30:00,PV_H049,2.74,2.74,0.0,0.0
2011-09-16 13:30:00,PV_H050,3.86,3.86,0.0,0.0
2011-09-16 13:30:00,PV_H053,4.49,4.49,0.0,0.0
2011-09-16 13:30:00,PV_H055,2.74,2.74,0.0,0.0
2011-09-16 13:30:00,PV_H057,4.29,4.29,0.0,0.0
2011-09-16 13:30:00,PV_H058,2.97,2.97,0.0,0.0
2011-09-16 13:30:00,PV_H060,5.51,5.51,0.0,0.0
2011-09-16 13:30:00,PV_H061,3.04,3.04,0.0,0.0
2011-09-16 13:30:00,PV_H062,5.94,5.94,0.0,0.0
2011-09-16 13:30:00,PV_H063,3.98,3.98,0.0,0.0
2011-09-16 13:30:00,PV_H066,4.38,4.38,0.0,0.0
2011-09-16 13:30:00,PV_H067,2.6,2.6,0.0,0.0
2011-09-16 13:30:00,PV_H069,3.54,3.54,0.0,0.0
2011-09-16 13:30:00,PV_H071,4.52,4.52,0.0,0.0
2011-09-16 13:30:00,PV_H072,5.11,5.11,0.0,0.0
2011-09-16 13:30:00,PV_H073,3.67,3.67,0.0,0.0
2011-09-16 13:30:00,PV_H074,4.06,4.06,0.0,0.0
2011-09-16 13:30:00,PV_H076,4.64,4.64,0.0,0.0
2011-09-16 13:30:00,PV_H077,4.95,4.95,0.0,0.0
2011-09-16 13:30:00,PV_H078,2.72,2.72,0.0,0.0
2011-09-16 13:30:00,PV_H079,2.82,2.82,0.0,0.0
2011-09-16 13:30:00,PV_H080,4.1,4.1,0.0,0.0
2011-09-16 13:30:00,PV_H081,4.1,4.1,0.0,0.0
2011-09-16 13:30:00,PV_H082,2.71,2.71,0.0,0.0
2011-09-16 13:30:00,PV_H083,3.03,3.03,0.0,0.0
2011-09-16 13:30:00,PV_H085,3.78,3.78,0.0,0.0
2011-09-16 13:30:00,PV_H087,4.37,4.37,0.0,0.0
2011-09-16 13:30:00,PV_H088,2.22,2.22,0.0,0.0
2011-09-16 13:30:00,PV_H090,4.28,4.28,0.0,0.0
2011-09-16 13:30:00,PV_H093,5.25,5.25,0.0,0.0
2011-09-16 13:30:00,PV_H094,2.73,2.73,0.0,0.0
2011-09-16 13:30:00,PV_H095,2.63,2.63,0.0,0.0
2011-09-16 13:30:00,PV_H096,4.22,4.22,0.0,0.0
2011-09-16 13:30:00,PV_H098,3.13,3.13,0.0,0.0
2011-09-16 13:30:00,PV_H099,3.07,3.07,0.0,0.0
2011-09-16 13:45:00,PV_H002,3.89,3.89,0.0,0.0
2011-09-16 13:45:00,PV_H003,3.14,3.14,0.0,0.0
2011-09-16 13:45:00,PV_H005,3.16,3.16,0.0,0.0
2011-09-16 13:45:00,PV_H006,1.99,1.99,0.0,0.0
2011-09-16 13:45:00,PV_H007,3.91,3.91,0.0,0.0
2011-09-16 13:45:00,PV_H010,3.01,3.01,0.0,0.0
2011-09-16 13:45:00,PV_H016,2.09,2.09,0.0,0.0
2011-09-16 13:45:00,PV_H017,3.61,3.61,0.0,0.0
2011-09-16 13:45:00,PV_H018,2.32,2.32,0.0,0.0
2011-09-16 13:45:00,PV_H021,5.37,5.37,0.0,0.0
2011-09-16 13:45:00,PV_H024,1.99,1.99,0.0,0.0
2011-09-16 13:45:00,PV_H025,3.79,3.79,0.0,0.0
2011-09-16 13:45:00,PV_H026,3.66,3.66,0.0,0.0
2011-09-16 13:45:00,PV_H027,3.53,3.53,0.0,0.0
2011-09-16 13:45:00,PV_H032,3.19,3.19,0.0,0.0
2011-09-16 13:45:00,PV_H033,2.41,2.41,0.0,0.0
2011-09-16 13:45:00,PV_H034,3.94,3.94,0.0,0.0
2011-09-16 13:45:00,PV_H035,2.97,2.97,0.0,0.0
2011-09-16 13:45:00,PV_H036,3.48,3.48,0.0,0.0
2011-09-16 13:45:00,PV_H037,3.35,3.35,0.0,0.0
2011-09-16 13:45:00,PV_H040,4.08,4.08,0.0,0.0
2011-09-16 13:45:00,PV_H042,2.54,2.54,0.0,0.0
2011-09-16 13:45:00,PV_H044,3.33,3.33,0.0,0.0
2011-09-16 13:45:00,PV_H046,4.25,4.25,0.0,0.0
2011-09-16 13:45:00,PV_H048,3.1,3.1,0.0,0.0
2011-09-16 13:45:00,PV_H049,2.76,2.76,0.0,0.0
2011-09-16 13:45:00,PV_H050,3.88,3.88,0.0,0.0
2011-09-16 13:45:00,PV_H053,4.52,4.52,0.0,0.0
2011-09-16 13:45:00,PV_H055,2.76,2.76,0.0,0.0
2011-09-16 13:45:00,PV_H057,4.32,4.32,0.0,0.0
2011-09-16 13:45:00,PV_H058,2.99,2.99,0.0,0.0
2011-09-16 13:45:00,PV_H060,5.55,5.55,0.0,0.0
2011-09-16 13:45:00,PV_H061,3.06,3.06,0.0,0.0
2011-09-16 13:45:00,PV_H062,5.98,5.98,0.0,0.0
2011-09-16 13:45:00,PV_H063,4.0,4.0,0.0,0.0
2011-09-16 13:45:00,PV_H066,4.41,4.41,0.0,0.0
2011-09-16 13:45:00,PV_H067,2.62,2.62,0.0,0.0
2011-09-16 13:45:00,PV_H069,3.57,3.57,0.0,0.0
2011-09-16 13:45:00,PV_H071,4.55,4.55,0.0,0.0
2011-09-16 13:45:00,PV_H072,5.15,5.15,0.0,0.0
2011-09-16 13:45:00,PV_H073,3.69,3.69,0.0,0.0
2011-09-16 13:45:00,PV_H074,4.08,4.08,0.0,0.0
2011-09-16 13:45:00,PV_H076,4.67,4.67,0.0,0.0
2011-09-16 13:45:00,PV_H077,4.98,4.98,0.0,0.0
2011-09-16 13:45:00,PV_H078,2.74,2.74,0.0,0.0
2011-09-16 13:45:00,PV_H079,2.84,2.84,0.0,0.0
2011-09-16 13:45:00,PV_H080,4.12,4.12,0.0,0.0
2011-09-16 13:45:00,PV_H081,4.12,4.12,0.0,0.0
2011-09-16 13:45:00,PV_H082,2.73,2.73,0.0,0.0
2011-09-16 13:45:00,PV_H083,3.05,3.05,0.0,0.0
2011-09-16 13:45:00,PV_H085,3.8,3.8,0.0,0.0
2011-09-16 13:45:00,PV_H087,4.4,4.4,0.0,0.0
2011-09-16 13:45:00,PV_H088,2.23,2.23,0.0,0.0
2011-09-16 13:45:00,PV_H090,4.31,4.31,0.0,0.0
2011-09-16 13:45:00,PV_H093,5.29,5.29,0.0,0.0
2011-09-16 13:45:00,PV_H094,2.75,2.75,0.0,0.0
2011-09-16 13:45:00,PV_H095,2.65,2.65,0.0,0.0
2011-09-16 13:45:00,PV_H096,4.25,4.25,0.0,0.0
2011-09-16 13:45:00,PV_H098,3.15,3.15,0.0,0.0
2011-09-16 13:45:00,PV_H099,3.09,3.09,0.0,0.0
2011-09-16 14:00:00,PV_H002,3.56,3.56,0.0,0.0
2011-09-16 14:00:00,PV_H003,2.86,2.86,0.0,0.0
2011-09-16 14:00:00,PV_H005,2.88,2.88,0.0,0.0
2011-09-16 14:00:00,PV_H006,1.82,1.82,0.0,0.0
2011-09-16 14:00:00,PV_H007,3.57,3.57,0.0,0.0
2011-09-16 14:00:00,PV_H010,2.75,2.75,0.0,0.0
2011-09-16 14:00:00,PV_H016,1.91,1.91,0.0,0.0
2011-09-16 14:00:00,PV_H017,3.29,3.29,0.0,0.0
2011-09-16 14:00:00,PV_H018,2.12,2.12,0.0,0.0
2011-09-16 14:00:00,PV_H021,4.9,4.9,0.0,0.0
2011-09-16 14:00:00,PV_H024,1.82,1.82,0.0,0.0
2011-09-16 14:00:00,PV_H025,3.47,3.47,0.0,0.0
2011-09-16 14:00:00,PV_H026,3.34,3.34,0.0,0.0
2011-09-16 14:00:00,PV_H027,3.22,3.22,0.0,0.0
2011-09-16 14:00:00,PV_H032,2.91,2.91,0.0,0.0
2011-09-16 14:00:00,PV_H033,2.2,2.2,0.0,0.0
2011-09-16 14:00:00,PV_H034,3.6,3.6,0.0,0.0
2011-09-16 14:00:00,PV_H035,2.71,2.71,0.0,0.0
2011-09-16 14:00:00,PV_H036,3.17,3.17,0.0,0.0
2011-09-16 14:00:00,PV_H037,3.06,3.06,0.0,0.0
2011-09-16 14:00:00,PV_H040,3.73,3.73,0.0,0.0
2011-09-16 14:00:00,PV_H042,2.32,2.32,0.0,0.0
2011-09-16 14:00:00,PV_H044,3.04,3.04,0.0,0.0
2011-09-16 14:00:00,PV_H046,3.88,3.88,0.0,0.0
2011-09-16 14:00:00,PV_H048,2.83,2.83,0.0,0.0
2011-09-16 14:00:00,PV_H049,2.52,2.52,0.0,0.0
2011-09-16 14:00:00,PV_H050,3.55,3.55,0.0,0.0
2011-09-16 14:00:00,PV_H053,4.13,4.13,0.0,0.0
2011-09-16 14:00:00,PV_H055,2.52,2.52,0.0,0.0
2011-09-16 14:00:00,PV_H057,3.95,3.95,0.0,0.0
2011-09-16 14:00:00,PV_H058,2.73,2.73,0.0,0.0
2011-09-16 14:00:00,PV_H060,5.07,5.07,0.0,0.0
2011-09-16 14:00:00,PV_H061,2.79,2.79,0.0,0.0
2011-09-16 14:00:00,PV_H062,5.46,5.46,0.0,0.0
2011-09-16 14:00:00,PV_H063,3.66,3.66,0.0,0.0
2011-09-16 14:00:00,PV_H066,4.03,4.03,0.0,0.0
2011-09-16 14:00:00,PV_H067,2.39,2.39,0.0,0.0
2011-09-16 14:00:00,PV_H069,3.26,3.26,0.0,0.0
2011-09-16 14:00:00,PV_H071,4.16,4.16,0.0,0.0
2011-09-16 14:00:00,PV_H072,4.7,4.7,0.0,0.0
2011-09-16 14:00:00,PV_H073,3.37,3.37,0.0,0.0
2011-09-16 14:00:00,PV_H074,3.73,3.73,0.0,0.0
2011-09-16 14:00:00,PV_H076,4.27,4.27,0.0,0.0
2011-09-16 14:00:00,PV_H077,4.55,4.55,0.0,0.0
2011-09-16 14:00:00,PV_H078,2.5,2.5,0.0,0.0
2011-09-16 14:00:00,PV_H079,2.59,2.59,0.0,0.0
2011-09-16 14:00:00,PV_H080,3.77,3.77,0.0,0.0
2011-09-16 14:00:00,PV_H081,3.77,3.77,0.0,0.0
2011-09-16 14:00:00,PV_H082,2.49,2.49,0.0,0.0
2011-09-16 14:00:00,PV_H083,2.78,2.78,0.0,0.0
2011-09-16 14:00:00,PV_H085,3.47,3.47,0.0,0.0
2011-09-16 14:00:00,PV_H087,4.02,4.02,0.0,0.0
2011-09-16 14:00:00,PV_H088,2.04,2.04,0.0,0.0
2011-09-16 14:00:00,PV_H090,3.94,3.94,0.0,0.0
2011-09-16 14:00:00,PV_H093,4.83,4.83,0.0,0.0
2011-09-16 14:00:00,PV_H094,2.51,2.51,0.0,0.0
2011-09-16 14:00:00,PV_H095,2.42,2.42,0.0,0.0
2011-09-16 14:00:00,PV_H096,3.88,3.88,0.0,0.0
2011-09-16 14:00:00,PV_H098,2.87,2.87,0.0,0.0
2011-09-16 14:00:00,PV_H099,2.82,2.82,0.0,0.0
2011-09-16 14:15:00,PV_H002,3.38,3.38,0.0,0.0
2011-09-16 14:15:00,PV_H003,2.72,2.72,0.0,0.0
2011-09-16 14:15:00,PV_H005,2.74,2.74,0.0,0.0
2011-09-16 14:15:00,PV_H006,1.73,1.73,0.0,0.0
2011-09-16 14:15:00,PV_H007,3.39,3.39,0.0,0.0
2011-09-16 14:15:00,PV_H010,2.61,2.61,0.0,0.0
2011-09-16 14:15:00,PV_H016,1.81,1.81,0.0,0.0
2011-09-16 14:15:00,PV_H017,3.13,3.13,0.0,0.0
2011-09-16 14:15:00,PV_H018,2.01,2.01,0.0,0.0
2011-09-16 14:15:00,PV_H021,4.66,4.66,0.0,0.0
2011-09-16 14:15:00,PV_H024,1.73,1.73,0.0,0.0
2011-09-16 14:15:00,PV_H025,3.29,3.29,0.0,0.0
2011-09-16 14:15:00,PV_H026,3.17,3.17,0.0,0.0
2011-09-16 14:15:00,PV_H027,3.06,3.06,0.0,0.0
2011-09-16 14:15:00,PV_H032,2.76,2.76,0.0,0.0
2011-09-16 14:15:00,PV_H033,2.09,2.09,0.0,0.0
2011-09-16 14:15:00,PV_H034,3.42,3.42,0.0,0.0
2011-09-16 14:15:00,PV_H035,2.57,2.57,0.0,0.0
2011-09-16 14:15:00,PV_H036,3.01,3.01,0.0,0.0
2011-09-16 14:15:00,PV_H037,2.9,2.9,0.0,0.0
2011-09-16 14:15:00,PV_H040,3.54,3.54,0.0,0.0
2011-09-16 14:15:00,PV_H042,2.2,2.2,0.0,0.0
2011-09-16 14:15:00,PV_H044,2.88,2.88,0.0,0.0
2011-09-16 14:15:00,PV_H046,3.69,3.69,0.0,0.0
2011-09-16 14:15:00,PV_H048,2.69,2.69,0.0,0.0
2011-09-16 14:15:00,PV_H049,2.39,2.39,0.0,0.0
2011-09-16 14:15:00,PV_H050,3.37,3.37,0.0,0.0
2011-09-16 14:15:00,PV_H053,3.92,3.92,0.0,0.0
2011-09-16 14:15:00,PV_H055,2.39,2.39,0.0,0.0
2011-09-16 14:15:00,PV_H057,3.75,3.75,0.0,0.0
2011-09-16 14:15:00,PV_H058,2.59,2.59,0.0,0.0
2011-09-16 14:15:00,PV_H060,4.81,4.81,0.0,0.0
2011-09-16 14:15:00,PV_H061,2.65,2.65,0.0,0.0
2011-09-16 14:15:00,PV_H062,5.18,5.18,0.0,0.0
2011-09-16 14:15:00,PV_H063,3.47,3.47,0.0,0.0
2011-09-16 14:15:00,PV_H066,3.83,3.83,0.0,0.0
2011-09-16 14:15:00,PV_H067,2.27,2.27,0.0,0.0
2011-09-16 14:15:00,PV_H069,3.09,3.09,0.0,0.0
2011-09-16 14:15:00,PV_H071,3.95,3.95,0.0,0.0
2011-09-16 14:15:00,PV_H072,4.47,4.47,0.0,0.0
2011-09-16 14:15:00,PV_H073,3.2,3.2,0.0,0.0
2011-09-16 14:15:00,PV_H074,3.54,3.54,0.0,0.0
2011-09-16 14:15:00,PV_H076,4.05,4.05,0.0,0.0
2011-09-16 14:15:00,PV_H077,4.32,4.32,0.0,0.0
2011-09-16 14:15:00,PV_H078,2.38,2.38,0.0,0.0
2011-09-16 14:15:00,PV_H079,2.46,2.46,0.0,0.0
2011-09-16 14:15:00,PV_H080,3.58,3.58,0.0,0.0
2011-09-16 14:15:00,PV_H081,3.58,3.58,0.0,0.0
2011-09-16 14:15:00,PV_H082,2.37,2.37,0.0,0.0
2011-09-16 14:15:00,PV_H083,2.64,2.64,0.0,0.0
2011-09-16 14:15:00,PV_H085,3.3,3.3,0.0,0.0
2011-09-16 14:15:00,PV_H087,3.82,3.82,0.0,0.0
2011-09-16 14:15:00,PV_H088,1.93,1.93,0.0,0.0
2011-09-16 14:15:00,PV_H090,3.74,3.74,0.0,0.0
2011-09-16 14:15:00,PV_H093,4.59,4.59,0.0,0.0
2011-09-16 14:15:00,PV_H094,2.38,2.38,0.0,0.0
2011-09-16 14:15:00,PV_H095,2.3,2.3,0.0,0.0
2011-09-16 14:15:00,PV_H096,3.69,3.69,0.0,0.0
2011-09-16 14:15:00,PV_H098,2.73,2.73,0.0,0.0
2011-09-16 14:15:00,PV_H099,2.68,2.68,0.0,0.0
2011-09-16 14:30:00,PV_H002,2.88,2.88,0.0,0.0
2011-09-16 14:30:00,PV_H003,2.32,2.32,0.0,0.0
2011-09-16 14:30:00,PV_H005,2.33,2.33,0.0,0.0
2011-09-16 14:30:00,PV_H006,1.47,1.47,0.0,0.0
2011-09-16 14:30:00,PV_H007,2.89,2.89,0.0,0.0
2011-09-16 14:30:00,PV_H010,2.22,2.22,0.0,0.0
2011-09-16 14:30:00,PV_H016,1.55,1.55,0.0,0.0
2011-09-16 14:30:00,PV_H017,2.67,2.67,0.0,0.0
2011-09-16 14:30:00,PV_H018,1.72,1.72,0.0,0.0
2011-09-16 14:30:00,PV_H021,3.97,3.97,0.0,0.0
2011-09-16 14:30:00,PV_H024,1.47,1.47,0.0,0.0
2011-09-16 14:30:00,PV_H025,2.81,2.81,0.0,0.0
2011-09-16 14:30:00,PV_H026,2.7,2.7,0.0,0.0
2011-09-16 14:30:00,PV_H027,2.61,2.61,0.0,0.0
2011-09-16 14:30:00,PV_H032,2.36,2.36,0.0,0.0
2011-09-16 14:30:00,PV_H033,1.78,1.78,0.0,0.0
2011-09-16 14:30:00,PV_H034,2.92,2.92,0.0,0.0
2011-09-16 14:30:00,PV_H035,2.19,2.19,0.0,0.0
2011-09-16 14:30:00,PV_H036,2.57,2.57,0.0,0.0
2011-09-16 14:30:00,PV_H037,2.47,2.47,0.0,0.0
2011-09-16 14:30:00,PV_H040,3.02,3.02,0.0,0.0
2011-09-16 14:30:00,PV_H042,1.88,1.88,0.0,0.0
2011-09-16 14:30:00,PV_H044,2.46,2.46,0.0,0.0
2011-09-16 14:30:00,PV_H046,3.15,3.15,0.0,0.0
2011-09-16 14:30:00,PV_H048,2.29,2.29,0.0,0.0
2011-09-16 14:30:00,PV_H049,2.04,2.04,0.0,0.0
2011-09-16 14:30:00,PV_H050,2.87,2.87,0.0,0.0
2011-09-16 14:30:00,PV_H053,3.34,3.34,0.0,0.0
2011-09-16 14:30:00,PV_H055,2.04,2.04,0.0,0.0
2011-09-16 14:30:00,PV_H057,3.2,3.2,0.0,0.0
2011-09-16 14:30:00,PV_H058,2.21,2.21,0.0,0.0
2011-09-16 14:30:00,PV_H060,4.1,4.1,0.0,0.0
2011-09-16 14:30:00,PV_H061,2.26,2.26,0.0,0.0
2011-09-16 14:30:00,PV_H062,4.42,4.42,0.0,0.0
2011-09-16 14:30:00,PV_H063,2.96,2.96,0.0,0.0
2011-09-16 14:30:00,PV_H066,3.26,3.26,0.0,0.0
2011-09-16 14:30:00,PV_H067,1.94,1.94,0.0,0.0
2011-09-16 14:30:00,PV_H069,2.64,2.64,0.0,0.0
2011-09-16 14:30:00,PV_H071,3.37,3.37,0.0,0.0
2011-09-16 14:30:00,PV_H072,3.81,3.81,0.0,0.0
2011-09-16 14:30:00,PV_H073,2.73,2.73,0.0,0.0
2011-09-16 14:30:00,PV_H074,3.02,3.02,0.0,0.0
2011-09-16 14:30:00,PV_H076,3.45,3.45,0.0,0.0
2011-09-16 14:30:00,PV_H077,3.68,3.68,0.0,0.0
2011-09-16 14:30:00,PV_H078,2.03,2.03,0.0,0.0
2011-09-16 14:30:00,PV_H079,2.1,2.1,0.0,0.0
2011-09-16 14:30:00,PV_H080,3.05,3.05,0.0,0.0
2011-09-16 14:30:00,PV_H081,3.05,3.05,0.0,0.0
2011-09-16 14:30:00,PV_H082,2.02,2.02,0.0,0.0
2011-09-16 14:30:00,PV_H083,2.25,2.25,0.0,0.0
2011-09-16 14:30:00,PV_H085,2.81,2.81,0.0,0.0
2011-09-16 14:30:00,PV_H087,3.26,3.26,0.0,0.0
2011-09-16 14:30:00,PV_H088,1.65,1.65,0.0,0.0
2011-09-16 14:30:00,PV_H090,3.19,3.19,0.0,0.0
2011-09-16 14:30:00,PV_H093,3.91,3.91,0.0,0.0
2011-09-16 14:30:00,PV_H094,2.03,2.03,0.0,0.0
2011-09-16 14:30:00,PV_H095,1.96,1.96,0.0,0.0
2011-09-16 14:30:00,PV_H096,3.15,3.15,0.0,0.0
2011-09-16 14:30:00,PV_H098,2.33,2.33,0.0,0.0
2011-09-16 14:30:00,PV_H099,2.28,2.28,0.0,0.0
2011-09-16 14:45:00,PV_H002,2.96,2.96,0.0,0.0
2011-09-16 14:45:00,PV_H003,2.39,2.39,0.0,0.0
2011-09-16 14:45:00,PV_H005,2.4,2.4,0.0,0.0
2011-09-16 14:45:00,PV_H006,1.52,1.52,0.0,0.0
2011-09-16 14:45:00,PV_H007,2.98,2.98,0.0,0.0
2011-09-16 14:45:00,PV_H010,2.29,2.29,0.0,0.0
2011-09-16 14:45:00,PV_H016,1.59,1.59,0.0,0.0
2011-09-16 14:45:00,PV_H017,2.74,2.74,0.0,0.0
2011-09-16 14:45:00,PV_H018,1.77,1.77,0.0,0.0
2011-09-16 14:45:00,PV_H021,4.09,4.09,0.0,0.0
2011-09-16 14:45:00,PV_H024,1.52,1.52,0.0,0.0
2011-09-16 14:45:00,PV_H025,2.89,2.89,0.0,0.0
2011-09-16 14:45:00,PV_H026,2.78,2.78,0.0,0.0
2011-09-16 14:45:00,PV_H027,2.68,2.68,0.0,0.0
2011-09-16 14:45:00,PV_H032,2.43,2.43,0.0,0.0
2011-09-16 14:45:00,PV_H033,1.83,1.83,0.0,0.0
2011-09-16 14:45:00,PV_H034,3.0,3.0,0.0,0.0
2011-09-16 14:45:00,PV_H035,2.26,2.26,0.0,0.0
2011-09-16 14:45:00,PV_H036,2.65,2.65,0.0,0.0
2011-09-16 14:45:00,PV_H037,2.55,2.55,0.0,0.0
2011-09-16 14:45:00,PV_H040,3.11,3.11,0.0,0.0
2011-09-16 14:45:00,PV_H042,1.93,1.93,0.0,0.0
2011-09-16 14:45:00,PV_H044,2.53,2.53,0.0,0.0
2011-09-16 14:45:00,PV_H046,3.24,3.24,0.0,0.0
2011-09-16 14:45:00,PV_H048,2.36,2.36,0.0,0.0
2011-09-16 14:45:00,PV_H049,2.1,2.1,0.0,0.0
2011-09-16 14:45:00,PV_H050,2.96,2.96,0.0,0.0
2011-09-16 14:45:00,PV_H053,3.44,3.44,0.0,0.0
2011-09-16 14:45:00,PV_H055,2.1,2.1,0.0,0.0
2011-09-16 14:45:00,PV_H057,3.29,3.29,0.0,0.0
2011-09-16 14:45:00,PV_H058,2.27,2.27,0.0,0.0
2011-09-16 14:45:00,PV_H060,4.22,4.22,0.0,0.0
2011-09-16 14:45:00,PV_H061,2.33,2.33,0.0,0.0
2011-09-16 14:45:00,PV_H062,4.55,4.55,0.0,0.0
2011-09-16 14:45:00,PV_H063,3.05,3.05,0.0,0.0
2011-09-16 14:45:00,PV_H066,3.36,3.36,0.0,0.0
2011-09-16 14:45:00,PV_H067,1.99,1.99,0.0,0.0
2011-09-16 14:45:00,PV_H069,2.71,2.71,0.0,0.0
2011-09-16 14:45:00,PV_H071,3.46,3.46,0.0,0.0
2011-09-16 14:45:00,PV_H072,3.92,3.92,0.0,0.0
2011-09-16 14:45:00,PV_H073,2.81,2.81,0.0,0.0
2011-09-16 14:45:00,PV_H074,3.11,3.11,0.0,0.0
2011-09-16 14:45:00,PV_H076,3.56,3.56,0.0,0.0
2011-09-16 14:45:00,PV_H077,3.79,3.79,0.0,0.0
2011-09-16 14:45:00,PV_H078,2.08,2.08,0.0,0.0
2011-09-16 14:45:00,PV_H079,2.16,2.16,0.0,0.0
2011-09-16 14:45:00,PV_H080,3.14,3.14,0.0,0.0
2011-09-16 14:45:00,PV_H081,3.14,3.14,0.0,0.0
2011-09-16 14:45:00,PV_H082,2.08,2.08,0.0,0.0
2011-09-16 14:45:00,PV_H083,2.32,2.32,0.0,0.0
2011-09-16 14:45:00,PV_H085,2.9,2.9,0.0,0.0
2011-09-16 14:45:00,PV_H087,3.35,3.35,0.0,0.0
2011-09-16 14:45:00,PV_H088,1.7,1.7,0.0,0.0
2011-09-16 14:45:00,PV_H090,3.28,3.28,0.0,0.0
2011-09-16 14:45:00,PV_H093,4.03,4.03,0.0,0.0
2011-09-16 14:45:00,PV_H094,2.09,2.09,0.0,0.0
2011-09-16 14:45:00,PV_H095,2.02,2.02,0.0,0.0
2011-09-16 14:45:00,PV_H096,3.24,3.24,0.0,0.0
2011-09-16 14:45:00,PV_H098,2.4,2.4,0.0,0.0
2011-09-16 14:45:00,PV_H099,2.35,2.35,0.0,0.0
2011-09-16 15:00:00,PV_H002,2.04,2.04,0.0,0.0
2011-09-16 15:00:00,PV_H003,1.65,1.65,0.0,0.0
2011-09-16 15:00:00,PV_H005,1.66,1.66,0.0,0.0
2011-09-16 15:00:00,PV_H006,1.04,1.04,0.0,0.0
2011-09-16 15:00:00,PV_H007,2.05,2.05,0.0,0.0
2011-09-16 15:00:00,PV_H010,1.58,1.58,0.0,0.0
2011-09-16 15:00:00,PV_H016,1.1,1.1,0.0,0.0
2011-09-16 15:00:00,PV_H017,1.89,1.89,0.0,0.0
2011-09-16 15:00:00,PV_H018,1.22,1.22,0.0,0.0
2011-09-16 15:00:00,PV_H021,2.82,2.82,0.0,0.0
2011-09-16 15:00:00,PV_H024,1.04,1.04,0.0,0.0
2011-09-16 15:00:00,PV_H025,1.99,1.99,0.0,0.0
2011-09-16 15:00:00,PV_H026,1.92,1.92,0.0,0.0
2011-09-16 15:00:00,PV_H027,1.85,1.85,0.0,0.0
2011-09-16 15:00:00,PV_H032,1.67,1.67,0.0,0.0
2011-09-16 15:00:00,PV_H033,1.26,1.26,0.0,0.0
2011-09-16 15:00:00,PV_H034,2.07,2.07,0.0,0.0
2011-09-16 15:00:00,PV_H035,1.56,1.56,0.0,0.0
2011-09-16 15:00:00,PV_H036,1.82,1.82,0.0,0.0
2011-09-16 15:00:00,PV_H037,1.76,1.76,0.0,0.0
2011-09-16 15:00:00,PV_H040,2.14,2.14,0.0,0.0
2011-09-16 15:00:00,PV_H042,1.33,1.33,0.0,0.0
2011-09-16 15:00:00,PV_H044,1.75,1.75,0.0,0.0
2011-09-16 15:00:00,PV_H046,2.23,2.23,0.0,0.0
2011-09-16 15:00:00,PV_H048,1.62,1.62,0.0,0.0
2011-09-16 15:00:00,PV_H049,1.45,1.45,0.0,0.0
2011-09-16 15:00:00,PV_H050,2.04,2.04,0.0,0.0
2011-09-16 15:00:00,PV_H053,2.37,2.37,0.0,0.0
2011-09-16 15:00:00,PV_H055,1.45,1.45,0.0,0.0
2011-09-16 15:00:00,PV_H057,2.27,2.27,0.0,0.0
2011-09-16 15:00:00,PV_H058,1.57,1.57,0.0,0.0
2011-09-16 15:00:00,PV_H060,2.91,2.91,0.0,0.0
2011-09-16 15:00:00,PV_H061,1.6,1.6,0.0,0.0
2011-09-16 15:00:00,PV_H062,3.13,3.13,0.0,0.0
2011-09-16 15:00:00,PV_H063,2.1,2.1,0.0,0.0
2011-09-16 15:00:00,PV_H066,2.31,2.31,0.0,0.0
2011-09-16 15:00:00,PV_H067,1.37,1.37,0.0,0.0
2011-09-16 15:00:00,PV_H069,1.87,1.87,0.0,0.0
2011-09-16 15:00:00,PV_H071,2.39,2.39,0.0,0.0
2011-09-16 15:00:00,PV_H072,2.7,2.7,0.0,0.0
2011-09-16 15:00:00,PV_H073,1.94,1.94,0.0,0.0
2011-09-16 15:00:00,PV_H074,2.14,2.14,0.0,0.0
2011-09-16 15:00:00,PV_H076,2.45,2.45,0.0,0.0
2011-09-16 15:00:00,PV_H077,2.61,2.61,0.0,0.0
2011-09-16 15:00:00,PV_H078,1.44,1.44,0.0,0.0
2011-09-16 15:00:00,PV_H079,1.49,1.49,0.0,0.0
2011-09-16 15:00:00,PV_H080,2.16,2.16,0.0,0.0
2011-09-16 15:00:00,PV_H081,2.16,2.16,0.0,0.0
2011-09-16 15:00:00,PV_H082,1.43,1.43,0.0,0.0
2011-09-16 15:00:00,PV_H083,1.6,1.6,0.0,0.0
2011-09-16 15:00:00,PV_H085,2.0,2.0,0.0,0.0
2011-09-16 15:00:00,PV_H087,2.31,2.31,0.0,0.0
2011-09-16 15:00:00,PV_H088,1.17,1.17,0.0,0.0
2011-09-16 15:00:00,PV_H090,2.26,2.26,0.0,0.0
2011-09-16 15:00:00,PV_H093,2.77,2.77,0.0,0.0
2011-09-16 15:00:00,PV_H094,1.44,1.44,0.0,0.0
2011-09-16 15:00:00,PV_H095,1.39,1.39,0.0,0.0
2011-09-16 15:00:00,PV_H096,2.23,2.23,0.0,0.0
2011-09-16 15:00:00,PV_H098,1.65,1.65,0.0,0.0
2011-09-16 15:00:00,PV_H099,1.62,1.62,0.0,0.0
2011-09-16 15:15:00,PV_H002,2.14,2.14,0.0,0.0
2011-09-16 15:15:00,PV_H003,1.73,1.73,0.0,0.0
2011-09-16 15:15:00,PV_H005,1.74,1.74,0.0,0.0
2011-09-16 15:15:00,PV_H006,1.1,1.1,0.0,0.0
2011-09-16 15:15:00,PV_H007,2.15,2.15,0.0,0.0
2011-09-16 15:15:00,PV_H010,1.65,1.65,0.0,0.0
2011-09-16 15:15:00,PV_H016,1.15,1.15,0.0,0.0
2011-09-16 15:15:00,PV_H017,1.98,1.98,0.0,0.0
2011-09-16 15:15:00,PV_H018,1.28,1.28,0.0,0.0
2011-09-16 15:15:00,PV_H021,2.95,2.95,0.0,0.0
2011-09-16 15:15:00,PV_H024,1.1,1.1,0.0,0.0
2011-09-16 15:15:00,PV_H025,2.09,2.09,0.0,0.0
2011-09-16 15:15:00,PV_H026,2.01,2.01,0.0,0.0
2011-09-16 15:15:00,PV_H027,1.94,1.94,0.0,0.0
2011-09-16 15:15:00,PV_H032,1.75,1.75,0.0,0.0
2011-09-16 15:15:00,PV_H033,1.33,1.33,0.0,0.0
2011-09-16 15:15:00,PV_H034,2.17,2.17,0.0,0.0
2011-09-16 15:15:00,PV_H035,1.63,1.63,0.0,0.0
2011-09-16 15:15:00,PV_H036,1.91,1.91,0.0,0.0
2011-09-16 15:15:00,PV_H037,1.84,1.84,0.0,0.0
2011-09-16 15:15:00,PV_H040,2.25,2.25,0.0,0.0
2011-09-16 15:15:00,PV_H042,1.4,1.4,0.0,0.0
2011-09-16 15:15:00,PV_H044,1.83,1.83,0.0,0.0
2011-09-16 15:15:00,PV_H046,2.34,2.34,0.0,0.0
2011-09-16 15:15:00,PV_H048,1.7,1.7,0.0,0.0
2011-09-16 15:15:00,PV_H049,1.52,1.52,0.0,0.0
2011-09-16 15:15:00,PV_H050,2.14,2.14,0.0,0.0
2011-09-16 15:15:00,PV_H053,2.49,2.49,0.0,0.0
2011-09-16 15:15:00,PV_H055,1.52,1.52,0.0,0.0
2011-09-16 15:15:00,PV_H057,2.38,2.38,0.0,0.0
2011-09-16 15:15:00,PV_H058,1.64,1.64,0.0,0.0
2011-09-16 15:15:00,PV_H060,3.05,3.05,0.0,0.0
2011-09-16 15:15:00,PV_H061,1.68,1.68,0.0,0.0
2011-09-16 15:15:00,PV_H062,3.29,3.29,0.0,0.0
2011-09-16 15:15:00,PV_H063,2.2,2.2,0.0,0.0
2011-09-16 15:15:00,PV_H066,2.43,2.43,0.0,0.0
2011-09-16 15:15:00,PV_H067,1.44,1.44,0.0,0.0
2011-09-16 15:15:00,PV_H069,1.96,1.96,0.0,0.0
2011-09-16 15:15:00,PV_H071,2.5,2.5,0.0,0.0
2011-09-16 15:15:00,PV_H072,2.83,2.83,0.0,0.0
2011-09-16 15:15:00,PV_H073,2.03,2.03,0.0,0.0
2011-09-16 15:15:00,PV_H074,2.25,2.25,0.0,0.0
2011-09-16 15:15:00,PV_H076,2.57,2.57,0.0,0.0
2011-09-16 15:15:00,PV_H077,2.74,2.74,0.0,0.0
2011-09-16 15:15:00,PV_H078,1.51,1.51,0.0,0.0
2011-09-16 15:15:00,PV_H079,1.56,1.56,0.0,0.0
2011-09-16 15:15:00,PV_H080,2.27,2.27,0.0,0.0
2011-09-16 15:15:00,PV_H081,2.27,2.27,0.0,0.0
2011-09-16 15:15:00,PV_H082,1.5,1.5,0.0,0.0
2011-09-16 15:15:00,PV_H083,1.68,1.68,0.0,0.0
2011-09-16 15:15:00,PV_H085,2.09,2.09,0.0,0.0
2011-09-16 15:15:00,PV_H087,2.42,2.42,0.0,0.0
2011-09-16 15:15:00,PV_H088,1.23,1.23,0.0,0.0
2011-09-16 15:15:00,PV_H090,2.37,2.37,0.0,0.0
2011-09-16 15:15:00,PV_H093,2.91,2.91,0.0,0.0
2011-09-16 15:15:00,PV_H094,1.51,1.51,0.0,0.0
2011-09-16 15:15:00,PV_H095,1.46,1.46,0.0,0.0
2011-09-16 15:15:00,PV_H096,2.34,2.34,0.0,0.0
2011-09-16 15:15:00,PV_H098,1.73,1.73,0.0,0.0
2011-09-16 15:15:00,PV_H099,1.7,1.7,0.0,0.0
2011-09-16 15:30:00,PV_H002,1.29,1.29,0.0,0.0
2011-09-16 15:30:00,PV_H003,1.04,1.04,0.0,0.0
2011-09-16 15:30:00,PV_H005,1.05,1.05,0.0,0.0
2011-09-16 15:30:00,PV_H006,0.66,0.66,0.0,0.0
2011-09-16 15:30:00,PV_H007,1.3,1.3,0.0,0.0
2011-09-16 15:30:00,PV_H010,1.0,1.0,0.0,0.0
2011-09-16 15:30:00,PV_H016,0.69,0.69,0.0,0.0
2011-09-16 15:30:00,PV_H017,1.2,1.2,0.0,0.0
2011-09-16 15:30:00,PV_H018,0.77,0.77,0.0,0.0
2011-09-16 15:30:00,PV_H021,1.78,1.78,0.0,0.0
2011-09-16 15:30:00,PV_H024,0.66,0.66,0.0,0.0
2011-09-16 15:30:00,PV_H025,1.26,1.26,0.0,0.0
2011-09-16 15:30:00,PV_H026,1.21,1.21,0.0,0.0
2011-09-16 15:30:00,PV_H027,1.17,1.17,0.0,0.0
2011-09-16 15:30:00,PV_H032,1.06,1.06,0.0,0.0
2011-09-16 15:30:00,PV_H033,0.8,0.8,0.0,0.0
2011-09-16 15:30:00,PV_H034,1.31,1.31,0.0,0.0
2011-09-16 15:30:00,PV_H035,0.98,0.98,0.0,0.0
2011-09-16 15:30:00,PV_H036,1.15,1.15,0.0,0.0
2011-09-16 15:30:00,PV_H037,1.11,1.11,0.0,0.0
2011-09-16 15:30:00,PV_H040,1.35,1.35,0.0,0.0
2011-09-16 15:30:00,PV_H042,0.84,0.84,0.0,0.0
2011-09-16 15:30:00,PV_H044,1.1,1.1,0.0,0.0
2011-09-16 15:30:00,PV_H046,1.41,1.41,0.0,0.0
2011-09-16 15:30:00,PV_H048,1.03,1.03,0.0,0.0
2011-09-16 15:30:00,PV_H049,0.91,0.91,0.0,0.0
2011-09-16 15:30:00,PV_H050,1.29,1.29,0.0,0.0
2011-09-16 15:30:00,PV_H053,1.5,1.5,0.0,0.0
2011-09-16 15:30:00,PV_H055,0.91,0.91,0.0,0.0
2011-09-16 15:30:00,PV_H057,1.43,1.43,0.0,0.0
2011-09-16 15:30:00,PV_H058,0.99,0.99,0.0,0.0
2011-09-16 15:30:00,PV_H060,1.84,1.84,0.0,0.0
2011-09-16 15:30:00,PV_H061,1.01,1.01,0.0,0.0
2011-09-16 15:30:00,PV_H062,1.98,1.98,0.0,0.0
2011-09-16 15:30:00,PV_H063,1.33,1.33,0.0,0.0
2011-09-16 15:30:00,PV_H066,1.46,1.46,0.0,0.0
2011-09-16 15:30:00,PV_H067,0.87,0.87,0.0,0.0
2011-09-16 15:30:00,PV_H069,1.18,1.18,0.0,0.0
2011-09-16 15:30:00,PV_H071,1.51,1.51,0.0,0.0
2011-09-16 15:30:00,PV_H072,1.71,1.71,0.0,0.0
2011-09-16 15:30:00,PV_H073,1.23,1.23,0.0,0.0
2011-09-16 15:30:00,PV_H074,1.35,1.35,0.0,0.0
2011-09-16 15:30:00,PV_H076,1.55,1.55,0.0,0.0
2011-09-16 15:30:00,PV_H077,1.65,1.65,0.0,0.0
2011-09-16 15:30:00,PV_H078,0.91,0.91,0.0,0.0
2011-09-16 15:30:00,PV_H079,0.94,0.94,0.0,0.0
2011-09-16 15:30:00,PV_H080,1.37,1.37,0.0,0.0
2011-09-16 15:30:00,PV_H081,1.37,1.37,0.0,0.0
2011-09-16 15:30:00,PV_H082,0.9,0.9,0.0,0.0
2011-09-16 15:30:00,PV_H083,1.01,1.01,0.0,0.0
2011-09-16 15:30:00,PV_H085,1.26,1.26,0.0,0.0
2011-09-16 15:30:00,PV_H087,1.46,1.46,0.0,0.0
2011-09-16 15:30:00,PV_H088,0.74,0.74,0.0,0.0
2011-09-16 15:30:00,PV_H090,1.43,1.43,0.0,0.0
2011-09-16 15:30:00,PV_H093,1.75,1.75,0.0,0.0
2011-09-16 15:30:00,PV_H094,0.91,0.91,0.0,0.0
2011-09-16 15:30:00,PV_H095,0.88,0.88,0.0,0.0
2011-09-16 15:30:00,PV_H096,1.41,1.41,0.0,0.0
2011-09-16 15:30:00,PV_H098,1.04,1.04,0.0,0.0
2011-09-16 15:30:00,PV_H099,1.02,1.02,0.0,0.0
2011-09-16 15:45:00,PV_H002,1.47,1.47,0.0,0.0
2011-09-16 15:45:00,PV_H003,1.19,1.19,0.0,0.0
2011-09-16 15:45:00,PV_H005,1.19,1.19,0.0,0.0
2011-09-16 15:45:00,PV_H006,0.75,0.75,0.0,0.0
2011-09-16 15:45:00,PV_H007,1.48,1.48,0.0,0.0
2011-09-16 15:45:00,PV_H010,1.14,1.14,0.0,0.0
2011-09-16 15:45:00,PV_H016,0.79,0.79,0.0,0.0
2011-09-16 15:45:00,PV_H017,1.36,1.36,0.0,0.0
2011-09-16 15:45:00,PV_H018,0.88,0.88,0.0,0.0
2011-09-16 15:45:00,PV_H021,2.03,2.03,0.0,0.0
2011-09-16 15:45:00,PV_H024,0.75,0.75,0.0,0.0
2011-09-16 15:45:00,PV_H025,1.43,1.43,0.0,0.0
2011-09-16 15:45:00,PV_H026,1.38,1.38,0.0,0.0
2011-09-16 15:45:00,PV_H027,1.33,1.33,0.0,0.0
2011-09-16 15:45:00,PV_H032,1.2,1.2,0.0,0.0
2011-09-16 15:45:00,PV_H033,0.91,0.91,0.0,0.0
2011-09-16 15:45:00,PV_H034,1.49,1.49,0.0,0.0
2011-09-16 15:45:00,PV_H035,1.12,1.12,0.0,0.0
2011-09-16 15:45:00,PV_H036,1.31,1.31,0.0,0.0
2011-09-16 15:45:00,PV_H037,1.26,1.26,0.0,0.0
2011-09-16 15:45:00,PV_H040,1.54,1.54,0.0,0.0
2011-09-16 15:45:00,PV_H042,0.96,0.96,0.0,0.0
2011-09-16 15:45:00,PV_H044,1.26,1.26,0.0,0.0
2011-09-16 15:45:00,PV_H046,1.61,1.61,0.0,0.0
2011-09-16 15:45:00,PV_H048,1.17,1.17,0.0,0.0
2011-09-16 15:45:00,PV_H049,1.04,1.04,0.0,0.0
2011-09-16 15:45:00,PV_H050,1.47,1.47,0.0,0.0
2011-09-16 15:45:00,PV_H053,1.71,1.71,0.0,0.0
2011-09-16 15:45:00,PV_H055,1.04,1.04,0.0,0.0
2011-09-16 15:45:00,PV_H057,1.63,1.63,0.0,0.0
2011-09-16 15:45:00,PV_H058,1.13,1.13,0.0,0.0
2011-09-16 15:45:00,PV_H060,2.1,2.1,0.0,0.0
2011-09-16 15:45:00,PV_H061,1.15,1.15,0.0,0.0
2011-09-16 15:45:00,PV_H062,2.26,2.26,0.0,0.0
2011-09-16 15:45:00,PV_H063,1.51,1.51,0.0,0.0
2011-09-16 15:45:00,PV_H066,1.67,1.67,0.0,0.0
2011-09-16 15:45:00,PV_H067,0.99,0.99,0.0,0.0
2011-09-16 15:45:00,PV_H069,1.35,1.35,0.0,0.0
2011-09-16 15:45:00,PV_H071,1.72,1.72,0.0,0.0
2011-09-16 15:45:00,PV_H072,1.94,1.94,0.0,0.0
2011-09-16 15:45:00,PV_H073,1.4,1.4,0.0,0.0
2011-09-16 15:45:00,PV_H074,1.54,1.54,0.0,0.0
2011-09-16 15:45:00,PV_H076,1.76,1.76,0.0,0.0
2011-09-16 15:45:00,PV_H077,1.88,1.88,0.0,0.0
2011-09-16 15:45:00,PV_H078,1.03,1.03,0.0,0.0
2011-09-16 15:45:00,PV_H079,1.07,1.07,0.0,0.0
2011-09-16 15:45:00,PV_H080,1.56,1.56,0.0,0.0
2011-09-16 15:45:00,PV_H081,1.56,1.56,0.0,0.0
2011-09-16 15:45:00,PV_H082,1.03,1.03,0.0,0.0
2011-09-16 15:45:00,PV_H083,1.15,1.15,0.0,0.0
2011-09-16 15:45:00,PV_H085,1.44,1.44,0.0,0.0
2011-09-16 15:45:00,PV_H087,1.66,1.66,0.0,0.0
2011-09-16 15:45:00,PV_H088,0.84,0.84,0.0,0.0
2011-09-16 15:45:00,PV_H090,1.63,1.63,0.0,0.0
2011-09-16 15:45:00,PV_H093,2.0,2.0,0.0,0.0
2011-09-16 15:45:00,PV_H094,1.04,1.04,0.0,0.0
2011-09-16 15:45:00,PV_H095,1.0,1.0,0.0,0.0
2011-09-16 15:45:00,PV_H096,1.61,1.61,0.0,0.0
2011-09-16 15:45:00,PV_H098,1.19,1.19,0.0,0.0
2011-09-16 15:45:00,PV_H099,1.17,1.17,0.0,0.0
2011-09-16 16:00:00,PV_H002,0.35,0.35,0.0,0.0
2011-09-16 16:00:00,PV_H003,0.28,0.28,0.0,0.0
2011-09-16 16:00:00,PV_H005,0.28,0.28,0.0,0.0
2011-09-16 16:00:00,PV_H006,0.18,0.18,0.0,0.0
2011-09-16 16:00:00,PV_H007,0.35,0.35,0.0,0.0
2011-09-16 16:00:00,PV_H010,0.27,0.27,0.0,0.0
2011-09-16 16:00:00,PV_H016,0.19,0.19,0.0,0.0
2011-09-16 16:00:00,PV_H017,0.32,0.32,0.0,0.0
2011-09-16 16:00:00,PV_H018,0.21,0.21,0.0,0.0
2011-09-16 16:00:00,PV_H021,0.48,0.48,0.0,0.0
2011-09-16 16:00:00,PV_H024,0.18,0.18,0.0,0.0
2011-09-16 16:00:00,PV_H025,0.34,0.34,0.0,0.0
2011-09-16 16:00:00,PV_H026,0.32,0.32,0.0,0.0
2011-09-16 16:00:00,PV_H027,0.31,0.31,0.0,0.0
2011-09-16 16:00:00,PV_H032,0.28,0.28,0.0,0.0
2011-09-16 16:00:00,PV_H033,0.21,0.21,0.0,0.0
2011-09-16 16:00:00,PV_H034,0.35,0.35,0.0,0.0
2011-09-16 16:00:00,PV_H035,0.26,0.26,0.0,0.0
2011-09-16 16:00:00,PV_H036,0.31,0.31,0.0,0.0
2011-09-16 16:00:00,PV_H037,0.3,0.3,0.0,0.0
2011-09-16 16:00:00,PV_H040,0.36,0.36,0.0,0.0
2011-09-16 16:00:00,PV_H042,0.23,0.23,0.0,0.0
2011-09-16 16:00:00,PV_H044,0.3,0.3,0.0,0.0
2011-09-16 16:00:00,PV_H046,0.38,0.38,0.0,0.0
2011-09-16 16:00:00,PV_H048,0.28,0.28,0.0,0.0
2011-09-16 16:00:00,PV_H049,0.25,0.25,0.0,0.0
2011-09-16 16:00:00,PV_H050,0.35,0.35,0.0,0.0
2011-09-16 16:00:00,PV_H053,0.4,0.4,0.0,0.0
2011-09-16 16:00:00,PV_H055,0.25,0.25,0.0,0.0
2011-09-16 16:00:00,PV_H057,0.38,0.38,0.0,0.0
2011-09-16 16:00:00,PV_H058,0.27,0.27,0.0,0.0
2011-09-16 16:00:00,PV_H060,0.49,0.49,0.0,0.0
2011-09-16 16:00:00,PV_H061,0.27,0.27,0.0,0.0
2011-09-16 16:00:00,PV_H062,0.53,0.53,0.0,0.0
2011-09-16 16:00:00,PV_H063,0.36,0.36,0.0,0.0
2011-09-16 16:00:00,PV_H066,0.39,0.39,0.0,0.0
2011-09-16 16:00:00,PV_H067,0.23,0.23,0.0,0.0
2011-09-16 16:00:00,PV_H069,0.32,0.32,0.0,0.0
2011-09-16 16:00:00,PV_H071,0.4,0.4,0.0,0.0
2011-09-16 16:00:00,PV_H072,0.46,0.46,0.0,0.0
2011-09-16 16:00:00,PV_H073,0.33,0.33,0.0,0.0
2011-09-16 16:00:00,PV_H074,0.36,0.36,0.0,0.0
2011-09-16 16:00:00,PV_H076,0.42,0.42,0.0,0.0
2011-09-16 16:00:00,PV_H077,0.44,0.44,0.0,0.0
2011-09-16 16:00:00,PV_H078,0.24,0.24,0.0,0.0
2011-09-16 16:00:00,PV_H079,0.25,0.25,0.0,0.0
2011-09-16 16:00:00,PV_H080,0.37,0.37,0.0,0.0
2011-09-16 16:00:00,PV_H081,0.37,0.37,0.0,0.0
2011-09-16 16:00:00,PV_H082,0.24,0.24,0.0,0.0
2011-09-16 16:00:00,PV_H083,0.27,0.27,0.0,0.0
2011-09-16 16:00:00,PV_H085,0.34,0.34,0.0,0.0
2011-09-16 16:00:00,PV_H087,0.39,0.39,0.0,0.0
2011-09-16 16:00:00,PV_H088,0.2,0.2,0.0,0.0
2011-09-16 16:00:00,PV_H090,0.38,0.38,0.0,0.0
2011-09-16 16:00:00,PV_H093,0.47,0.47,0.0,0.0
2011-09-16 16:00:00,PV_H094,0.24,0.24,0.0,0.0
2011-09-16 16:00:00,PV_H095,0.24,0.24,0.0,0.0
2011-09-16 16:00:00,PV_H096,0.38,0.38,0.0,0.0
2011-09-16 16:00:00,PV_H098,0.28,0.28,0.0,0.0
2011-09-16 16:00:00,PV_H099,0.27,0.27,0.0,0.0
2011-09-16 16:15:00,PV_H002,0.23,0.23,0.0,0.0
2011-09-16 16:15:00,PV_H003,0.18,0.18,0.0,0.0
2011-09-16 16:15:00,PV_H005,0.18,0.18,0.0,0.0
2011-09-16 16:15:00,PV_H006,0.12,0.12,0.0,0.0
2011-09-16 16:15:00,PV_H007,0.23,0.23,0.0,0.0
2011-09-16 16:15:00,PV_H010,0.18,0.18,0.0,0.0
2011-09-16 16:15:00,PV_H016,0.12,0.12,0.0,0.0
2011-09-16 16:15:00,PV_H017,0.21,0.21,0.0,0.0
2011-09-16 16:15:00,PV_H018,0.14,0.14,0.0,0.0
2011-09-16 16:15:00,PV_H021,0.31,0.31,0.0,0.0
2011-09-16 16:15:00,PV_H024,0.12,0.12,0.0,0.0
2011-09-16 16:15:00,PV_H025,0.22,0.22,0.0,0.0
2011-09-16 16:15:00,PV_H026,0.21,0.21,0.0,0.0
2011-09-16 16:15:00,PV_H027,0.21,0.21,0.0,0.0
2011-09-16 16:15:00,PV_H032,0.19,0.19,0.0,0.0
2011-09-16 16:15:00,PV_H033,0.14,0.14,0.0,0.0
2011-09-16 16:15:00,PV_H034,0.23,0.23,0.0,0.0
2011-09-16 16:15:00,PV_H035,0.17,0.17,0.0,0.0
2011-09-16 16:15:00,PV_H036,0.2,0.2,0.0,0.0
2011-09-16 16:15:00,PV_H037,0.19,0.19,0.0,0.0
2011-09-16 16:15:00,PV_H040,0.24,0.24,0.0,0.0
2011-09-16 16:15:00,PV_H042,0.15,0.15,0.0,0.0
2011-09-16 16:15:00,PV_H044,0.19,0.19,0.0,0.0
2011-09-16 16:15:00,PV_H046,0.25,0.25,0.0,0.0
2011-09-16 16:15:00,PV_H048,0.18,0.18,0.0,0.0
2011-09-16 16:15:00,PV_H049,0.16,0.16,0.0,0.0
2011-09-16 16:15:00,PV_H050,0.23,0.23,0.0,0.0
2011-09-16 16:15:00,PV_H053,0.26,0.26,0.0,0.0
2011-09-16 16:15:00,PV_H055,0.16,0.16,0.0,0.0
2011-09-16 16:15:00,PV_H057,0.25,0.25,0.0,0.0
2011-09-16 16:15:00,PV_H058,0.17,0.17,0.0,0.0
2011-09-16 16:15:00,PV_H060,0.32,0.32,0.0,0.0
2011-09-16 16:15:00,PV_H061,0.18,0.18,0.0,0.0
2011-09-16 16:15:00,PV_H062,0.35,0.35,0.0,0.0
2011-09-16 16:15:00,PV_H063,0.23,0.23,0.0,0.0
2011-09-16 16:15:00,PV_H066,0.26,0.26,0.0,0.0
2011-09-16 16:15:00,PV_H067,0.15,0.15,0.0,0.0
2011-09-16 16:15:00,PV_H069,0.21,0.21,0.0,0.0
2011-09-16 16:15:00,PV_H071,0.27,0.27,0.0,0.0
2011-09-16 16:15:00,PV_H072,0.3,0.3,0.0,0.0
2011-09-16 16:15:00,PV_H073,0.22,0.22,0.0,0.0
2011-09-16 16:15:00,PV_H074,0.24,0.24,0.0,0.0
2011-09-16 16:15:00,PV_H076,0.27,0.27,0.0,0.0
2011-09-16 16:15:00,PV_H077,0.29,0.29,0.0,0.0
2011-09-16 16:15:00,PV_H078,0.16,0.16,0.0,0.0
2011-09-16 16:15:00,PV_H079,0.17,0.17,0.0,0.0
2011-09-16 16:15:00,PV_H080,0.24,0.24,0.0,0.0
2011-09-16 16:15:00,PV_H081,0.24,0.24,0.0,0.0
2011-09-16 16:15:00,PV_H082,0.16,0.16,0.0,0.0
2011-09-16 16:15:00,PV_H083,0.18,0.18,0.0,0.0
2011-09-16 16:15:00,PV_H085,0.22,0.22,0.0,0.0
2011-09-16 16:15:00,PV_H087,0.26,0.26,0.0,0.0
2011-09-16 16:15:00,PV_H088,0.13,0.13,0.0,0.0
2011-09-16 16:15:00,PV_H090,0.25,0.25,0.0,0.0
2011-09-16 16:15:00,PV_H093,0.31,0.31,0.0,0.0
2011-09-16 16:15:00,PV_H094,0.16,0.16,0.0,0.0
2011-09-16 16:15:00,PV_H095,0.15,0.15,0.0,0.0
2011-09-16 16:15:00,PV_H096,0.25,0.25,0.0,0.0
2011-09-16 16:15:00,PV_H098,0.18,0.18,0.0,0.0
2011-09-16 16:15:00,PV_H099,0.18,0.18,0.0,0.0
2011-09-16 16:30:00,PV_H002,0.06,0.06,0.0,0.0
2011-09-16 16:30:00,PV_H003,0.05,0.05,0.0,0.0
2011-09-16 16:30:00,PV_H005,0.05,0.05,0.0,0.0
2011-09-16 16:30:00,PV_H006,0.03,0.03,0.0,0.0
2011-09-16 16:30:00,PV_H007,0.06,0.06,0.0,0.0
2011-09-16 16:30:00,PV_H010,0.05,0.05,0.0,0.0
2011-09-16 16:30:00,PV_H016,0.03,0.03,0.0,0.0
2011-09-16 16:30:00,PV_H017,0.05,0.05,0.0,0.0
2011-09-16 16:30:00,PV_H018,0.04,0.04,0.0,0.0
2011-09-16 16:30:00,PV_H021,0.08,0.08,0.0,0.0
2011-09-16 16:30:00,PV_H024,0.03,0.03,0.0,0.0
2011-09-16 16:30:00,PV_H025,0.06,0.06,0.0,0.0
2011-09-16 16:30:00,PV_H026,0.06,0.06,0.0,0.0
2011-09-16 16:30:00,PV_H027,0.05,0.05,0.0,0.0
2011-09-16 16:30:00,PV_H032,0.05,0.05,0.0,0.0
2011-09-16 16:30:00,PV_H033,0.04,0.04,0.0,0.0
2011-09-16 16:30:00,PV_H034,0.06,0.06,0.0,0.0
2011-09-16 16:30:00,PV_H035,0.04,0.04,0.0,0.0
2011-09-16 16:30:00,PV_H036,0.05,0.05,0.0,0.0
2011-09-16 16:30:00,PV_H037,0.05,0.05,0.0,0.0
2011-09-16 16:30:00,PV_H040,0.06,0.06,0.0,0.0
2011-09-16 16:30:00,PV_H042,0.04,0.04,0.0,0.0
2011-09-16 16:30:00,PV_H044,0.05,0.05,0.0,0.0
2011-09-16 16:30:00,PV_H046,0.06,0.06,0.0,0.0
2011-09-16 16:30:00,PV_H048,0.05,0.05,0.0,0.0
2011-09-16 16:30:00,PV_H049,0.04,0.04,0.0,0.0
2011-09-16 16:30:00,PV_H050,0.06,0.06,0.0,0.0
2011-09-16 16:30:00,PV_H053,0.07,0.07,0.0,0.0
2011-09-16 16:30:00,PV_H055,0.04,0.04,0.0,0.0
2011-09-16 16:30:00,PV_H057,0.07,0.07,0.0,0.0
2011-09-16 16:30:00,PV_H058,0.05,0.05,0.0,0.0
2011-09-16 16:30:00,PV_H060,0.08,0.08,0.0,0.0
2011-09-16 16:30:00,PV_H061,0.05,0.05,0.0,0.0
2011-09-16 16:30:00,PV_H062,0.09,0.09,0.0,0.0
2011-09-16 16:30:00,PV_H063,0.06,0.06,0.0,0.0
2011-09-16 16:30:00,PV_H066,0.07,0.07,0.0,0.0
2011-09-16 16:30:00,PV_H067,0.04,0.04,0.0,0.0
2011-09-16 16:30:00,PV_H069,0.05,0.05,0.0,0.0
2011-09-16 16:30:00,PV_H071,0.07,0.07,0.0,0.0
2011-09-16 16:30:00,PV_H072,0.08,0.08,0.0,0.0
2011-09-16 16:30:00,PV_H073,0.06,0.06,0.0,0.0
2011-09-16 16:30:00,PV_H074,0.06,0.06,0.0,0.0
2011-09-16 16:30:00,PV_H076,0.07,0.07,0.0,0.0
2011-09-16 16:30:00,PV_H077,0.08,0.08,0.0,0.0
2011-09-16 16:30:00,PV_H078,0.04,0.04,0.0,0.0
2011-09-16 16:30:00,PV_H079,0.04,0.04,0.0,0.0
2011-09-16 16:30:00,PV_H080,0.06,0.06,0.0,0.0
2011-09-16 16:30:00,PV_H081,0.06,0.06,0.0,0.0
2011-09-16 16:30:00,PV_H082,0.04,0.04,0.0,0.0
2011-09-16 16:30:00,PV_H083,0.05,0.05,0.0,0.0
2011-09-16 16:30:00,PV_H085,0.06,0.06,0.0,0.0
2011-09-16 16:30:00,PV_H087,0.07,0.07,0.0,0.0
2011-09-16 16:30:00,PV_H088,0.03,0.03,0.0,0.0
2011-09-16 16:30:00,PV_H090,0.07,0.07,0.0,0.0
2011-09-16 16:30:00,PV_H093,0.08,0.08,0.0,0.0
2011-09-16 16:30:00,PV_H094,0.04,0.04,0.0,0.0
2011-09-16 16:30:00,PV_H095,0.04,0.04,0.0,0.0
2011-09-16 16:30:00,PV_H096,0.06,0.06,0.0,0.0
2011-09-16 16:30:00,PV_H098,0.05,0.05,0.0,0.0
2011-09-16 16:30:00,PV_H099,0.05,0.05,0.0,0.0
2011-09-16 16:45:00,PV_H002,0.0,0.0,0.0,0.0
2011-09-16 16:45:00,PV_H003,0.0,0.0,0.0,0.0
2011-09-16 16:45:00,PV_H005,0.0,0.0,0.0,0.0
2011-09-16 16:45:00,PV_H006,0.0,0.0,0.0,0.0
2011-09-16 16:45:00,PV_H007,0.0,0.0,0.0,0.0
2011-09-16 16:45:00,PV_H010,0.0,0.0,0.0,0.0
2011-09-16 16:45:00,PV_H016,0.0,0.0,0.0,0.0
2011-09-16 16:45:00,PV_H017,0.0,0.0,0.0,0.0
2011-09-16 16:45:00,PV_H018,0.0,0.0,0.0,0.0
2011-09-16 16:45:00,PV_H021,0.0,0.0,0.0,0.0
2011-09-16 16:45:00,PV_H024,0.0,0.0,0.0,0.0
2011-09-16 16:45:00,PV_H025,0.0,0.0,0.0,0.0
2011-09-16 16:45:00,PV_H026,0.0,0.0,0.0,0.0
2011-09-16 16:45:00,PV_H027,0.0,0.0,0.0,0.0
2011-09-16 16:45:00,PV_H032,0.0,0.0,0.0,0.0
2011-09-16 16:45:00,PV_H033,0.0,0.0,0.0,0.0
2011-09-16 16:45:00,PV_H034,0.0,0.0,0.0,0.0
2011-09-16 16:45:00,PV_H035,0.0,0.0,0.0,0.0
2011-09-16 16:45:00,PV_H036,0.0,0.0,0.0,0.0
2011-09-16 16:45:00,PV_H037,0.0,0.0,0.0,0.0
2011-09-16 16:45:00,PV_H040,0.0,0.0,0.0,0.0
2011-09-16 16:45:00,PV_H042,0.0,0.0,0.0,0.0
2011-09-16 16:45:00,PV_H044,0.0,0.0,0.0,0.0
2011-09-16 16:45:00,PV_H046,0.0,0.0,0.0,0.0
2011-09-16 16:45:00,PV_H048,0.0,0.0,0.0,0.0
2011-09-16 16:45:00,PV_H049,0.0,0.0,0.0,0.0
2011-09-16 16:45:00,PV_H050,0.0,0.0,0.0,0.0
2011-09-16 16:45:00,PV_H053,0.0,0.0,0.0,0.0
2011-09-16 16:45:00,PV_H055,0.0,0.0,0.0,0.0
2011-09-16 16:45:00,PV_H057,0.0,0.0,0.0,0.0
2011-09-16 16:45:00,PV_H058,0.0,0.0,0.0,0.0
2011-09-16 16:45:00,PV_H060,0.0,0.0,0.0,0.0
2011-09-16 16:45:00,PV_H061,0.0,0.0,0.0,0.0
2011-09-16 16:45:00,PV_H062,0.0,0.0,0.0,0.0
2011-09-16 16:45:00,PV_H063,0.0,0.0,0.0,0.0
2011-09-16 16:45:00,PV_H066,0.0,0.0,0.0,0.0
2011-09-16 16:45:00,PV_H067,0.0,0.0,0.0,0.0
2011-09-16 16:45:00,PV_H069,0.0,0.0,0.0,0.0
2011-09-16 16:45:00,PV_H071,0.0,0.0,0.0,0.0
2011-09-16 16:45:00,PV_H072,0.0,0.0,0.0,0.0
2011-09-16 16:45:00,PV_H073,0.0,0.0,0.0,0.0
2011-09-16 16:45:00,PV_H074,0.0,0.0,0.0,0.0
2011-09-16 16:45:00,PV_H076,0.0,0.0,0.0,0.0
2011-09-16 16:45:00,PV_H077,0.0,0.0,0.0,0.0
2011-09-16 16:45:00,PV_H078,0.0,0.0,0.0,0.0
2011-09-16 16:45:00,PV_H079,0.0,0.0,0.0,0.0
2011-09-16 16:45:00,PV_H080,0.0,0.0,0.0,0.0
2011-09-16 16:45:00,PV_H081,0.0,0.0,0.0,0.0
2011-09-16 16:45:00,PV_H082,0.0,0.0,0.0,0.0
2011-09-16 16:45:00,PV_H083,0.0,0.0,0.0,0.0
2011-09-16 16:45:00,PV_H085,0.0,0.0,0.0,0.0
2011-09-16 16:45:00,PV_H087,0.0,0.0,0.0,0.0
2011-09-16 16:45:00,PV_H088,0.0,0.0,0.0,0.0
2011-09-16 16:45:00,PV_H090,0.0,0.0,0.0,0.0
2011-09-16 16:45:00,PV_H093,0.0,0.0,0.0,0.0
2011-09-16 16:45:00,PV_H094,0.0,0.0,0.0,0.0
2011-09-16 16:45:00,PV_H095,0.0,0.0,0.0,0.0
2011-09-16 16:45:00,PV_H096,0.0,0.0,0.0,0.0
2011-09-16 16:45:00,PV_H098,0.0,0.0,0.0,0.0
2011-09-16 16:45:00,PV_H099,0.0,0.0,0.0,0.0
2011-09-16 17:00:00,PV_H002,0.0,0.0,0.0,0.0
2011-09-16 17:00:00,PV_H003,0.0,0.0,0.0,0.0
2011-09-16 17:00:00,PV_H005,0.0,0.0,0.0,0.0
2011-09-16 17:00:00,PV_H006,0.0,0.0,0.0,0.0
2011-09-16 17:00:00,PV_H007,0.0,0.0,0.0,0.0
2011-09-16 17:00:00,PV_H010,0.0,0.0,0.0,0.0
2011-09-16 17:00:00,PV_H016,0.0,0.0,0.0,0.0
2011-09-16 17:00:00,PV_H017,0.0,0.0,0.0,0.0
2011-09-16 17:00:00,PV_H018,0.0,0.0,0.0,0.0
2011-09-16 17:00:00,PV_H021,0.0,0.0,0.0,0.0
2011-09-16 17:00:00,PV_H024,0.0,0.0,0.0,0.0
2011-09-16 17:00:00,PV_H025,0.0,0.0,0.0,0.0
2011-09-16 17:00:00,PV_H026,0.0,0.0,0.0,0.0
2011-09-16 17:00:00,PV_H027,0.0,0.0,0.0,0.0
2011-09-16 17:00:00,PV_H032,0.0,0.0,0.0,0.0
2011-09-16 17:00:00,PV_H033,0.0,0.0,0.0,0.0
2011-09-16 17:00:00,PV_H034,0.0,0.0,0.0,0.0
2011-09-16 17:00:00,PV_H035,0.0,0.0,0.0,0.0
2011-09-16 17:00:00,PV_H036,0.0,0.0,0.0,0.0
2011-09-16 17:00:00,PV_H037,0.0,0.0,0.0,0.0
2011-09-16 17:00:00,PV_H040,0.0,0.0,0.0,0.0
2011-09-16 17:00:00,PV_H042,0.0,0.0,0.0,0.0
2011-09-16 17:00:00,PV_H044,0.0,0.0,0.0,0.0
2011-09-16 17:00:00,PV_H046,0.0,0.0,0.0,0.0
2011-09-16 17:00:00,PV_H048,0.0,0.0,0.0,0.0
2011-09-16 17:00:00,PV_H049,0.0,0.0,0.0,0.0
2011-09-16 17:00:00,PV_H050,0.0,0.0,0.0,0.0
2011-09-16 17:00:00,PV_H053,0.0,0.0,0.0,0.0
2011-09-16 17:00:00,PV_H055,0.0,0.0,0.0,0.0
2011-09-16 17:00:00,PV_H057,0.0,0.0,0.0,0.0
2011-09-16 17:00:00,PV_H058,0.0,0.0,0.0,0.0
2011-09-16 17:00:00,PV_H060,0.0,0.0,0.0,0.0
2011-09-16 17:00:00,PV_H061,0.0,0.0,0.0,0.0
2011-09-16 17:00:00,PV_H062,0.0,0.0,0.0,0.0
2011-09-16 17:00:00,PV_H063,0.0,0.0,0.0,0.0
2011-09-16 17:00:00,PV_H066,0.0,0.0,0.0,0.0
2011-09-16 17:00:00,PV_H067,0.0,0.0,0.0,0.0
2011-09-16 17:00:00,PV_H069,0.0,0.0,0.0,0.0
2011-09-16 17:00:00,PV_H071,0.0,0.0,0.0,0.0
2011-09-16 17:00:00,PV_H072,0.0,0.0,0.0,0.0
2011-09-16 17:00:00,PV_H073,0.0,0.0,0.0,0.0
2011-09-16 17:00:00,PV_H074,0.0,0.0,0.0,0.0
2011-09-16 17:00:00,PV_H076,0.0,0.0,0.0,0.0
2011-09-16 17:00:00,PV_H077,0.0,0.0,0.0,0.0
2011-09-16 17:00:00,PV_H078,0.0,0.0,0.0,0.0
2011-09-16 17:00:00,PV_H079,0.0,0.0,0.0,0.0
2011-09-16 17:00:00,PV_H080,0.0,0.0,0.0,0.0
2011-09-16 17:00:00,PV_H081,0.0,0.0,0.0,0.0
2011-09-16 17:00:00,PV_H082,0.0,0.0,0.0,0.0
2011-09-16 17:00:00,PV_H083,0.0,0.0,0.0,0.0
2011-09-16 17:00:00,PV_H085,0.0,0.0,0.0,0.0
2011-09-16 17:00:00,PV_H087,0.0,0.0,0.0,0.0
2011-09-16 17:00:00,PV_H088,0.0,0.0,0.0,0.0
2011-09-16 17:00:00,PV_H090,0.0,0.0,0.0,0.0
2011-09-16 17:00:00,PV_H093,0.0,0.0,0.0,0.0
2011-09-16 17:00:00,PV_H094,0.0,0.0,0.0,0.0
2011-09-16 17:00:00,PV_H095,0.0,0.0,0.0,0.0
2011-09-16 17:00:00,PV_H096,0.0,0.0,0.0,0.0
2011-09-16 17:00:00,PV_H098,0.0,0.0,0.0,0.0
2011-09-16 17:00:00,PV_H099,0.0,0.0,0.0,0.0
2011-09-16 17:15:00,PV_H002,0.0,0.0,0.0,0.0
2011-09-16 17:15:00,PV_H003,0.0,0.0,0.0,0.0
2011-09-16 17:15:00,PV_H005,0.0,0.0,0.0,0.0
2011-09-16 17:15:00,PV_H006,0.0,0.0,0.0,0.0
2011-09-16 17:15:00,PV_H007,0.0,0.0,0.0,0.0
2011-09-16 17:15:00,PV_H010,0.0,0.0,0.0,0.0
2011-09-16 17:15:00,PV_H016,0.0,0.0,0.0,0.0
2011-09-16 17:15:00,PV_H017,0.0,0.0,0.0,0.0
2011-09-16 17:15:00,PV_H018,0.0,0.0,0.0,0.0
2011-09-16 17:15:00,PV_H021,0.0,0.0,0.0,0.0
2011-09-16 17:15:00,PV_H024,0.0,0.0,0.0,0.0
2011-09-16 17:15:00,PV_H025,0.0,0.0,0.0,0.0
2011-09-16 17:15:00,PV_H026,0.0,0.0,0.0,0.0
2011-09-16 17:15:00,PV_H027,0.0,0.0,0.0,0.0
2011-09-16 17:15:00,PV_H032,0.0,0.0,0.0,0.0
2011-09-16 17:15:00,PV_H033,0.0,0.0,0.0,0.0
2011-09-16 17:15:00,PV_H034,0.0,0.0,0.0,0.0
2011-09-16 17:15:00,PV_H035,0.0,0.0,0.0,0.0
2011-09-16 17:15:00,PV_H036,0.0,0.0,0.0,0.0
2011-09-16 17:15:00,PV_H037,0.0,0.0,0.0,0.0
2011-09-16 17:15:00,PV_H040,0.0,0.0,0.0,0.0
2011-09-16 17:15:00,PV_H042,0.0,0.0,0.0,0.0
2011-09-16 17:15:00,PV_H044,0.0,0.0,0.0,0.0
2011-09-16 17:15:00,PV_H046,0.0,0.0,0.0,0.0
2011-09-16 17:15:00,PV_H048,0.0,0.0,0.0,0.0
2011-09-16 17:15:00,PV_H049,0.0,0.0,0.0,0.0
2011-09-16 17:15:00,PV_H050,0.0,0.0,0.0,0.0
2011-09-16 17:15:00,PV_H053,0.0,0.0,0.0,0.0
2011-09-16 17:15:00,PV_H055,0.0,0.0,0.0,0.0
2011-09-16 17:15:00,PV_H057,0.0,0.0,0.0,0.0
2011-09-16 17:15:00,PV_H058,0.0,0.0,0.0,0.0
2011-09-16 17:15:00,PV_H060,0.0,0.0,0.0,0.0
2011-09-16 17:15:00,PV_H061,0.0,0.0,0.0,0.0
2011-09-16 17:15:00,PV_H062,0.0,0.0,0.0,0.0
2011-09-16 17:15:00,PV_H063,0.0,0.0,0.0,0.0
2011-09-16 17:15:00,PV_H066,0.0,0.0,0.0,0.0
2011-09-16 17:15:00,PV_H067,0.0,0.0,0.0,0.0
2011-09-16 17:15:00,PV_H069,0.0,0.0,0.0,0.0
2011-09-16 17:15:00,PV_H071,0.0,0.0,0.0,0.0
2011-09-16 17:15:00,PV_H072,0.0,0.0,0.0,0.0
2011-09-16 17:15:00,PV_H073,0.0,0.0,0.0,0.0
2011-09-16 17:15:00,PV_H074,0.0,0.0,0.0,0.0
2011-09-16 17:15:00,PV_H076,0.0,0.0,0.0,0.0
2011-09-16 17:15:00,PV_H077,0.0,0.0,0.0,0.0
2011-09-16 17:15:00,PV_H078,0.0,0.0,0.0,0.0
2011-09-16 17:15:00,PV_H079,0.0,0.0,0.0,0.0
2011-09-16 17:15:00,PV_H080,0.0,0.0,0.0,0.0
2011-09-16 17:15:00,PV_H081,0.0,0.0,0.0,0.0
2011-09-16 17:15:00,PV_H082,0.0,0.0,0.0,0.0
2011-09-16 17:15:00,PV_H083,0.0,0.0,0.0,0.0
2011-09-16 17:15:00,PV_H085,0.0,0.0,0.0,0.0
2011-09-16 17:15:00,PV_H087,0.0,0.0,0.0,0.0
2011-09-16 17:15:00,PV_H088,0.0,0.0,0.0,0.0
2011-09-16 17:15:00,PV_H090,0.0,0.0,0.0,0.0
2011-09-16 17:15:00,PV_H093,0.0,0.0,0.0,0.0
2011-09-16 17:15:00,PV_H094,0.0,0.0,0.0,0.0
2011-09-16 17:15:00,PV_H095,0.0,0.0,0.0,0.0
2011-09-16 17:15:00,PV_H096,0.0,0.0,0.0,0.0
2011-09-16 17:15:00,PV_H098,0.0,0.0,0.0,0.0
2011-09-16 17:15:00,PV_H099,0.0,0.0,0.0,0.0
