timestamp,required_reserve_kw,available_reserve_kw,reserve_shortfall_kw,bess_reserve_kw,ev_reserve_kw,forecast_uncertainty_kw,reserve_status
2011-09-16 13:30:00,12.7,25.0,0.0,25.0,0.0,25.39,SUFFICIENT
2011-09-16 13:45:00,15.0,25.0,0.0,25.0,0.0,29.99,SUFFICIENT
2011-09-16 14:00:00,16.78,25.0,0.0,25.0,0.0,33.56,SUFFICIENT
2011-09-16 14:15:00,18.18,25.0,0.0,25.0,0.0,36.35,SUFFICIENT
2011-09-16 14:30:00,19.8,25.0,0.0,25.0,0.0,39.6,SUFFICIENT
2011-09-16 14:45:00,20.37,25.0,0.0,25.0,0.0,40.74,SUFFICIENT
2011-09-16 15:00:00,21.45,25.0,0.0,25.0,0.0,42.9,SUFFICIENT
2011-09-16 15:15:00,23.11,25.0,0.0,25.0,0.0,46.21,SUFFICIENT
2011-09-16 15:30:00,24.78,25.0,0.0,25.0,0.0,49.56,SUFFICIENT
2011-09-16 15:45:00,25.65,25.0,0.65,25.0,0.0,51.29,DEFICIT
2011-09-16 16:00:00,21.74,25.0,0.0,25.0,0.0,43.47,SUFFICIENT
2011-09-16 16:15:00,20.93,25.0,0.0,25.0,0.0,41.87,SUFFICIENT
2011-09-16 16:30:00,20.03,45.76,0.0,25.0,20.76,40.07,SUFFICIENT
2011-09-16 16:45:00,19.02,73.6,0.0,25.0,48.6,38.05,SUFFICIENT
2011-09-16 17:00:00,20.63,96.04,0.0,25.0,71.04,41.25,SUFFICIENT
2011-09-16 17:15:00,19.91,122.28,0.0,25.0,97.28,39.81,SUFFICIENT
