timestamp,CRIT_001
2026-01-15 00:00,4.829
2026-01-15 00:15,4.7422
2026-01-15 00:30,5.0753
2026-01-15 00:45,4.8977
2026-01-15 01:00,4.7408
2026-01-15 01:15,5.0874
2026-01-15 01:30,5.2634
2026-01-15 01:45,5.2628
2026-01-15 02:00,5.1446
2026-01-15 02:15,5.2688
2026-01-15 02:30,5.0323
2026-01-15 02:45,5.1232
2026-01-15 03:00,5.4819
2026-01-15 03:15,5.3121
2026-01-15 03:30,5.4658
2026-01-15 03:45,5.4888
2026-01-15 04:00,5.5989
2026-01-15 04:15,5.6252
2026-01-15 04:30,5.8226
2026-01-15 04:45,5.9104
2026-01-15 05:00,6.2323
2026-01-15 05:15,6.2937
2026-01-15 05:30,6.6017
2026-01-15 05:45,6.4312
2026-01-15 06:00,6.8483
2026-01-15 06:15,6.7847
2026-01-15 06:30,7.2803
2026-01-15 06:45,7.0363
2026-01-15 07:00,7.6082
2026-01-15 07:15,7.6192
2026-01-15 07:30,7.9658
2026-01-15 07:45,8.2295
2026-01-15 08:00,8.6247
2026-01-15 08:15,9.0603
2026-01-15 08:30,9.3318
2026-01-15 08:45,9.615
2026-01-15 09:00,9.9955
2026-01-15 09:15,10.0373
2026-01-15 09:30,10.4687
2026-01-15 09:45,10.8648
2026-01-15 10:00,10.6436
2026-01-15 10:15,11.2978
2026-01-15 10:30,11.2127
2026-01-15 10:45,11.5501
2026-01-15 11:00,11.7355
2026-01-15 11:15,11.6831
2026-01-15 11:30,12.0
2026-01-15 11:45,11.8992
2026-01-15 12:00,12.0
2026-01-15 12:15,12.0
2026-01-15 12:30,12.0
2026-01-15 12:45,11.9986
2026-01-15 13:00,11.7071
2026-01-15 13:15,11.4379
2026-01-15 13:30,11.4452
2026-01-15 13:45,11.5114
2026-01-15 14:00,10.8864
2026-01-15 14:15,10.9208
2026-01-15 14:30,10.3443
2026-01-15 14:45,10.1223
2026-01-15 15:00,10.1036
2026-01-15 15:15,9.4391
2026-01-15 15:30,9.3427
2026-01-15 15:45,8.963
2026-01-15 16:00,8.7585
2026-01-15 16:15,8.2146
2026-01-15 16:30,8.0756
2026-01-15 16:45,7.6732
2026-01-15 17:00,7.5107
2026-01-15 17:15,7.2786
2026-01-15 17:30,6.9447
2026-01-15 17:45,6.9933
2026-01-15 18:00,6.5465
2026-01-15 18:15,6.5003
2026-01-15 18:30,6.0025
2026-01-15 18:45,6.2104
2026-01-15 19:00,6.1623
2026-01-15 19:15,5.7188
2026-01-15 19:30,5.7196
2026-01-15 19:45,5.6545
2026-01-15 20:00,5.369
2026-01-15 20:15,5.3587
2026-01-15 20:30,5.1718
2026-01-15 20:45,5.1594
2026-01-15 21:00,4.9742
2026-01-15 21:15,5.2335
2026-01-15 21:30,5.3186
2026-01-15 21:45,5.225
2026-01-15 22:00,5.1384
2026-01-15 22:15,4.9718
2026-01-15 22:30,5.4572
2026-01-15 22:45,5.1925
2026-01-15 23:00,5.1017
2026-01-15 23:15,5.096
2026-01-15 23:30,4.9115
2026-01-15 23:45,4.8558
