timestamp,PV_H002,PV_H003,PV_H005,PV_H006,PV_H007,PV_H010,PV_H016,PV_H017,PV_H018,PV_H021,PV_H024,PV_H025,PV_H026,PV_H027,PV_H032,PV_H033,PV_H034,PV_H035,PV_H036,PV_H037,PV_H040,PV_H042,PV_H044,PV_H046,PV_H048,PV_H049,PV_H050,PV_H053,PV_H055,PV_H057,PV_H058,PV_H060,PV_H061,PV_H062,PV_H063,PV_H066,PV_H067,PV_H069,PV_H071,PV_H072,PV_H073,PV_H074,PV_H076,PV_H077,PV_H078,PV_H079,PV_H080,PV_H081,PV_H082,PV_H083,PV_H085,PV_H087,PV_H088,PV_H090,PV_H093,PV_H094,PV_H095,PV_H096,PV_H098,PV_H099
2026-01-15 00:00,0.0,0.0,0.0,0.0,0.0,0.0,0.0,0.0,0.0,0.0,0.0,0.0,0.0,0.0,0.0,0.0,0.0,0.0,0.0,0.0,0.0,0.0,0.0,0.0,0.0,0.0,0.0,0.0,0.0,0.0,0.0,0.0,0.0,0.0,0.0,0.0,0.0,0.0,0.0,0.0,0.0,0.0,0.0,0.0,0.0,0.0,0.0,0.0,0.0,0.0,0.0,0.0,0.0,0.0,0.0,0.0,0.0,0.0,0.0,0.0
2026-01-15 00:15,0.0,0.0,0.0,0.0,0.0,0.0,0.0,0.0,0.0,0.0,0.0,0.0,0.0,0.0,0.0,0.0,0.0,0.0,0.0,0.0,0.0,0.0,0.0,0.0,0.0,0.0,0.0,0.0,0.0,0.0,0.0,0.0,0.0,0.0,0.0,0.0,0.0,0.0,0.0,0.0,0.0,0.0,0.0,0.0,0.0,0.0,0.0,0.0,0.0,0.0,0.0,0.0,0.0,0.0,0.0,0.0,0.0,0.0,0.0,0.0
2026-01-15 00:30,0.0,0.0,0.0,0.0,0.0,0.0,0.0,0.0,0.0,0.0,0.0,0.0,0.0,0.0,0.0,0.0,0.0,0.0,0.0,0.0,0.0,0.0,0.0,0.0,0.0,0.0,0.0,0.0,0.0,0.0,0.0,0.0,0.0,0.0,0.0,0.0,0.0,0.0,0.0,0.0,0.0,0.0,0.0,0.0,0.0,0.0,0.0,0.0,0.0,0.0,0.0,0.0,0.0,0.0,0.0,0.0,0.0,0.0,0.0,0.0
2026-01-15 00:45,0.0,0.0,0.0,0.0,0.0,0.0,0.0,0.0,0.0,0.0,0.0,0.0,0.0,0.0,0.0,0.0,0.0,0.0,0.0,0.0,0.0,0.0,0.0,0.0,0.0,0.0,0.0,0.0,0.0,0.0,0.0,0.0,0.0,0.0,0.0,0.0,0.0,0.0,0.0,0.0,0.0,0.0,0.0,0.0,0.0,0.0,0.0,0.0,0.0,0.0,0.0,0.0,0.0,0.0,0.0,0.0,0.0,0.0,0.0,0.0
2026-01-15 01:00,0.0,0.0,0.0,0.0,0.0,0.0,0.0,0.0,0.0,0.0,0.0,0.0,0.0,0.0,0.0,0.0,0.0,0.0,0.0,0.0,0.0,0.0,0.0,0.0,0.0,0.0,0.0,0.0,0.0,0.0,0.0,0.0,0.0,0.0,0.0,0.0,0.0,0.0,0.0,0.0,0.0,0.0,0.0,0.0,0.0,0.0,0.0,0.0,0.0,0.0,0.0,0.0,0.0,0.0,0.0,0.0,0.0,0.0,0.0,0.0
2026-01-15 01:15,0.0,0.0,0.0,0.0,0.0,0.0,0.0,0.0,0.0,0.0,0.0,0.0,0.0,0.0,0.0,0.0,0.0,0.0,0.0,0.0,0.0,0.0,0.0,0.0,0.0,0.0,0.0,0.0,0.0,0.0,0.0,0.0,0.0,0.0,0.0,0.0,0.0,0.0,0.0,0.0,0.0,0.0,0.0,0.0,0.0,0.0,0.0,0.0,0.0,0.0,0.0,0.0,0.0,0.0,0.0,0.0,0.0,0.0,0.0,0.0
2026-01-15 01:30,0.0,0.0,0.0,0.0,0.0,0.0,0.0,0.0,0.0,0.0,0.0,0.0,0.0,0.0,0.0,0.0,0.0,0.0,0.0,0.0,0.0,0.0,0.0,0.0,0.0,0.0,0.0,0.0,0.0,0.0,0.0,0.0,0.0,0.0,0.0,0.0,0.0,0.0,0.0,0.0,0.0,0.0,0.0,0.0,0.0,0.0,0.0,0.0,0.0,0.0,0.0,0.0,0.0,0.0,0.0,0.0,0.0,0.0,0.0,0.0
2026-01-15 01:45,0.0,0.0,0.0,0.0,0.0,0.0,0.0,0.0,0.0,0.0,0.0,0.0,0.0,0.0,0.0,0.0,0.0,0.0,0.0,0.0,0.0,0.0,0.0,0.0,0.0,0.0,0.0,0.0,0.0,0.0,0.0,0.0,0.0,0.0,0.0,0.0,0.0,0.0,0.0,0.0,0.0,0.0,0.0,0.0,0.0,0.0,0.0,0.0,0.0,0.0,0.0,0.0,0.0,0.0,0.0,0.0,0.0,0.0,0.0,0.0
2026-01-15 02:00,0.0,0.0,0.0,0.0,0.0,0.0,0.0,0.0,0.0,0.0,0.0,0.0,0.0,0.0,0.0,0.0,0.0,0.0,0.0,0.0,0.0,0.0,0.0,0.0,0.0,0.0,0.0,0.0,0.0,0.0,0.0,0.0,0.0,0.0,0.0,0.0,0.0,0.0,0.0,0.0,0.0,0.0,0.0,0.0,0.0,0.0,0.0,0.0,0.0,0.0,0.0,0.0,0.0,0.0,0.0,0.0,0.0,0.0,0.0,0.0
2026-01-15 02:15,0.0,0.0,0.0,0.0,0.0,0.0,0.0,0.0,0.0,0.0,0.0,0.0,0.0,0.0,0.0,0.0,0.0,0.0,0.0,0.0,0.0,0.0,0.0,0.0,0.0,0.0,0.0,0.0,0.0,0.0,0.0,0.0,0.0,0.0,0.0,0.0,0.0,0.0,0.0,0.0,0.0,0.0,0.0,0.0,0.0,0.0,0.0,0.0,0.0,0.0,0.0,0.0,0.0,0.0,0.0,0.0,0.0,0.0,0.0,0.0
2026-01-15 02:30,0.0,0.0,0.0,0.0,0.0,0.0,0.0,0.0,0.0,0.0,0.0,0.0,0.0,0.0,0.0,0.0,0.0,0.0,0.0,0.0,0.0,0.0,0.0,0.0,0.0,0.0,0.0,0.0,0.0,0.0,0.0,0.0,0.0,0.0,0.0,0.0,0.0,0.0,0.0,0.0,0.0,0.0,0.0,0.0,0.0,0.0,0.0,0.0,0.0,0.0,0.0,0.0,0.0,0.0,0.0,0.0,0.0,0.0,0.0,0.0
2026-01-15 02:45,0.0,0.0,0.0,0.0,0.0,0.0,0.0,0.0,0.0,0.0,0.0,0.0,0.0,0.0,0.0,0.0,0.0,0.0,0.0,0.0,0.0,0.0,0.0,0.0,0.0,0.0,0.0,0.0,0.0,0.0,0.0,0.0,0.0,0.0,0.0,0.0,0.0,0.0,0.0,0.0,0.0,0.0,0.0,0.0,0.0,0.0,0.0,0.0,0.0,0.0,0.0,0.0,0.0,0.0,0.0,0.0,0.0,0.0,0.0,0.0
2026-01-15 03:00,0.0,0.0,0.0,0.0,0.0,0.0,0.0,0.0,0.0,0.0,0.0,0.0,0.0,0.0,0.0,0.0,0.0,0.0,0.0,0.0,0.0,0.0,0.0,0.0,0.0,0.0,0.0,0.0,0.0,0.0,0.0,0.0,0.0,0.0,0.0,0.0,0.0,0.0,0.0,0.0,0.0,0.0,0.0,0.0,0.0,0.0,0.0,0.0,0.0,0.0,0.0,0.0,0.0,0.0,0.0,0.0,0.0,0.0,0.0,0.0
2026-01-15 03:15,0.0,0.0,0.0,0.0,0.0,0.0,0.0,0.0,0.0,0.0,0.0,0.0,0.0,0.0,0.0,0.0,0.0,0.0,0.0,0.0,0.0,0.0,0.0,0.0,0.0,0.0,0.0,0.0,0.0,0.0,0.0,0.0,0.0,0.0,0.0,0.0,0.0,0.0,0.0,0.0,0.0,0.0,0.0,0.0,0.0,0.0,0.0,0.0,0.0,0.0,0.0,0.0,0.0,0.0,0.0,0.0,0.0,0.0,0.0,0.0
2026-01-15 03:30,0.0,0.0,0.0,0.0,0.0,0.0,0.0,0.0,0.0,0.0,0.0,0.0,0.0,0.0,0.0,0.0,0.0,0.0,0.0,0.0,0.0,0.0,0.0,0.0,0.0,0.0,0.0,0.0,0.0,0.0,0.0,0.0,0.0,0.0,0.0,0.0,0.0,0.0,0.0,0.0,0.0,0.0,0.0,0.0,0.0,0.0,0.0,0.0,0.0,0.0,0.0,0.0,0.0,0.0,0.0,0.0,0.0,0.0,0.0,0.0
2026-01-15 03:45,0.0,0.0,0.0,0.0,0.0,0.0,0.0,0.0,0.0,0.0,0.0,0.0,0.0,0.0,0.0,0.0,0.0,0.0,0.0,0.0,0.0,0.0,0.0,0.0,0.0,0.0,0.0,0.0,0.0,0.0,0.0,0.0,0.0,0.0,0.0,0.0,0.0,0.0,0.0,0.0,0.0,0.0,0.0,0.0,0.0,0.0,0.0,0.0,0.0,0.0,0.0,0.0,0.0,0.0,0.0,0.0,0.0,0.0,0.0,0.0
2026-01-15 04:00,0.0,0.0,0.0,0.0,0.0,0.0,0.0,0.0,0.0,0.0,0.0,0.0,0.0,0.0,0.0,0.0,0.0,0.0,0.0,0.0,0.0,0.0,0.0,0.0,0.0,0.0,0.0,0.0,0.0,0.0,0.0,0.0,0.0,0.0,0.0,0.0,0.0,0.0,0.0,0.0,0.0,0.0,0.0,0.0,0.0,0.0,0.0,0.0,0.0,0.0,0.0,0.0,0.0,0.0,0.0,0.0,0.0,0.0,0.0,0.0
2026-01-15 04:15,0.0,0.0,0.0,0.0,0.0,0.0,0.0,0.0,0.0,0.0,0.0,0.0,0.0,0.0,0.0,0.0,0.0,0.0,0.0,0.0,0.0,0.0,0.0,0.0,0.0,0.0,0.0,0.0,0.0,0.0,0.0,0.0,0.0,0.0,0.0,0.0,0.0,0.0,0.0,0.0,0.0,0.0,0.0,0.0,0.0,0.0,0.0,0.0,0.0,0.0,0.0,0.0,0.0,0.0,0.0,0.0,0.0,0.0,0.0,0.0
2026-01-15 04:30,0.0,0.0,0.0,0.0,0.0,0.0,0.0,0.0,0.0,0.0,0.0,0.0,0.0,0.0,0.0,0.0,0.0,0.0,0.0,0.0,0.0,0.0,0.0,0.0,0.0,0.0,0.0,0.0,0.0,0.0,0.0,0.0,0.0,0.0,0.0,0.0,0.0,0.0,0.0,0.0,0.0,0.0,0.0,0.0,0.0,0.0,0.0,0.0,0.0,0.0,0.0,0.0,0.0,0.0,0.0,0.0,0.0,0.0,0.0,0.0
2026-01-15 04:45,0.0,0.0,0.0,0.0,0.0,0.0,0.0,0.0,0.0,0.0,0.0,0.0,0.0,0.0,0.0,0.0,0.0,0.0,0.0,0.0,0.0,0.0,0.0,0.0,0.0,0.0,0.0,0.0,0.0,0.0,0.0,0.0,0.0,0.0,0.0,0.0,0.0,0.0,0.0,0.0,0.0,0.0,0.0,0.0,0.0,0.0,0.0,0.0,0.0,0.0,0.0,0.0,0.0,0.0,0.0,0.0,0.0,0.0,0.0,0.0
2026-01-15 05:00,0.0,0.0,0.0,0.0,0.0,0.0,0.0,0.0,0.0,0.0,0.0,0.0,0.0,0.0,0.0,0.0,0.0,0.0,0.0,0.0,0.0,0.0,0.0,0.0,0.0,0.0,0.0,0.0,0.0,0.0,0.0,0.0,0.0,0.0,0.0,0.0,0.0,0.0,0.0,0.0,0.0,0.0,0.0,0.0,0.0,0.0,0.0,0.0,0.0,0.0,0.0,0.0,0.0,0.0,0.0,0.0,0.0,0.0,0.0,0.0
2026-01-15 05:15,0.0,0.0,0.0,0.0,0.0,0.0,0.0,0.0,0.0,0.0,0.0,0.0,0.0,0.0,0.0,0.0,0.0,0.0,0.0,0.0,0.0,0.0,0.0,0.0,0.0,0.0,0.0,0.0,0.0,0.0,0.0,0.0,0.0,0.0,0.0,0.0,0.0,0.0,0.0,0.0,0.0,0.0,0.0,0.0,0.0,0.0,0.0,0.0,0.0,0.0,0.0,0.0,0.0,0.0,0.0,0.0,0.0,0.0,0.0,0.0
2026-01-15 05:30,0.0,0.0,0.0,0.0,0.0,0.0,0.0,0.0,0.0,0.0,0.0,0.0,0.0,0.0,0.0,0.0,0.0,0.0,0.0,0.0,0.0,0.0,0.0,0.0,0.0,0.0,0.0,0.0,0.0,0.0,0.0,0.0,0.0,0.0,0.0,0.0,0.0,0.0,0.0,0.0,0.0,0.0,0.0,0.0,0.0,0.0,0.0,0.0,0.0,0.0,0.0,0.0,0.0,0.0,0.0,0.0,0.0,0.0,0.0,0.0
2026-01-15 05:45,0.0,0.0,0.0,0.0,0.0,0.0,0.0,0.0,0.0,0.0,0.0,0.0,0.0,0.0,0.0,0.0,0.0,0.0,0.0,0.0,0.0,0.0,0.0,0.0,0.0,0.0,0.0,0.0,0.0,0.0,0.0,0.0,0.0,0.0,0.0,0.0,0.0,0.0,0.0,0.0,0.0,0.0,0.0,0.0,0.0,0.0,0.0,0.0,0.0,0.0,0.0,0.0,0.0,0.0,0.0,0.0,0.0,0.0,0.0,0.0
2026-01-15 06:00,0.0,0.0,0.0,0.0,0.0,0.0,0.0,0.0,0.0,0.0,0.0,0.0,0.0,0.0,0.0,0.0,0.0,0.0,0.0,0.0,0.0,0.0,0.0,0.0,0.0,0.0,0.0,0.0,0.0,0.0,0.0,0.0,0.0,0.0,0.0,0.0,0.0,0.0,0.0,0.0,0.0,0.0,0.0,0.0,0.0,0.0,0.0,0.0,0.0,0.0,0.0,0.0,0.0,0.0,0.0,0.0,0.0,0.0,0.0,0.0
2026-01-15 06:15,0.1575,0.1306,0.1372,0.0873,0.1667,0.1267,0.0929,0.1542,0.0962,0.2115,0.0815,0.1618,0.1562,0.1572,0.1244,0.0999,0.158,0.1176,0.1536,0.1374,0.1762,0.1119,0.1351,0.1852,0.1334,0.1225,0.1552,0.188,0.1097,0.1915,0.1269,0.2352,0.1327,0.2603,0.1683,0.181,0.1115,0.1475,0.1907,0.2124,0.1586,0.1755,0.2131,0.2017,0.111,0.1212,0.1754,0.1716,0.1125,0.1266,0.1639,0.191,0.0879,0.1914,0.2194,0.1167,0.1155,0.1776,0.1343,0.1254
2026-01-15 06:30,0.3459,0.2959,0.299,0.1954,0.3677,0.2892,0.202,0.3327,0.2147,0.4615,0.1836,0.3571,0.3507,0.3495,0.2795,0.228,0.3419,0.2628,0.3399,0.297,0.3897,0.2467,0.3052,0.4044,0.2826,0.2648,0.3414,0.4328,0.2379,0.4245,0.2808,0.5193,0.2943,0.5848,0.3747,0.402,0.2402,0.3166,0.4287,0.4781,0.355,0.3799,0.4689,0.445,0.2418,0.2689,0.4063,0.3779,0.2382,0.2801,0.3581,0.4308,0.1946,0.4167,0.4654,0.2574,0.2535,0.3884,0.2932,0.2767
2026-01-15 06:45,0.5316,0.452,0.4744,0.3137,0.5778,0.451,0.3376,0.5405,0.3395,0.7488,0.2919,0.5722,0.5524,0.5313,0.4374,0.3677,0.5633,0.4218,0.5271,0.4717,0.6146,0.3989,0.4756,0.6504,0.4611,0.436,0.548,0.6716,0.3811,0.6848,0.451,0.8289,0.4753,0.9154,0.5987,0.6453,0.3924,0.4956,0.6956,0.7526,0.5537,0.6025,0.735,0.7143,0.3965,0.426,0.6111,0.6008,0.387,0.4374,0.5618,0.6961,0.3043,0.6586,0.7713,0.4145,0.398,0.6242,0.4798,0.4403
2026-01-15 07:00,0.7529,0.6319,0.6441,0.4425,0.7965,0.6404,0.4601,0.7353,0.4791,1.0205,0.4109,0.8022,0.7646,0.757,0.6186,0.5023,0.7806,0.5882,0.7341,0.6502,0.8603,0.5489,0.6529,0.9125,0.6257,0.5695,0.7379,0.9266,0.5264,0.9239,0.6136,1.1336,0.6651,1.2719,0.8259,0.8539,0.5457,0.6988,0.9765,1.0279,0.7715,0.8488,1.0086,0.992,0.5298,0.6009,0.8891,0.809,0.5263,0.6334,0.7709,0.9362,0.4196,0.909,1.035,0.5941,0.5601,0.8616,0.6627,0.623
2026-01-15 07:15,0.9617,0.8231,0.8315,0.5506,1.0354,0.807,0.5719,0.9534,0.6119,1.3351,0.5137,1.044,0.9476,0.97,0.8,0.6348,1.0076,0.7267,0.9415,0.8262,1.0819,0.7033,0.8531,1.1508,0.8054,0.7483,0.9606,1.1668,0.691,1.1942,0.8061,1.4377,0.8422,1.6852,1.0508,1.1378,0.6899,0.8995,1.2406,1.3214,0.9683,1.0913,1.2948,1.2339,0.7043,0.7656,1.0962,1.0868,0.6909,0.7996,1.0119,1.1961,0.545,1.1826,1.3153,0.7548,0.7194,1.0788,0.8614,0.782
2026-01-15 07:30,1.1658,0.9902,1.0038,0.6738,1.2738,0.9805,0.7053,1.1562,0.7153,1.5916,0.6494,1.2119,1.1999,1.1893,0.9781,0.7936,1.2003,0.9117,1.176,1.0466,1.3696,0.861,1.0102,1.4517,0.9848,0.9276,1.1688,1.4561,0.8394,1.4479,0.9805,1.8098,1.022,2.0388,1.2999,1.3714,0.8366,1.0902,1.4756,1.6295,1.2102,1.333,1.5836,1.562,0.8584,0.9412,1.3242,1.2913,0.8404,0.964,1.2298,1.4717,0.6708,1.4684,1.6195,0.894,0.8635,1.3179,1.0289,0.9418
2026-01-15 07:45,1.381,1.1817,1.2131,0.8,1.5087,1.164,0.8446,1.3388,0.8808,1.9222,0.7425,1.4354,1.4004,1.4142,1.137,0.9335,1.435,1.0605,1.3983,1.2346,1.6152,1.0077,1.2169,1.6695,1.1959,1.1007,1.4176,1.6709,0.9952,1.7233,1.1729,2.1292,1.1977,2.4297,1.5398,1.6665,1.0284,1.2998,1.734,1.9346,1.4132,1.5825,1.8821,1.8451,0.9903,1.1111,1.6237,1.5029,0.9749,1.1616,1.4139,1.7249,0.7877,1.6645,1.9332,1.073,1.0388,1.5806,1.2257,1.1309
2026-01-15 08:00,1.618,1.306,1.3791,0.9304,1.6531,1.3238,0.9452,1.5757,1.0089,2.1596,0.8556,1.6626,1.6186,1.6114,1.3353,1.0745,1.6216,1.2246,1.6032,1.4229,1.867,1.1626,1.4017,1.9529,1.3486,1.279,1.6495,1.9859,1.1387,1.975,1.3839,2.4407,1.399,2.7252,1.7807,1.9039,1.1775,1.4783,2.014,2.1733,1.6645,1.7819,2.1924,2.1093,1.1269,1.286,1.8239,1.7232,1.138,1.318,1.6632,2.0163,0.9116,1.9968,2.238,1.2153,1.1678,1.8678,1.3584,1.3262
2026-01-15 08:15,1.8302,1.5289,1.588,1.03,1.9458,1.4911,1.0872,1.7731,1.1469,2.4579,0.9616,1.9328,1.8374,1.8401,1.5167,1.2223,1.8532,1.3917,1.7843,1.5351,2.0992,1.3277,1.6293,2.2386,1.5728,1.4145,1.8019,2.1957,1.3019,2.2555,1.5296,2.7583,1.5636,3.1095,1.9538,2.1561,1.2631,1.6905,2.242,2.5218,1.8342,1.9858,2.4932,2.3326,1.3072,1.4667,2.1157,1.9481,1.2673,1.4753,1.9498,2.2307,1.0468,2.273,2.4824,1.3989,1.3362,2.0519,1.5935,1.4691
2026-01-15 08:30,2.0268,1.6704,1.7765,1.1436,2.1901,1.6414,1.218,2.0115,1.2538,2.7955,1.0771,2.0861,1.9665,2.067,1.6762,1.3594,2.055,1.518,2.0557,1.7225,2.3243,1.5019,1.7823,2.398,1.7049,1.6195,2.0497,2.4765,1.4387,2.4697,1.642,3.0718,1.7252,3.4168,2.2328,2.3607,1.4742,1.9255,2.5868,2.7918,2.0951,2.2444,2.6994,2.6591,1.4609,1.6253,2.3793,2.1275,1.4071,1.6464,2.1007,2.5377,1.1851,2.4491,2.7576,1.5502,1.4865,2.346,1.8068,1.6341
2026-01-15 08:45,2.2187,1.8608,1.9024,1.2723,2.4402,1.8663,1.2952,2.202,1.4139,3.0352,1.1882,2.3121,2.2152,2.1808,1.8047,1.5259,2.2648,1.7159,2.2338,1.9395,2.5577,1.6552,1.9144,2.6073,1.9179,1.7504,2.2311,2.7306,1.5857,2.7092,1.8495,3.3455,1.896,3.8402,2.4112,2.6021,1.5645,2.0727,2.6918,3.0398,2.262,2.4763,2.9792,2.8604,1.5297,1.7882,2.463,2.4577,1.5733,1.8393,2.2718,2.7719,1.2367,2.7034,3.0408,1.6924,1.6679,2.5441,1.9463,1.7888
2026-01-15 09:00,2.3947,1.9438,2.129,1.4308,2.5491,2.0393,1.4598,2.3894,1.487,3.278,1.2497,2.4645,2.4263,2.4108,2.011,1.5784,2.4866,1.7718,2.415,2.1038,2.7479,1.7892,2.1338,2.9351,2.0101,1.8966,2.434,2.9552,1.7365,2.9306,1.9634,3.6936,2.0746,4.1657,2.6222,2.7737,1.7231,2.2566,3.0322,3.2225,2.53,2.7155,3.2287,3.0704,1.6818,1.9308,2.7444,2.6255,1.7146,1.9285,2.5127,3.0529,1.3571,3.028,3.3058,1.8493,1.7534,2.8731,2.0649,2.0507
2026-01-15 09:15,2.6012,2.1744,2.3131,1.4789,2.8319,2.1817,1.5565,2.5304,1.5904,3.4924,1.3925,2.7106,2.6721,2.62,2.1015,1.7173,2.622,1.9416,2.5274,2.2355,3.0315,1.895,2.2787,3.1012,2.2273,2.0418,2.5563,3.1514,1.8175,3.0538,2.0937,3.8676,2.2745,4.3881,2.7109,3.0448,1.8797,2.3627,3.1964,3.4855,2.6763,2.9965,3.4691,3.257,1.8528,2.0478,2.9734,2.8064,1.8018,2.1039,2.697,3.2676,1.4386,3.2033,3.4928,1.9842,1.9222,2.9586,2.217,2.091
2026-01-15 09:30,2.7373,2.3589,2.3717,1.6184,2.9248,2.263,1.6495,2.6696,1.684,3.7397,1.4379,2.8286,2.7508,2.7598,2.281,1.8917,2.862,2.0874,2.6962,2.4826,3.2173,1.9576,2.4017,3.25,2.3053,2.1845,2.7318,3.3127,1.9132,3.3831,2.3069,4.2625,2.4031,4.662,3.0245,3.2002,1.975,2.5569,3.4199,3.7097,2.8191,3.0534,3.6761,3.6623,1.9487,2.2044,3.1976,2.9896,1.8985,2.2661,2.883,3.5617,1.5658,3.3731,3.8401,2.0702,2.0538,3.0299,2.3517,2.2384
2026-01-15 09:45,2.9272,2.467,2.4956,1.6594,3.1805,2.3961,1.7726,2.9124,1.814,4.0624,1.5519,3.0034,2.9251,3.0552,2.3751,1.9429,2.9358,2.2069,2.7924,2.5477,3.431,2.0837,2.5145,3.4469,2.462,2.2718,2.9686,3.5567,2.0287,3.5317,2.4047,4.3182,2.5294,4.944,3.1961,3.4255,2.1259,2.665,3.622,4.0149,2.9773,3.3856,3.8859,3.8204,2.0473,2.3097,3.2911,3.1597,2.0052,2.3947,3.079,3.6459,1.6312,3.5973,4.0746,2.243,2.1037,3.3835,2.4917,2.4165
2026-01-15 10:00,3.0014,2.5011,2.6605,1.7204,3.2838,2.5241,1.8096,2.9811,1.9392,4.2536,1.6118,3.1699,3.0883,3.0766,2.4618,2.0022,3.1207,2.307,3.038,2.6121,3.6159,2.2314,2.6374,3.6573,2.5926,2.3413,3.044,3.6119,2.175,3.7002,2.5058,4.5739,2.6382,5.2594,3.2349,3.564,2.1564,2.8708,3.7959,4.2042,3.1756,3.4244,4.1178,3.9587,2.1579,2.4823,3.4918,3.3238,2.1323,2.4622,3.2168,3.7958,1.7166,3.7608,4.1113,2.3883,2.294,3.4562,2.5751,2.4808
2026-01-15 10:15,3.1657,2.6461,2.751,1.8337,3.36,2.6395,1.9046,3.1564,1.9797,4.3779,1.7234,3.3645,3.1195,3.1896,2.5778,2.0742,3.2052,2.3495,3.055,2.7611,3.7774,2.3715,2.7925,3.8356,2.713,2.4705,3.2269,3.9541,2.2645,3.954,2.6131,4.8739,2.7524,5.3905,3.4632,3.7103,2.2542,2.8885,3.968,4.3277,3.308,3.5821,4.3115,4.1482,2.3343,2.5049,3.6588,3.5176,2.2363,2.5274,3.3445,3.9662,1.7875,3.9089,4.3798,2.4565,2.3367,3.6137,2.7356,2.5381
2026-01-15 10:30,3.1883,2.7871,2.8533,1.8969,3.4433,2.7363,1.9755,3.1404,2.1205,4.6097,1.7862,3.498,3.2643,3.2685,2.6807,2.1979,3.3646,2.4914,3.2871,2.9276,3.7349,2.4267,2.9327,3.8958,2.8202,2.5953,3.3169,3.9997,2.3104,4.0599,2.6041,5.0408,2.8772,5.5084,3.5541,3.8141,2.3914,3.0594,4.1227,4.5273,3.2875,3.7579,4.389,4.3423,2.3543,2.6452,3.7418,3.5903,2.2938,2.6145,3.4319,4.1979,1.8547,4.11,4.5647,2.5463,2.4607,3.7279,2.8051,2.713
2026-01-15 10:45,3.3695,2.8169,2.8955,1.9476,3.6186,2.909,1.9894,3.4033,2.0666,4.7281,1.824,3.5556,3.4382,3.434,2.8007,2.2703,3.5455,2.5448,3.3736,2.9775,3.8785,2.55,2.9822,4.0064,2.8584,2.6948,3.3935,4.2644,2.4428,4.2239,2.7493,5.2609,2.9093,5.8404,3.719,4.0098,2.4182,3.1726,4.1474,4.6294,3.437,3.8931,4.4933,4.4446,2.4057,2.6062,3.9427,3.7197,2.3813,2.819,3.5036,4.1854,1.9019,4.1547,4.6803,2.5613,2.5487,3.8695,2.8318,2.8197
2026-01-15 11:00,3.4503,2.8841,3.0465,1.9646,3.7009,2.8783,2.0507,3.431,2.1695,4.5897,1.8377,3.6334,3.5527,3.4797,2.7987,2.2646,3.5471,2.6843,3.4772,3.0424,4.0734,2.478,3.0749,4.1552,3.026,2.7547,3.4843,4.2486,2.4722,4.2467,2.9388,5.351,3.0034,5.9569,3.7181,4.1044,2.4682,3.1068,4.399,4.7483,3.5837,3.8329,4.6243,4.5516,2.5138,2.7256,3.9953,3.7737,2.42,2.8239,3.6641,4.332,1.9833,4.197,4.8093,2.6539,2.525,3.9267,2.9504,2.8489
2026-01-15 11:15,3.538,2.9603,3.0909,2.0,3.8019,3.0122,2.0973,3.448,2.2552,4.8409,1.8718,3.7583,3.4665,3.514,2.9112,2.3793,3.6486,2.7212,3.49,3.0587,4.1,2.55,3.1258,4.1552,2.9966,2.77,3.5559,4.3432,2.4545,4.2985,2.9146,5.5177,3.07,5.9791,3.9141,4.2502,2.5736,3.1904,4.3713,4.7409,3.5635,4.0,4.69,4.555,2.5321,2.85,4.0397,3.8379,2.4839,2.8984,3.6816,4.3868,2.0096,4.2555,4.8525,2.698,2.5909,4.0603,3.0097,2.8724
2026-01-15 11:30,3.5372,3.0539,3.0672,2.0,3.9151,2.9409,2.1,3.507,2.2346,4.8719,1.9265,3.7842,3.6521,3.54,2.8781,2.3682,3.6423,2.73,3.49,3.1781,4.1,2.55,3.1532,4.2142,2.9557,2.77,3.6421,4.4098,2.5395,4.34,3.0,5.4387,3.07,6.0,3.88,4.3262,2.6267,3.3563,4.4602,4.9983,3.71,4.0681,4.69,4.6992,2.5764,2.85,4.0988,3.9865,2.599,2.9276,3.6827,4.42,2.0099,4.33,4.9971,2.76,2.6575,4.0437,3.0997,2.9056
2026-01-15 11:45,3.697,3.0814,3.17,2.0,3.93,2.9972,2.1,3.4167,2.3086,5.0358,1.912,3.7243,3.6386,3.54,2.9519,2.4128,3.7721,2.7787,3.49,3.1746,4.1,2.55,3.2019,4.27,3.11,2.77,3.679,4.4822,2.6093,4.34,2.9593,5.4691,3.07,6.0,3.9439,4.3099,2.6128,3.4188,4.546,4.9074,3.6891,4.0572,4.69,4.8264,2.593,2.85,4.14,3.9743,2.5106,2.9106,3.82,4.42,2.1065,4.33,5.0774,2.76,2.66,4.1257,3.1444,2.9887
2026-01-15 12:00,3.6618,3.0045,3.1412,2.0,3.9066,2.9488,2.1,3.589,2.3009,4.9846,1.9073,3.7927,3.6418,3.54,3.0324,2.4029,3.7198,2.7217,3.49,3.2085,4.1,2.55,3.2729,4.27,3.1003,2.77,3.625,4.407,2.5536,4.34,3.0,5.4275,3.07,6.0,4.0129,4.2681,2.6276,3.3627,4.57,4.8625,3.71,4.1,4.69,4.6818,2.6182,2.85,4.14,4.0344,2.5621,3.037,3.7942,4.42,2.0885,4.33,4.9749,2.76,2.66,4.1882,3.16,2.9985
2026-01-15 12:15,3.5875,3.0949,3.0926,2.0,3.9178,3.02,2.1,3.4964,2.2472,4.9837,1.869,3.8081,3.6125,3.54,3.0042,2.3629,3.7575,2.7257,3.49,3.1831,4.1,2.55,3.2334,4.27,3.0361,2.77,3.6801,4.4798,2.6066,4.34,3.0,5.4549,3.07,6.0,4.02,4.2926,2.5559,3.3578,4.57,5.0002,3.71,4.1,4.69,4.7242,2.6818,2.85,4.14,3.9994,2.5749,2.9941,3.8097,4.42,2.0544,4.33,5.0813,2.76,2.66,4.2338,3.16,3.022
2026-01-15 12:30,3.6637,2.9816,3.17,2.0,3.791,2.9597,2.1,3.4578,2.2743,5.0532,1.8833,3.7835,3.5909,3.54,2.9133,2.42,3.7296,2.7378,3.4586,3.2128,4.1,2.55,3.1871,4.2521,3.1095,2.77,3.6586,4.4083,2.613,4.34,3.0,5.4423,3.07,6.0,4.02,4.2521,2.6266,3.314,4.5542,4.8352,3.71,4.1,4.69,4.6585,2.5207,2.85,4.14,3.9586,2.5178,3.0015,3.8194,4.42,2.0674,4.33,4.9235,2.76,2.66,4.1099,3.1164,2.9052
2026-01-15 12:45,3.6906,2.9386,3.1462,2.0,3.929,2.9562,2.1,3.5082,2.2244,4.9065,1.8743,3.8061,3.5327,3.54,2.9469,2.4155,3.7565,2.7992,3.49,3.1288,4.1,2.55,3.1299,4.239,3.0805,2.77,3.5906,4.4332,2.5684,4.34,3.0,5.4858,3.07,6.0,3.8751,4.2256,2.63,3.3356,4.5545,4.8229,3.6716,4.0683,4.69,4.83,2.5381,2.85,4.14,3.7991,2.4633,2.9954,3.7905,4.42,2.0268,4.33,4.9636,2.76,2.5666,4.085,3.16,2.9478
2026-01-15 13:00,3.6012,2.8986,3.1224,2.0,3.8277,2.9602,2.1,3.5088,2.2561,4.8474,1.895,3.7384,3.5945,3.54,2.8725,2.3287,3.5594,2.7176,3.49,3.1694,4.1,2.55,3.0976,4.27,2.9843,2.77,3.4939,4.3827,2.4971,4.34,2.9064,5.3255,2.9844,6.0,3.8673,4.156,2.5436,3.2921,4.2978,4.7457,3.7033,4.0493,4.69,4.5748,2.5384,2.8065,4.0553,3.8586,2.5098,2.8511,3.7563,4.4186,1.982,4.33,5.0147,2.6957,2.6529,4.0455,3.0547,2.833
2026-01-15 13:15,3.3645,2.912,3.0171,2.0,3.7547,2.7919,2.1,3.3418,2.2449,4.6845,1.8405,3.5985,3.3953,3.4246,2.8638,2.306,3.6137,2.6174,3.4525,3.0319,3.9747,2.55,3.0228,4.1814,2.9534,2.7046,3.4302,4.2856,2.4442,4.2292,2.9088,5.3279,2.9674,5.9001,3.7572,4.0875,2.4287,3.1617,4.2536,4.6292,3.5,3.9198,4.69,4.5632,2.4869,2.7405,3.9613,3.7909,2.4626,2.8319,3.6678,4.3619,1.989,4.33,4.757,2.6509,2.5586,3.9525,3.0297,2.8266
2026-01-15 13:30,3.2958,2.7821,2.9277,1.9952,3.6346,2.823,2.0235,3.3206,2.0729,4.6378,1.8124,3.493,3.4336,3.4001,2.828,2.1979,3.5244,2.5754,3.2997,2.9608,3.7017,2.5229,3.0226,4.0772,2.9244,2.6962,3.3815,4.2718,2.4038,4.1814,2.8135,5.2197,2.9008,5.798,3.696,4.0224,2.545,3.1585,4.296,4.6829,3.4794,3.917,4.5668,4.3734,2.3992,2.6962,3.8643,3.7495,2.4012,2.7385,3.5277,4.2374,1.911,4.104,4.6892,2.6462,2.441,3.8006,2.9854,2.7403
2026-01-15 13:45,3.2666,2.6515,2.8503,1.8375,3.6384,2.7884,2.0041,3.2271,2.0546,4.4774,1.7361,3.3672,3.2939,3.2548,2.735,2.2099,3.388,2.4583,3.282,2.8554,3.8905,2.4464,2.8026,3.9595,2.7183,2.6007,3.2893,3.9947,2.2969,4.0896,2.7184,4.9726,2.85,5.6378,3.6356,3.829,2.3614,3.0965,4.1103,4.534,3.3966,3.7735,4.5181,4.4693,2.3071,2.6037,3.7391,3.5647,2.3347,2.6599,3.4412,4.2095,1.8958,4.0396,4.5669,2.5692,2.4383,3.7904,2.8279,2.7156
2026-01-15 14:00,3.1926,2.6274,2.8386,1.8789,3.2744,2.6934,1.8576,3.0891,2.0137,4.361,1.7084,3.3665,3.2958,3.2159,2.5531,2.1596,3.34,2.3974,3.1221,2.783,3.6174,2.3079,2.8629,3.8675,2.7204,2.494,3.2026,3.9014,2.347,3.879,2.6959,4.7184,2.7644,5.5245,3.483,3.7338,2.2773,2.941,4.0839,4.3698,3.3251,3.652,4.3129,4.2165,2.2406,2.4825,3.5812,3.4458,2.2149,2.6563,3.3008,4.0895,1.8477,3.9218,4.451,2.4292,2.3039,3.6468,2.7068,2.5357
2026-01-15 14:15,3.0703,2.504,2.637,1.7282,3.2965,2.5645,1.7821,2.992,1.8935,4.1261,1.6167,3.2532,3.0732,3.0512,2.4682,2.0345,3.1417,2.2699,3.0068,2.6807,3.6345,2.2288,2.6601,3.766,2.5498,2.4165,3.0832,3.6098,2.1572,3.7525,2.488,4.6679,2.6057,5.2404,3.3011,3.5926,2.2018,2.7751,3.8119,4.1332,3.164,3.3796,4.026,3.9787,2.1573,2.4831,3.4863,3.3149,2.1373,2.4714,3.2286,3.8671,1.7482,3.7211,4.1969,2.3482,2.2394,3.4889,2.5839,2.4856
2026-01-15 14:30,2.8566,2.4058,2.3985,1.7334,3.2335,2.4323,1.7852,2.8106,1.8084,3.9766,1.5377,2.984,2.9677,2.8898,2.3891,1.9312,2.978,2.1963,2.8599,2.5449,3.385,2.0929,2.5628,3.4931,2.5301,2.2473,2.9524,3.4556,2.0937,3.6045,2.3344,4.2811,2.5614,5.032,3.0981,3.5321,2.1281,2.7027,3.5909,3.9012,2.9973,3.3285,3.9477,3.6708,2.098,2.3461,3.3855,3.1443,2.032,2.4157,3.0442,3.6103,1.6421,3.5868,3.9487,2.2252,2.2329,3.2924,2.5327,2.368
2026-01-15 14:45,2.7982,2.2824,2.4147,1.588,2.9341,2.2665,1.6454,2.7124,1.7665,3.6826,1.4546,2.8438,2.7629,2.7776,2.2708,1.7996,2.7854,2.039,2.7373,2.3355,3.1685,2.0153,2.3991,3.3119,2.412,2.105,2.739,3.3414,1.9885,3.3743,2.2898,4.1714,2.3761,4.6589,2.9197,3.1889,1.9655,2.5743,3.3978,3.7108,2.8547,3.0174,3.7086,3.5611,1.979,2.1724,3.1606,3.0117,1.9477,2.2227,2.884,3.4091,1.5765,3.4099,3.8833,2.1121,2.0432,3.1004,2.4157,2.234
2026-01-15 15:00,0.7508,0.65,0.6889,0.4405,0.8239,0.6545,0.4729,0.7708,0.479,1.0787,0.408,0.8191,0.7693,0.7798,0.6288,0.5083,0.8018,0.5818,0.766,0.6809,0.8848,0.5612,0.6865,0.9283,0.6503,0.5926,0.7834,0.9534,0.5461,0.9513,0.6572,1.2275,0.6734,1.3177,0.8533,0.9251,0.5614,0.7304,0.9667,1.0676,0.8025,0.8898,1.0237,1.0072,0.5567,0.6014,0.8833,0.8334,0.5381,0.6346,0.8138,0.9876,0.4377,0.971,1.0986,0.5954,0.5722,0.8768,0.6616,0.6152
2026-01-15 15:15,0.7148,0.6077,0.6257,0.4163,0.7801,0.5918,0.4346,0.7173,0.4447,0.988,0.379,0.7535,0.7216,0.7223,0.5916,0.4829,0.7118,0.5446,0.7068,0.6279,0.8561,0.5384,0.6284,0.863,0.6207,0.5591,0.7425,0.8777,0.5114,0.8872,0.5869,1.1058,0.6118,1.2376,0.7808,0.8674,0.5192,0.6823,0.8885,0.9747,0.7542,0.8258,0.9678,0.9465,0.5153,0.566,0.8309,0.8012,0.5024,0.5945,0.774,0.9166,0.4024,0.8763,0.9955,0.5508,0.5267,0.8216,0.6181,0.6033
2026-01-15 15:30,0.6731,0.5628,0.6001,0.3779,0.6988,0.5627,0.3929,0.6473,0.406,0.912,0.3599,0.7072,0.6722,0.6697,0.5448,0.4429,0.6685,0.491,0.6648,0.5793,0.7547,0.4943,0.5941,0.7771,0.5796,0.5204,0.6628,0.8045,0.4657,0.8222,0.5488,1.0101,0.5808,1.1657,0.7303,0.7911,0.4744,0.6192,0.8387,0.913,0.6995,0.7588,0.9029,0.8834,0.4826,0.5399,0.7706,0.7228,0.4546,0.5508,0.6967,0.7994,0.3716,0.8212,0.9269,0.5061,0.4858,0.744,0.5723,0.5571
2026-01-15 15:45,0.6076,0.5112,0.5353,0.3557,0.6464,0.5042,0.3568,0.5887,0.3768,0.8515,0.32,0.6445,0.5894,0.6142,0.4946,0.4151,0.6269,0.4461,0.6094,0.5442,0.6829,0.4327,0.5348,0.707,0.5053,0.4667,0.6046,0.7422,0.422,0.7442,0.5008,0.9091,0.5121,1.0291,0.6574,0.7313,0.4383,0.5466,0.7624,0.8018,0.6365,0.692,0.7914,0.7638,0.4236,0.4847,0.6866,0.671,0.4165,0.4886,0.6217,0.7524,0.3374,0.7693,0.8396,0.4775,0.4542,0.6993,0.5181,0.4958
2026-01-15 16:00,0.5522,0.4635,0.4669,0.3136,0.5874,0.452,0.326,0.5432,0.3444,0.7512,0.2959,0.5715,0.5413,0.5379,0.4532,0.367,0.5602,0.4103,0.5436,0.4784,0.6179,0.4071,0.4749,0.6483,0.4647,0.4256,0.5495,0.6735,0.3908,0.6653,0.4518,0.8062,0.4694,0.9368,0.604,0.6545,0.3968,0.5138,0.6868,0.7516,0.5569,0.6286,0.7316,0.7257,0.387,0.4343,0.6313,0.5837,0.3832,0.4385,0.5806,0.6945,0.304,0.6691,0.7615,0.4075,0.3967,0.6252,0.4644,0.4508
2026-01-15 16:15,1.5965,1.3527,1.3994,0.9399,1.7739,1.3493,0.9724,1.5597,1.0125,2.1894,0.8491,1.6936,1.6536,1.6323,1.3116,1.0742,1.6323,1.2287,1.53,1.3968,1.8414,1.179,1.4201,1.9119,1.3331,1.2959,1.6222,1.9903,1.1803,1.9851,1.3552,2.4658,1.3782,2.7641,1.7697,1.8809,1.1523,1.484,2.0558,2.2225,1.6369,1.8055,2.2143,2.0652,1.1392,1.2364,1.8265,1.7324,1.1312,1.2975,1.6937,2.0306,0.9015,1.97,2.2234,1.2238,1.1642,1.8503,1.4067,1.3058
2026-01-15 16:30,1.3798,1.1574,1.2246,0.8067,1.51,1.178,0.8523,1.3496,0.8662,1.9173,0.7323,1.477,1.3641,1.3806,1.1376,0.9243,1.422,1.0663,1.3732,1.2176,1.606,1.0147,1.2182,1.6866,1.1912,1.0859,1.3633,1.7196,0.993,1.7122,1.1735,2.0628,1.1952,2.4251,1.5404,1.6829,1.0068,1.2679,1.7977,1.9121,1.4289,1.6266,1.8318,1.8206,0.9734,1.1229,1.5686,1.5354,0.9872,1.1722,1.4795,1.7621,0.803,1.7173,1.9157,1.0811,1.0263,1.5992,1.1905,1.1504
2026-01-15 16:45,1.2084,1.0099,1.0346,0.6686,1.267,0.973,0.7052,1.152,0.7341,1.5808,0.6295,1.2082,1.2005,1.1816,0.9747,0.8052,1.1938,0.8876,1.1528,1.0472,1.3549,0.8623,1.0422,1.4465,0.9991,0.9241,1.1583,1.4158,0.8307,1.4546,0.9988,1.7932,1.0305,1.9722,1.3023,1.4242,0.8662,1.0839,1.4618,1.6203,1.2037,1.3843,1.6105,1.5503,0.8419,0.916,1.3592,1.2633,0.8059,0.9682,1.2243,1.5016,0.6627,1.4437,1.6701,0.9333,0.88,1.3263,1.0503,0.9365
2026-01-15 17:00,0.9706,0.7945,0.838,0.5522,1.0392,0.7812,0.5773,0.958,0.6156,1.3244,0.5284,0.9695,0.9735,0.961,0.8054,0.6245,0.9682,0.7385,0.9434,0.8343,1.1233,0.6851,0.8574,1.1612,0.819,0.7524,0.979,1.1723,0.6827,1.1748,0.7865,1.4708,0.8461,1.6426,1.053,1.1352,0.7248,0.8817,1.2137,1.316,0.9846,1.1069,1.2788,1.3004,0.6584,0.7566,1.0859,1.0465,0.6831,0.7905,0.9903,1.2197,0.5618,1.1973,1.3259,0.7519,0.7209,1.1105,0.8349,0.7682
2026-01-15 17:15,0.7468,0.622,0.6537,0.4342,0.7934,0.6368,0.4435,0.7277,0.4632,1.0573,0.394,0.794,0.7754,0.7478,0.6119,0.5025,0.7525,0.5728,0.726,0.6678,0.8471,0.5451,0.6526,0.917,0.6462,0.5803,0.7501,0.9382,0.5422,0.9077,0.628,1.1662,0.646,1.3116,0.8333,0.8764,0.5363,0.6975,0.9571,1.0182,0.7669,0.8382,1.0396,0.9826,0.5465,0.5991,0.8762,0.8312,0.5114,0.6137,0.8115,0.9646,0.4316,0.9265,1.0228,0.5749,0.5549,0.8539,0.6644,0.6289
2026-01-15 17:30,0.5413,0.4589,0.4649,0.3112,0.5891,0.4568,0.3274,0.5195,0.3464,0.7477,0.29,0.563,0.5503,0.5429,0.4581,0.3641,0.5587,0.4219,0.543,0.48,0.6367,0.4071,0.4755,0.6559,0.4583,0.4258,0.5484,0.6817,0.3896,0.6669,0.4529,0.8344,0.4716,0.9018,0.5998,0.6421,0.3899,0.5102,0.6665,0.7495,0.5699,0.6155,0.7325,0.6852,0.4035,0.4311,0.6255,0.5954,0.3783,0.4454,0.5556,0.6765,0.3107,0.6714,0.7423,0.4216,0.404,0.5988,0.4745,0.4518
2026-01-15 17:45,0.3411,0.2848,0.2986,0.1947,0.3742,0.2716,0.2131,0.3324,0.209,0.4639,0.1814,0.3482,0.3412,0.3433,0.2855,0.23,0.3451,0.2598,0.3401,0.3022,0.3952,0.2502,0.3036,0.4051,0.2876,0.2707,0.3501,0.4171,0.2443,0.4206,0.2838,0.5224,0.2925,0.5824,0.3653,0.4048,0.2497,0.3132,0.429,0.4596,0.3507,0.3908,0.4627,0.4484,0.2474,0.2779,0.3893,0.3749,0.2434,0.2778,0.3594,0.4331,0.1858,0.4057,0.4754,0.26,0.2549,0.394,0.2963,0.2825
2026-01-15 18:00,0.1535,0.1307,0.1368,0.0889,0.1627,0.1348,0.094,0.1516,0.0962,0.2139,0.0833,0.1598,0.1543,0.1571,0.1251,0.103,0.1605,0.1164,0.1562,0.1322,0.18,0.1131,0.136,0.1857,0.1327,0.1199,0.1522,0.1837,0.1078,0.1867,0.1273,0.2349,0.1328,0.269,0.1633,0.1833,0.1079,0.1439,0.1919,0.2108,0.157,0.1731,0.2123,0.1948,0.1118,0.1237,0.1755,0.172,0.1077,0.1238,0.1594,0.195,0.0869,0.1913,0.2108,0.1213,0.1151,0.1769,0.1353,0.1291
2026-01-15 18:15,0.0,0.0,0.0,0.0,0.0,0.0,0.0,0.0,0.0,0.0,0.0,0.0,0.0,0.0,0.0,0.0,0.0,0.0,0.0,0.0,0.0,0.0,0.0,0.0,0.0,0.0,0.0,0.0,0.0,0.0,0.0,0.0,0.0,0.0,0.0,0.0,0.0,0.0,0.0,0.0,0.0,0.0,0.0,0.0,0.0,0.0,0.0,0.0,0.0,0.0,0.0,0.0,0.0,0.0,0.0,0.0,0.0,0.0,0.0,0.0
2026-01-15 18:30,0.0,0.0,0.0,0.0,0.0,0.0,0.0,0.0,0.0,0.0,0.0,0.0,0.0,0.0,0.0,0.0,0.0,0.0,0.0,0.0,0.0,0.0,0.0,0.0,0.0,0.0,0.0,0.0,0.0,0.0,0.0,0.0,0.0,0.0,0.0,0.0,0.0,0.0,0.0,0.0,0.0,0.0,0.0,0.0,0.0,0.0,0.0,0.0,0.0,0.0,0.0,0.0,0.0,0.0,0.0,0.0,0.0,0.0,0.0,0.0
2026-01-15 18:45,0.0,0.0,0.0,0.0,0.0,0.0,0.0,0.0,0.0,0.0,0.0,0.0,0.0,0.0,0.0,0.0,0.0,0.0,0.0,0.0,0.0,0.0,0.0,0.0,0.0,0.0,0.0,0.0,0.0,0.0,0.0,0.0,0.0,0.0,0.0,0.0,0.0,0.0,0.0,0.0,0.0,0.0,0.0,0.0,0.0,0.0,0.0,0.0,0.0,0.0,0.0,0.0,0.0,0.0,0.0,0.0,0.0,0.0,0.0,0.0
2026-01-15 19:00,0.0,0.0,0.0,0.0,0.0,0.0,0.0,0.0,0.0,0.0,0.0,0.0,0.0,0.0,0.0,0.0,0.0,0.0,0.0,0.0,0.0,0.0,0.0,0.0,0.0,0.0,0.0,0.0,0.0,0.0,0.0,0.0,0.0,0.0,0.0,0.0,0.0,0.0,0.0,0.0,0.0,0.0,0.0,0.0,0.0,0.0,0.0,0.0,0.0,0.0,0.0,0.0,0.0,0.0,0.0,0.0,0.0,0.0,0.0,0.0
2026-01-15 19:15,0.0,0.0,0.0,0.0,0.0,0.0,0.0,0.0,0.0,0.0,0.0,0.0,0.0,0.0,0.0,0.0,0.0,0.0,0.0,0.0,0.0,0.0,0.0,0.0,0.0,0.0,0.0,0.0,0.0,0.0,0.0,0.0,0.0,0.0,0.0,0.0,0.0,0.0,0.0,0.0,0.0,0.0,0.0,0.0,0.0,0.0,0.0,0.0,0.0,0.0,0.0,0.0,0.0,0.0,0.0,0.0,0.0,0.0,0.0,0.0
2026-01-15 19:30,0.0,0.0,0.0,0.0,0.0,0.0,0.0,0.0,0.0,0.0,0.0,0.0,0.0,0.0,0.0,0.0,0.0,0.0,0.0,0.0,0.0,0.0,0.0,0.0,0.0,0.0,0.0,0.0,0.0,0.0,0.0,0.0,0.0,0.0,0.0,0.0,0.0,0.0,0.0,0.0,0.0,0.0,0.0,0.0,0.0,0.0,0.0,0.0,0.0,0.0,0.0,0.0,0.0,0.0,0.0,0.0,0.0,0.0,0.0,0.0
2026-01-15 19:45,0.0,0.0,0.0,0.0,0.0,0.0,0.0,0.0,0.0,0.0,0.0,0.0,0.0,0.0,0.0,0.0,0.0,0.0,0.0,0.0,0.0,0.0,0.0,0.0,0.0,0.0,0.0,0.0,0.0,0.0,0.0,0.0,0.0,0.0,0.0,0.0,0.0,0.0,0.0,0.0,0.0,0.0,0.0,0.0,0.0,0.0,0.0,0.0,0.0,0.0,0.0,0.0,0.0,0.0,0.0,0.0,0.0,0.0,0.0,0.0
2026-01-15 20:00,0.0,0.0,0.0,0.0,0.0,0.0,0.0,0.0,0.0,0.0,0.0,0.0,0.0,0.0,0.0,0.0,0.0,0.0,0.0,0.0,0.0,0.0,0.0,0.0,0.0,0.0,0.0,0.0,0.0,0.0,0.0,0.0,0.0,0.0,0.0,0.0,0.0,0.0,0.0,0.0,0.0,0.0,0.0,0.0,0.0,0.0,0.0,0.0,0.0,0.0,0.0,0.0,0.0,0.0,0.0,0.0,0.0,0.0,0.0,0.0
2026-01-15 20:15,0.0,0.0,0.0,0.0,0.0,0.0,0.0,0.0,0.0,0.0,0.0,0.0,0.0,0.0,0.0,0.0,0.0,0.0,0.0,0.0,0.0,0.0,0.0,0.0,0.0,0.0,0.0,0.0,0.0,0.0,0.0,0.0,0.0,0.0,0.0,0.0,0.0,0.0,0.0,0.0,0.0,0.0,0.0,0.0,0.0,0.0,0.0,0.0,0.0,0.0,0.0,0.0,0.0,0.0,0.0,0.0,0.0,0.0,0.0,0.0
2026-01-15 20:30,0.0,0.0,0.0,0.0,0.0,0.0,0.0,0.0,0.0,0.0,0.0,0.0,0.0,0.0,0.0,0.0,0.0,0.0,0.0,0.0,0.0,0.0,0.0,0.0,0.0,0.0,0.0,0.0,0.0,0.0,0.0,0.0,0.0,0.0,0.0,0.0,0.0,0.0,0.0,0.0,0.0,0.0,0.0,0.0,0.0,0.0,0.0,0.0,0.0,0.0,0.0,0.0,0.0,0.0,0.0,0.0,0.0,0.0,0.0,0.0
2026-01-15 20:45,0.0,0.0,0.0,0.0,0.0,0.0,0.0,0.0,0.0,0.0,0.0,0.0,0.0,0.0,0.0,0.0,0.0,0.0,0.0,0.0,0.0,0.0,0.0,0.0,0.0,0.0,0.0,0.0,0.0,0.0,0.0,0.0,0.0,0.0,0.0,0.0,0.0,0.0,0.0,0.0,0.0,0.0,0.0,0.0,0.0,0.0,0.0,0.0,0.0,0.0,0.0,0.0,0.0,0.0,0.0,0.0,0.0,0.0,0.0,0.0
2026-01-15 21:00,0.0,0.0,0.0,0.0,0.0,0.0,0.0,0.0,0.0,0.0,0.0,0.0,0.0,0.0,0.0,0.0,0.0,0.0,0.0,0.0,0.0,0.0,0.0,0.0,0.0,0.0,0.0,0.0,0.0,0.0,0.0,0.0,0.0,0.0,0.0,0.0,0.0,0.0,0.0,0.0,0.0,0.0,0.0,0.0,0.0,0.0,0.0,0.0,0.0,0.0,0.0,0.0,0.0,0.0,0.0,0.0,0.0,0.0,0.0,0.0
2026-01-15 21:15,0.0,0.0,0.0,0.0,0.0,0.0,0.0,0.0,0.0,0.0,0.0,0.0,0.0,0.0,0.0,0.0,0.0,0.0,0.0,0.0,0.0,0.0,0.0,0.0,0.0,0.0,0.0,0.0,0.0,0.0,0.0,0.0,0.0,0.0,0.0,0.0,0.0,0.0,0.0,0.0,0.0,0.0,0.0,0.0,0.0,0.0,0.0,0.0,0.0,0.0,0.0,0.0,0.0,0.0,0.0,0.0,0.0,0.0,0.0,0.0
2026-01-15 21:30,0.0,0.0,0.0,0.0,0.0,0.0,0.0,0.0,0.0,0.0,0.0,0.0,0.0,0.0,0.0,0.0,0.0,0.0,0.0,0.0,0.0,0.0,0.0,0.0,0.0,0.0,0.0,0.0,0.0,0.0,0.0,0.0,0.0,0.0,0.0,0.0,0.0,0.0,0.0,0.0,0.0,0.0,0.0,0.0,0.0,0.0,0.0,0.0,0.0,0.0,0.0,0.0,0.0,0.0,0.0,0.0,0.0,0.0,0.0,0.0
2026-01-15 21:45,0.0,0.0,0.0,0.0,0.0,0.0,0.0,0.0,0.0,0.0,0.0,0.0,0.0,0.0,0.0,0.0,0.0,0.0,0.0,0.0,0.0,0.0,0.0,0.0,0.0,0.0,0.0,0.0,0.0,0.0,0.0,0.0,0.0,0.0,0.0,0.0,0.0,0.0,0.0,0.0,0.0,0.0,0.0,0.0,0.0,0.0,0.0,0.0,0.0,0.0,0.0,0.0,0.0,0.0,0.0,0.0,0.0,0.0,0.0,0.0
2026-01-15 22:00,0.0,0.0,0.0,0.0,0.0,0.0,0.0,0.0,0.0,0.0,0.0,0.0,0.0,0.0,0.0,0.0,0.0,0.0,0.0,0.0,0.0,0.0,0.0,0.0,0.0,0.0,0.0,0.0,0.0,0.0,0.0,0.0,0.0,0.0,0.0,0.0,0.0,0.0,0.0,0.0,0.0,0.0,0.0,0.0,0.0,0.0,0.0,0.0,0.0,0.0,0.0,0.0,0.0,0.0,0.0,0.0,0.0,0.0,0.0,0.0
2026-01-15 22:15,0.0,0.0,0.0,0.0,0.0,0.0,0.0,0.0,0.0,0.0,0.0,0.0,0.0,0.0,0.0,0.0,0.0,0.0,0.0,0.0,0.0,0.0,0.0,0.0,0.0,0.0,0.0,0.0,0.0,0.0,0.0,0.0,0.0,0.0,0.0,0.0,0.0,0.0,0.0,0.0,0.0,0.0,0.0,0.0,0.0,0.0,0.0,0.0,0.0,0.0,0.0,0.0,0.0,0.0,0.0,0.0,0.0,0.0,0.0,0.0
2026-01-15 22:30,0.0,0.0,0.0,0.0,0.0,0.0,0.0,0.0,0.0,0.0,0.0,0.0,0.0,0.0,0.0,0.0,0.0,0.0,0.0,0.0,0.0,0.0,0.0,0.0,0.0,0.0,0.0,0.0,0.0,0.0,0.0,0.0,0.0,0.0,0.0,0.0,0.0,0.0,0.0,0.0,0.0,0.0,0.0,0.0,0.0,0.0,0.0,0.0,0.0,0.0,0.0,0.0,0.0,0.0,0.0,0.0,0.0,0.0,0.0,0.0
2026-01-15 22:45,0.0,0.0,0.0,0.0,0.0,0.0,0.0,0.0,0.0,0.0,0.0,0.0,0.0,0.0,0.0,0.0,0.0,0.0,0.0,0.0,0.0,0.0,0.0,0.0,0.0,0.0,0.0,0.0,0.0,0.0,0.0,0.0,0.0,0.0,0.0,0.0,0.0,0.0,0.0,0.0,0.0,0.0,0.0,0.0,0.0,0.0,0.0,0.0,0.0,0.0,0.0,0.0,0.0,0.0,0.0,0.0,0.0,0.0,0.0,0.0
2026-01-15 23:00,0.0,0.0,0.0,0.0,0.0,0.0,0.0,0.0,0.0,0.0,0.0,0.0,0.0,0.0,0.0,0.0,0.0,0.0,0.0,0.0,0.0,0.0,0.0,0.0,0.0,0.0,0.0,0.0,0.0,0.0,0.0,0.0,0.0,0.0,0.0,0.0,0.0,0.0,0.0,0.0,0.0,0.0,0.0,0.0,0.0,0.0,0.0,0.0,0.0,0.0,0.0,0.0,0.0,0.0,0.0,0.0,0.0,0.0,0.0,0.0
2026-01-15 23:15,0.0,0.0,0.0,0.0,0.0,0.0,0.0,0.0,0.0,0.0,0.0,0.0,0.0,0.0,0.0,0.0,0.0,0.0,0.0,0.0,0.0,0.0,0.0,0.0,0.0,0.0,0.0,0.0,0.0,0.0,0.0,0.0,0.0,0.0,0.0,0.0,0.0,0.0,0.0,0.0,0.0,0.0,0.0,0.0,0.0,0.0,0.0,0.0,0.0,0.0,0.0,0.0,0.0,0.0,0.0,0.0,0.0,0.0,0.0,0.0
2026-01-15 23:30,0.0,0.0,0.0,0.0,0.0,0.0,0.0,0.0,0.0,0.0,0.0,0.0,0.0,0.0,0.0,0.0,0.0,0.0,0.0,0.0,0.0,0.0,0.0,0.0,0.0,0.0,0.0,0.0,0.0,0.0,0.0,0.0,0.0,0.0,0.0,0.0,0.0,0.0,0.0,0.0,0.0,0.0,0.0,0.0,0.0,0.0,0.0,0.0,0.0,0.0,0.0,0.0,0.0,0.0,0.0,0.0,0.0,0.0,0.0,0.0
2026-01-15 23:45,0.0,0.0,0.0,0.0,0.0,0.0,0.0,0.0,0.0,0.0,0.0,0.0,0.0,0.0,0.0,0.0,0.0,0.0,0.0,0.0,0.0,0.0,0.0,0.0,0.0,0.0,0.0,0.0,0.0,0.0,0.0,0.0,0.0,0.0,0.0,0.0,0.0,0.0,0.0,0.0,0.0,0.0,0.0,0.0,0.0,0.0,0.0,0.0,0.0,0.0,0.0,0.0,0.0,0.0,0.0,0.0,0.0,0.0,0.0,0.0
